{
  "total_trades": 3,
  "winning_trades": 1,
  "losing_trades": 2,
  "win_rate": 33.33333333333333,
  "total_profit": -338.10833187580147,
  "average_profit": -112.70277729193383,
  "max_profit": 628.7543799102197,
  "max_loss": -862.4529820561548,
  "profit_factor": 0.6503036803940484,
  "current_balance": 9661.891668124199,
  "total_return": -3.3810833187580105
}