{
  "total_trades": 3,
  "winning_trades": 0,
  "losing_trades": 3,
  "win_rate": 0.0,
  "total_profit": -11902.833948395753,
  "average_profit": -3967.6113161319176,
  "max_profit": -66.12664604011799,
  "max_loss": -6116.888921527121,
  "profit_factor": 0.0,
  "current_balance": -1902.8339483957534,
  "total_return": -119.02833948395752
}