timestamp,open,high,low,close,volume
2024-01-01 00:00:00,34997.0,35000.0,34932.0,34964.0,7106.0
2024-01-01 00:01:00,34972.0,34976.0,34930.0,34943.0,12927.0
2024-01-01 00:02:00,34950.0,35096.0,34934.0,35084.0,4941.0
2024-01-01 00:03:00,35078.0,35155.0,35069.0,35128.0,8935.0
2024-01-01 00:04:00,35127.0,35136.0,34998.0,35024.0,5327.0
2024-01-01 00:05:00,35039.0,35057.0,34947.0,34981.0,6362.0
2024-01-01 00:06:00,34966.0,35027.0,34966.0,35005.0,7580.0
2024-01-01 00:07:00,35001.0,35026.0,34992.0,35012.0,5320.0
2024-01-01 00:08:00,35010.0,35052.0,34998.0,35051.0,13235.0
2024-01-01 00:09:00,35048.0,35196.0,35027.0,35165.0,4439.0
2024-01-01 00:10:00,35171.0,35174.0,35132.0,35162.0,12129.0
2024-01-01 00:11:00,35168.0,35267.0,35158.0,35246.0,4804.0
2024-01-01 00:12:00,35243.0,35303.0,35240.0,35290.0,3623.0
2024-01-01 00:13:00,35289.0,35296.0,35242.0,35249.0,13971.0
2024-01-01 00:14:00,35241.0,35261.0,35208.0,35238.0,6644.0
2024-01-01 00:15:00,35234.0,35254.0,35222.0,35233.0,7499.0
2024-01-01 00:16:00,35230.0,35440.0,35211.0,35419.0,13778.0
2024-01-01 00:17:00,35421.0,35428.0,35347.0,35369.0,8942.0
2024-01-01 00:18:00,35365.0,35381.0,35362.0,35374.0,9286.0
2024-01-01 00:19:00,35388.0,35411.0,35387.0,35406.0,7163.0
2024-01-01 00:20:00,35385.0,35410.0,35377.0,35392.0,9926.0
2024-01-01 00:21:00,35370.0,35465.0,35369.0,35454.0,12653.0
2024-01-01 00:22:00,35450.0,35511.0,35446.0,35494.0,8401.0
2024-01-01 00:23:00,35495.0,35532.0,35476.0,35521.0,13964.0
2024-01-01 00:24:00,35528.0,35546.0,35457.0,35479.0,6971.0
2024-01-01 00:25:00,35472.0,35511.0,35453.0,35505.0,14157.0
2024-01-01 00:26:00,35508.0,35514.0,35425.0,35435.0,14508.0
2024-01-01 00:27:00,35430.0,35440.0,35314.0,35329.0,11205.0
2024-01-01 00:28:00,35320.0,35344.0,35313.0,35338.0,7928.0
2024-01-01 00:29:00,35337.0,35376.0,35334.0,35344.0,10323.0
2024-01-01 00:30:00,35356.0,35356.0,35286.0,35304.0,3508.0
2024-01-01 00:31:00,35314.0,35330.0,35237.0,35256.0,3527.0
2024-01-01 00:32:00,35259.0,35272.0,35221.0,35249.0,2763.0
2024-01-01 00:33:00,35248.0,35293.0,35231.0,35284.0,4712.0
2024-01-01 00:34:00,35289.0,35301.0,35273.0,35293.0,14222.0
2024-01-01 00:35:00,35297.0,35368.0,35286.0,35365.0,3944.0
2024-01-01 00:36:00,35375.0,35457.0,35354.0,35430.0,8771.0
2024-01-01 00:37:00,35431.0,35444.0,35240.0,35257.0,14783.0
2024-01-01 00:38:00,35258.0,35265.0,35191.0,35223.0,12935.0
2024-01-01 00:39:00,35226.0,35245.0,35134.0,35144.0,5076.0
2024-01-01 00:40:00,35148.0,35172.0,35137.0,35161.0,12713.0
2024-01-01 00:41:00,35155.0,35191.0,35151.0,35181.0,12193.0
2024-01-01 00:42:00,35179.0,35291.0,35177.0,35257.0,11513.0
2024-01-01 00:43:00,35254.0,35300.0,35249.0,35293.0,7041.0
2024-01-01 00:44:00,35292.0,35299.0,35192.0,35193.0,8985.0
2024-01-01 00:45:00,35189.0,35190.0,35138.0,35152.0,4130.0
2024-01-01 00:46:00,35147.0,35179.0,35138.0,35164.0,10177.0
2024-01-01 00:47:00,35150.0,35202.0,35130.0,35175.0,13851.0
2024-01-01 00:48:00,35183.0,35319.0,35182.0,35316.0,14825.0
2024-01-01 00:49:00,35324.0,35337.0,35279.0,35281.0,5943.0
2024-01-01 00:50:00,35282.0,35291.0,35173.0,35195.0,10468.0
2024-01-01 00:51:00,35187.0,35207.0,35042.0,35075.0,5386.0
2024-01-01 00:52:00,35075.0,35154.0,35070.0,35137.0,9268.0
2024-01-01 00:53:00,35137.0,35145.0,35004.0,35028.0,10473.0
2024-01-01 00:54:00,35030.0,35277.0,35026.0,35276.0,4362.0
2024-01-01 00:55:00,35279.0,35369.0,35271.0,35339.0,10874.0
2024-01-01 00:56:00,35351.0,35365.0,35348.0,35359.0,29800.727521274603
2024-01-01 00:57:00,35373.0,35390.0,35265.0,35295.0,11989.0
2024-01-01 00:58:00,35310.0,35524.0,35298.0,35491.0,4158.0
2024-01-01 00:59:00,35487.0,35696.0,35486.0,35682.0,3672.0
2024-01-01 01:00:00,35686.0,35714.0,35681.0,35686.0,12666.0
2024-01-01 01:01:00,35691.0,35745.0,35683.0,35732.0,5598.0
2024-01-01 01:02:00,35741.0,35775.0,35733.0,35746.0,11987.0
2024-01-01 01:03:00,35742.0,35804.0,35739.0,35802.0,10664.0
2024-01-01 01:04:00,35801.0,35814.0,35732.0,35747.0,11358.0
2024-01-01 01:05:00,35735.0,35738.0,35648.0,35658.0,2955.0
2024-01-01 01:06:00,35658.0,35679.0,35637.0,35670.0,14562.0
2024-01-01 01:07:00,35675.0,35683.0,35625.0,35649.0,12259.0
2024-01-01 01:08:00,35647.0,35662.0,35524.0,35540.0,9936.0
2024-01-01 01:09:00,35553.0,35554.0,35457.0,35471.0,9740.0
2024-01-01 01:10:00,35473.0,35489.0,35414.0,35443.0,13783.0
2024-01-01 01:11:00,35436.0,35446.0,35346.0,35356.0,8381.0
2024-01-01 01:12:00,35361.0,35368.0,35262.0,35284.0,13214.0
2024-01-01 01:13:00,35284.0,35346.0,35265.0,35323.0,14890.0
2024-01-01 01:14:00,35326.0,35352.0,35306.0,35336.0,9081.0
2024-01-01 01:15:00,35336.0,35371.0,35316.0,35341.0,13580.0
2024-01-01 01:16:00,35343.0,35393.0,35337.0,35384.0,6013.0
2024-01-01 01:17:00,35384.0,35401.0,35311.0,35314.0,8730.0
2024-01-01 01:18:00,35313.0,35446.0,35301.0,35422.0,5738.0
2024-01-01 01:19:00,35429.0,35486.0,35413.0,35452.0,14025.0
2024-01-01 01:20:00,35452.0,35509.0,35440.0,35501.0,8200.0
2024-01-01 01:21:00,35487.0,35522.0,35466.0,35510.0,7974.0
2024-01-01 01:22:00,35501.0,35514.0,35449.0,35466.0,9451.0
2024-01-01 01:23:00,35472.0,35617.0,35467.0,35593.0,6056.0
2024-01-01 01:24:00,35594.0,35606.0,35455.0,35458.0,10766.0
2024-01-01 01:25:00,35458.0,35607.0,35441.0,35595.0,6698.0
2024-01-01 01:26:00,35589.0,35728.0,35576.0,35704.0,12554.0
2024-01-01 01:27:00,35720.0,35725.0,35640.0,35647.0,6324.0
2024-01-01 01:28:00,35641.0,35679.0,35631.0,35645.0,5072.0
2024-01-01 01:29:00,35643.0,35647.0,35601.0,35604.0,5222.0
2024-01-01 01:30:00,35615.0,35663.0,35602.0,35630.0,3103.0
2024-01-01 01:31:00,35629.0,35773.0,35613.0,35756.0,13149.0
2024-01-01 01:32:00,35759.0,35759.0,35708.0,35734.0,3928.0
2024-01-01 01:33:00,35738.0,35749.0,35731.0,35746.0,3585.0
2024-01-01 01:34:00,35746.0,35757.0,35729.0,35735.0,4521.0
2024-01-01 01:35:00,35730.0,35737.0,35656.0,35685.0,12092.0
2024-01-01 01:36:00,35683.0,35684.0,35625.0,35661.0,7267.0
2024-01-01 01:37:00,35658.0,35724.0,35652.0,35707.0,14755.0
2024-01-01 01:38:00,35721.0,35778.0,35715.0,35750.0,14817.0
2024-01-01 01:39:00,35759.0,35811.0,35748.0,35802.0,5789.0
2024-01-01 01:40:00,35814.0,35827.0,35706.0,35726.0,10871.0
2024-01-01 01:41:00,35738.0,35740.0,35695.0,35723.0,4148.0
2024-01-01 01:42:00,35741.0,35794.0,35725.0,35783.0,4518.0
2024-01-01 01:43:00,35774.0,35781.0,35729.0,35759.0,4360.0
2024-01-01 01:44:00,35758.0,35775.0,35584.0,35615.0,4691.0
2024-01-01 01:45:00,35605.0,35637.0,35592.0,35606.0,10256.0
2024-01-01 01:46:00,35609.0,35627.0,35576.0,35605.0,2848.0
2024-01-01 01:47:00,35597.0,35604.0,35551.0,35573.0,7844.0
2024-01-01 01:48:00,35573.0,35623.0,35567.0,35621.0,4111.0
2024-01-01 01:49:00,35611.0,35661.0,35591.0,35655.0,11581.0
2024-01-01 01:50:00,35653.0,35782.0,35650.0,35779.0,8342.0
2024-01-01 01:51:00,35769.0,35820.0,35751.0,35815.0,7584.0
2024-01-01 01:52:00,35807.0,35970.0,35793.0,35967.0,11177.0
2024-01-01 01:53:00,35975.0,35987.0,35851.0,35874.0,4011.0
2024-01-01 01:54:00,35865.0,35919.0,35851.0,35914.0,3494.0
2024-01-01 01:55:00,35919.0,35920.0,35794.0,35824.0,7093.0
2024-01-01 01:56:00,35832.0,35850.0,35785.0,35793.0,6826.0
2024-01-01 01:57:00,35790.0,35800.0,35745.0,35756.0,3567.0
2024-01-01 01:58:00,35748.0,35755.0,35673.0,35692.0,6847.0
2024-01-01 01:59:00,35691.0,35696.0,35613.0,35629.0,11526.0
2024-01-01 02:00:00,35638.0,35641.0,35568.0,35593.0,12576.0
2024-01-01 02:01:00,35591.0,35605.0,35549.0,35553.0,9728.0
2024-01-01 02:02:00,35545.0,35712.0,35534.0,35694.0,6474.0
2024-01-01 02:03:00,35687.0,35704.0,35652.0,35661.0,8805.0
2024-01-01 02:04:00,35659.0,35795.0,35648.0,35763.0,6548.0
2024-01-01 02:05:00,35764.0,35782.0,35729.0,35740.0,10757.0
2024-01-01 02:06:00,35739.0,35822.0,35723.0,35800.0,2568.0
2024-01-01 02:07:00,35794.0,35932.0,35783.0,35912.0,10651.0
2024-01-01 02:08:00,35905.0,35923.0,35726.0,35733.0,7133.0
2024-01-01 02:09:00,35725.0,35887.0,35722.0,35878.0,9603.0
2024-01-01 02:10:00,35886.0,35993.0,35872.0,35990.0,12810.0
2024-01-01 02:11:00,35986.0,35989.0,35893.0,35922.0,3551.0
2024-01-01 02:12:00,35944.0,36019.0,35943.0,36005.0,7543.0
2024-01-01 02:13:00,35985.0,36119.0,35970.0,36105.0,7064.0
2024-01-01 02:14:00,36109.0,36120.0,36037.0,36070.0,10461.0
2024-01-01 02:15:00,36074.0,36114.0,36063.0,36091.0,2843.0
2024-01-01 02:16:00,36080.0,36174.0,36079.0,36144.0,7434.0
2024-01-01 02:17:00,36144.0,36149.0,36082.0,36104.0,14714.0
2024-01-01 02:18:00,36096.0,36115.0,36031.0,36057.0,7674.0
2024-01-01 02:19:00,36063.0,36091.0,36060.0,36067.0,12066.0
2024-01-01 02:20:00,36068.0,36084.0,35964.0,35980.0,8966.0
2024-01-01 02:21:00,35997.0,36055.0,35980.0,36032.0,14566.0
2024-01-01 02:22:00,36031.0,36090.0,36019.0,36073.0,8385.0
2024-01-01 02:23:00,36080.0,36176.0,36067.0,36169.0,4400.0
2024-01-01 02:24:00,36170.0,36194.0,36150.0,36186.0,10657.0
2024-01-01 02:25:00,36193.0,36305.0,36183.0,36270.0,10191.0
2024-01-01 02:26:00,36275.0,36447.0,36273.0,36428.0,14402.0
2024-01-01 02:27:00,36429.0,36490.0,36413.0,36480.0,13600.0
2024-01-01 02:28:00,36492.0,36696.0,36479.0,36668.0,11961.0
2024-01-01 02:29:00,36665.0,36670.0,36580.0,36605.0,3408.0
2024-01-01 02:30:00,36606.0,36676.0,36602.0,36664.0,11377.0
2024-01-01 02:31:00,36667.0,36787.0,36653.0,36765.0,8095.0
2024-01-01 02:32:00,36771.0,36775.0,36696.0,36700.0,2790.0
2024-01-01 02:33:00,36706.0,36726.0,36592.0,36607.0,14005.0
2024-01-01 02:34:00,36606.0,36716.0,36592.0,36714.0,12947.0
2024-01-01 02:35:00,36715.0,36722.0,36640.0,36646.0,7639.0
2024-01-01 02:36:00,36646.0,36667.0,36503.0,36535.0,9104.0
2024-01-01 02:37:00,36545.0,36552.0,36478.0,36511.0,8995.0
2024-01-01 02:38:00,36510.0,36628.0,36490.0,36597.0,12913.0
2024-01-01 02:39:00,36610.0,36632.0,36382.0,36409.0,12096.0
2024-01-01 02:40:00,36407.0,36568.0,36389.0,36539.0,8028.0
2024-01-01 02:41:00,36539.0,36540.0,36451.0,36471.0,5180.0
2024-01-01 02:42:00,36471.0,36551.0,36450.0,36516.0,8513.0
2024-01-01 02:43:00,36518.0,36615.0,36497.0,36584.0,11130.0
2024-01-01 02:44:00,36591.0,36705.0,36588.0,36691.0,12540.0
2024-01-01 02:45:00,36696.0,36709.0,36631.0,36659.0,5641.0
2024-01-01 02:46:00,36659.0,36764.0,36640.0,36752.0,9213.0
2024-01-01 02:47:00,36745.0,36764.0,36599.0,36634.0,12604.0
2024-01-01 02:48:00,36634.0,36704.0,36629.0,36669.0,13672.0
2024-01-01 02:49:00,36670.0,36679.0,36632.0,36646.0,9748.0
2024-01-01 02:50:00,36649.0,36722.0,36632.0,36717.0,13320.0
2024-01-01 02:51:00,36713.0,36782.0,36695.0,36755.0,14414.0
2024-01-01 02:52:00,36765.0,36822.0,36753.0,36786.0,14233.0
2024-01-01 02:53:00,36793.0,37047.0,36777.0,37023.0,6723.0
2024-01-01 02:54:00,37028.0,37032.0,37019.0,37030.0,9744.0
2024-01-01 02:55:00,37022.0,37031.0,36981.0,37014.0,12995.0
2024-01-01 02:56:00,37014.0,37118.0,37012.0,37111.0,6293.0
2024-01-01 02:57:00,37102.0,37110.0,36949.0,36966.0,3079.0
2024-01-01 02:58:00,36973.0,36991.0,36847.0,36882.0,14730.0
2024-01-01 02:59:00,36870.0,36936.0,36854.0,36919.0,11091.0
2024-01-01 03:00:00,36921.0,36945.0,36902.0,36944.0,12803.0
2024-01-01 03:01:00,36945.0,36948.0,36900.0,36926.0,12486.0
2024-01-01 03:02:00,36916.0,36922.0,36876.0,36894.0,5929.0
2024-01-01 03:03:00,36888.0,36899.0,36842.0,36849.0,6855.0
2024-01-01 03:04:00,36859.0,36902.0,36853.0,36895.0,3465.0
2024-01-01 03:05:00,36899.0,36931.0,36883.0,36923.0,12948.0
2024-01-01 03:06:00,36917.0,36937.0,36812.0,36839.0,9406.0
2024-01-01 03:07:00,36834.0,36927.0,36825.0,36892.0,10832.0
2024-01-01 03:08:00,36899.0,36946.0,36889.0,36918.0,13210.0
2024-01-01 03:09:00,36917.0,36925.0,36870.0,36881.0,10023.0
2024-01-01 03:10:00,36878.0,36892.0,36774.0,36790.0,3424.0
2024-01-01 03:11:00,36782.0,36843.0,36780.0,36810.0,12747.0
2024-01-01 03:12:00,36805.0,36818.0,36679.0,36716.0,7156.0
2024-01-01 03:13:00,36722.0,36723.0,36601.0,36633.0,4558.0
2024-01-01 03:14:00,36643.0,36655.0,36583.0,36591.0,12625.0
2024-01-01 03:15:00,36599.0,36600.0,36574.0,36596.0,11430.0
2024-01-01 03:16:00,36601.0,36666.0,36595.0,36635.0,13795.0
2024-01-01 03:17:00,36628.0,36649.0,36459.0,36483.0,13780.0
2024-01-01 03:18:00,36480.0,36482.0,36322.0,36339.0,8204.0
2024-01-01 03:19:00,36339.0,36464.0,36337.0,36451.0,10648.0
2024-01-01 03:20:00,36452.0,36523.0,36449.0,36499.0,6278.0
2024-01-01 03:21:00,36490.0,36570.0,36477.0,36537.0,9767.0
2024-01-01 03:22:00,36546.0,36561.0,36534.0,36539.0,8132.0
2024-01-01 03:23:00,36533.0,36615.0,36526.0,36602.0,13269.0
2024-01-01 03:24:00,36601.0,36654.0,36598.0,36618.0,3285.0
2024-01-01 03:25:00,36619.0,36639.0,36569.0,36573.0,6310.0
2024-01-01 03:26:00,36583.0,36664.0,36579.0,36644.0,7269.0
2024-01-01 03:27:00,36654.0,36656.0,36613.0,36649.0,13169.0
2024-01-01 03:28:00,36648.0,36655.0,36633.0,36633.0,12140.0
2024-01-01 03:29:00,36630.0,36726.0,36608.0,36705.0,8558.0
2024-01-01 03:30:00,36707.0,36788.0,36691.0,36767.0,10838.0
2024-01-01 03:31:00,36767.0,36784.0,36642.0,36672.0,7272.0
2024-01-01 03:32:00,36673.0,36683.0,36627.0,36654.0,11873.0
2024-01-01 03:33:00,36648.0,36661.0,36616.0,36627.0,12281.0
2024-01-01 03:34:00,36632.0,36661.0,36616.0,36659.0,9329.0
2024-01-01 03:35:00,36653.0,36791.0,36637.0,36776.0,4904.0
2024-01-01 03:36:00,36775.0,36781.0,36674.0,36711.0,9823.0
2024-01-01 03:37:00,36711.0,36728.0,36682.0,36706.0,6161.0
2024-01-01 03:38:00,36700.0,36775.0,36687.0,36749.0,34937.86538118546
2024-01-01 03:39:00,36758.0,36885.0,36746.0,36861.0,13300.0
2024-01-01 03:40:00,36871.0,36891.0,36830.0,36844.0,5720.0
2024-01-01 03:41:00,36851.0,36932.0,36841.0,36924.0,2675.0
2024-01-01 03:42:00,36925.0,36938.0,36871.0,36871.0,6217.0
2024-01-01 03:43:00,36868.0,36870.0,36831.0,36858.0,11430.0
2024-01-01 03:44:00,36859.0,36996.0,36847.0,36972.0,14420.0
2024-01-01 03:45:00,36976.0,37060.0,36961.0,37051.0,4468.0
2024-01-01 03:46:00,37056.0,37075.0,36970.0,36987.0,9103.0
2024-01-01 03:47:00,36987.0,37052.0,36979.0,37038.0,5498.0
2024-01-01 03:48:00,37026.0,37033.0,36961.0,36989.0,12170.0
2024-01-01 03:49:00,36981.0,37014.0,36980.0,36999.0,4425.0
2024-01-01 03:50:00,36997.0,37138.0,36994.0,37132.0,6569.0
2024-01-01 03:51:00,37133.0,37177.0,37127.0,37148.0,8608.0
2024-01-01 03:52:00,37139.0,37195.0,37120.0,37178.0,14426.0
2024-01-01 03:53:00,37188.0,37272.0,37177.0,37262.0,14629.0
2024-01-01 03:54:00,37263.0,37310.0,37262.0,37296.0,3623.0
2024-01-01 03:55:00,37291.0,37312.0,37202.0,37226.0,4130.0
2024-01-01 03:56:00,37233.0,37472.0,37221.0,37467.0,10441.0
2024-01-01 03:57:00,37462.0,37481.0,37268.0,37294.0,7150.0
2024-01-01 03:58:00,37282.0,37393.0,37265.0,37382.0,5024.0
2024-01-01 03:59:00,37385.0,37400.0,37276.0,37291.0,3075.0
2024-01-01 04:00:00,37287.0,37310.0,37253.0,37263.0,9061.0
2024-01-01 04:01:00,37252.0,37273.0,37131.0,37136.0,14179.0
2024-01-01 04:02:00,37143.0,37248.0,37131.0,37217.0,12609.0
2024-01-01 04:03:00,37216.0,37227.0,37119.0,37132.0,10900.0
2024-01-01 04:04:00,37129.0,37175.0,37115.0,37169.0,7202.0
2024-01-01 04:05:00,37163.0,37187.0,37152.0,37187.0,12932.0
2024-01-01 04:06:00,37174.0,37236.0,37156.0,37201.0,6215.0
2024-01-01 04:07:00,37190.0,37297.0,37174.0,37287.0,14245.0
2024-01-01 04:08:00,37286.0,37301.0,37147.0,37156.0,5124.0
2024-01-01 04:09:00,37162.0,37282.0,37154.0,37267.0,5039.0
2024-01-01 04:10:00,37251.0,37272.0,37211.0,37245.0,12291.0
2024-01-01 04:11:00,37252.0,37261.0,37214.0,37248.0,13983.0
2024-01-01 04:12:00,37256.0,37302.0,37236.0,37302.0,12451.0
2024-01-01 04:13:00,37307.0,37328.0,37267.0,37295.0,13932.0
2024-01-01 04:14:00,37299.0,37317.0,37244.0,37251.0,7800.0
2024-01-01 04:15:00,37256.0,37258.0,37137.0,37173.0,5124.0
2024-01-01 04:16:00,37170.0,37270.0,37162.0,37251.0,9866.0
2024-01-01 04:17:00,37257.0,37409.0,37244.0,37377.0,8586.0
2024-01-01 04:18:00,37364.0,37374.0,37342.0,37362.0,8182.0
2024-01-01 04:19:00,37369.0,37448.0,37363.0,37414.0,13814.0
2024-01-01 04:20:00,37390.0,37481.0,37373.0,37449.0,12348.0
2024-01-01 04:21:00,37455.0,37568.0,37439.0,37543.0,8320.0
2024-01-01 04:22:00,37542.0,37568.0,37528.0,37567.0,12481.0
2024-01-01 04:23:00,37566.0,37674.0,37562.0,37651.0,10279.0
2024-01-01 04:24:00,37659.0,37672.0,37558.0,37561.0,8627.0
2024-01-01 04:25:00,37564.0,37582.0,37519.0,37533.0,13998.0
2024-01-01 04:26:00,37532.0,37628.0,37522.0,37609.0,5734.0
2024-01-01 04:27:00,37599.0,37606.0,37587.0,37591.0,7670.0
2024-01-01 04:28:00,37578.0,37618.0,37558.0,37613.0,9035.0
2024-01-01 04:29:00,37616.0,37674.0,37595.0,37659.0,8618.0
2024-01-01 04:30:00,37674.0,37690.0,37639.0,37659.0,4713.0
2024-01-01 04:31:00,37645.0,37645.0,37570.0,37593.0,7630.0
2024-01-01 04:32:00,37587.0,37613.0,37567.0,37602.0,11557.0
2024-01-01 04:33:00,37601.0,37609.0,37498.0,37511.0,14845.0
2024-01-01 04:34:00,37521.0,37526.0,37504.0,37512.0,4261.0
2024-01-01 04:35:00,37512.0,37615.0,37494.0,37604.0,7403.0
2024-01-01 04:36:00,37599.0,37644.0,37594.0,37618.0,11188.0
2024-01-01 04:37:00,37610.0,37629.0,37416.0,37446.0,10937.0
2024-01-01 04:38:00,37442.0,37442.0,37394.0,37416.0,14539.0
2024-01-01 04:39:00,37428.0,37458.0,37419.0,37436.0,10465.0
2024-01-01 04:40:00,37437.0,37493.0,37427.0,37462.0,6788.0
2024-01-01 04:41:00,37463.0,37466.0,37376.0,37403.0,12636.0
2024-01-01 04:42:00,37407.0,37479.0,37386.0,37442.0,8727.0
2024-01-01 04:43:00,37440.0,37453.0,37399.0,37405.0,10293.0
2024-01-01 04:44:00,37414.0,37436.0,37333.0,37365.0,4446.0
2024-01-01 04:45:00,37368.0,37369.0,37354.0,37366.0,2808.0
2024-01-01 04:46:00,37367.0,37368.0,37274.0,37302.0,5430.0
2024-01-01 04:47:00,37297.0,37315.0,37242.0,37270.0,3676.0
2024-01-01 04:48:00,37261.0,37281.0,37182.0,37213.0,13881.0
2024-01-01 04:49:00,37216.0,37217.0,37022.0,37051.0,13735.0
2024-01-01 04:50:00,37056.0,37096.0,37052.0,37061.0,12619.0
2024-01-01 04:51:00,37060.0,37081.0,36851.0,36858.0,12225.0
2024-01-01 04:52:00,36866.0,36979.0,36862.0,36952.0,7576.0
2024-01-01 04:53:00,36953.0,37038.0,36952.0,37014.0,10427.0
2024-01-01 04:54:00,37016.0,37127.0,36998.0,37093.0,6671.0
2024-01-01 04:55:00,37101.0,37233.0,37085.0,37214.0,5577.0
2024-01-01 04:56:00,37216.0,37234.0,37205.0,37216.0,6809.0
2024-01-01 04:57:00,37212.0,37225.0,37040.0,37061.0,14867.0
2024-01-01 04:58:00,37061.0,37069.0,36956.0,36963.0,6682.0
2024-01-01 04:59:00,36965.0,36979.0,36956.0,36979.0,12365.0
2024-01-01 05:00:00,36981.0,36990.0,36813.0,36833.0,7141.0
2024-01-01 05:01:00,36837.0,36842.0,36710.0,36745.0,11908.0
2024-01-01 05:02:00,36744.0,36754.0,36623.0,36641.0,3940.0
2024-01-01 05:03:00,36644.0,36738.0,36637.0,36737.0,14259.0
2024-01-01 05:04:00,36736.0,36848.0,36732.0,36814.0,13690.0
2024-01-01 05:05:00,36828.0,36848.0,36719.0,36753.0,8136.0
2024-01-01 05:06:00,36758.0,36803.0,36749.0,36786.0,6229.0
2024-01-01 05:07:00,36775.0,36857.0,36758.0,36824.0,13029.0
2024-01-01 05:08:00,36830.0,36839.0,36734.0,36767.0,9431.0
2024-01-01 05:09:00,36770.0,36773.0,36739.0,36754.0,9299.0
2024-01-01 05:10:00,36758.0,36778.0,36672.0,36689.0,7296.0
2024-01-01 05:11:00,36696.0,36717.0,36563.0,36572.0,4262.0
2024-01-01 05:12:00,36581.0,36593.0,36415.0,36437.0,12158.0
2024-01-01 05:13:00,36437.0,36457.0,36391.0,36407.0,4152.0
2024-01-01 05:14:00,36412.0,36423.0,36331.0,36366.0,7692.0
2024-01-01 05:15:00,36369.0,36410.0,36369.0,36378.0,8447.0
2024-01-01 05:16:00,36383.0,36464.0,36373.0,36454.0,12888.0
2024-01-01 05:17:00,36445.0,36552.0,36442.0,36518.0,12637.0
2024-01-01 05:18:00,36519.0,36539.0,36491.0,36503.0,9096.0
2024-01-01 05:19:00,36506.0,36522.0,36408.0,36420.0,10751.0
2024-01-01 05:20:00,36417.0,36440.0,36404.0,36430.0,4645.0
2024-01-01 05:21:00,36429.0,36445.0,36391.0,36424.0,14674.0
2024-01-01 05:22:00,36418.0,36528.0,36410.0,36493.0,2706.0
2024-01-01 05:23:00,36499.0,36604.0,36479.0,36573.0,13120.0
2024-01-01 05:24:00,36567.0,36627.0,36559.0,36602.0,8719.0
2024-01-01 05:25:00,36595.0,36651.0,36581.0,36640.0,14664.0
2024-01-01 05:26:00,36641.0,36700.0,36623.0,36680.0,8054.0
2024-01-01 05:27:00,36679.0,36692.0,36643.0,36659.0,2724.0
2024-01-01 05:28:00,36653.0,36662.0,36634.0,36634.0,12402.0
2024-01-01 05:29:00,36638.0,36645.0,36612.0,36627.0,8094.0
2024-01-01 05:30:00,36634.0,36655.0,36624.0,36647.0,6099.0
2024-01-01 05:31:00,36646.0,36922.0,36627.0,36892.0,4297.0
2024-01-01 05:32:00,36885.0,36916.0,36867.0,36913.0,14626.0
2024-01-01 05:33:00,36932.0,37006.0,36921.0,37003.0,2904.0
2024-01-01 05:34:00,36999.0,37090.0,36981.0,37065.0,3031.0
2024-01-01 05:35:00,37059.0,37137.0,37038.0,37105.0,7626.0
2024-01-01 05:36:00,37100.0,37121.0,37045.0,37062.0,13670.0
2024-01-01 05:37:00,37059.0,37063.0,36986.0,36999.0,5240.0
2024-01-01 05:38:00,37002.0,37018.0,36997.0,37015.0,5317.0
2024-01-01 05:39:00,37020.0,37213.0,36999.0,37177.0,20908.52730178839
2024-01-01 05:40:00,37188.0,37200.0,37170.0,37174.0,8588.0
2024-01-01 05:41:00,37178.0,37223.0,37162.0,37202.0,5888.0
2024-01-01 05:42:00,37205.0,37228.0,37183.0,37209.0,6556.0
2024-01-01 05:43:00,37216.0,37269.0,37202.0,37234.0,13180.0
2024-01-01 05:44:00,37222.0,37370.0,37221.0,37337.0,6747.0
2024-01-01 05:45:00,37329.0,37399.0,37323.0,37375.0,8425.0
2024-01-01 05:46:00,37382.0,37382.0,37245.0,37259.0,2857.0
2024-01-01 05:47:00,37262.0,37264.0,37229.0,37253.0,63806.553269829354
2024-01-01 05:48:00,37250.0,37331.0,37233.0,37299.0,9969.0
2024-01-01 05:49:00,37305.0,37339.0,37290.0,37313.0,12108.0
2024-01-01 05:50:00,37322.0,37322.0,37201.0,37221.0,13432.0
2024-01-01 05:51:00,37239.0,37400.0,37238.0,37369.0,4688.0
2024-01-01 05:52:00,37364.0,37386.0,37281.0,37313.0,12403.0
2024-01-01 05:53:00,37308.0,37396.0,37286.0,37372.0,5968.0
2024-01-01 05:54:00,37371.0,37378.0,37238.0,37250.0,13964.0
2024-01-01 05:55:00,37250.0,37250.0,37186.0,37193.0,14977.0
2024-01-01 05:56:00,37198.0,37232.0,37187.0,37205.0,13707.0
2024-01-01 05:57:00,37203.0,37215.0,37196.0,37196.0,9590.0
2024-01-01 05:58:00,37210.0,37275.0,37202.0,37260.0,6820.0
2024-01-01 05:59:00,37254.0,37256.0,37209.0,37223.0,10352.0
2024-01-01 06:00:00,37228.0,37233.0,37083.0,37090.0,8486.0
2024-01-01 06:01:00,37084.0,37169.0,37080.0,37142.0,3933.0
2024-01-01 06:02:00,37149.0,37255.0,37133.0,37239.0,9736.0
2024-01-01 06:03:00,37261.0,37266.0,37170.0,37194.0,10132.0
2024-01-01 06:04:00,37191.0,37191.0,37121.0,37144.0,10660.0
2024-01-01 06:05:00,37133.0,37146.0,36978.0,36980.0,6041.0
2024-01-01 06:06:00,36970.0,37026.0,36967.0,37010.0,7583.0
2024-01-01 06:07:00,37010.0,37013.0,36974.0,37007.0,13049.0
2024-01-01 06:08:00,37003.0,37003.0,36998.0,37000.0,6689.0
2024-01-01 06:09:00,36990.0,37094.0,36971.0,37058.0,2859.0
2024-01-01 06:10:00,37061.0,37073.0,37042.0,37052.0,9000.0
2024-01-01 06:11:00,37054.0,37063.0,36996.0,37027.0,7435.0
2024-01-01 06:12:00,37039.0,37054.0,36988.0,36990.0,8160.0
2024-01-01 06:13:00,36988.0,36991.0,36951.0,36969.0,8434.0
2024-01-01 06:14:00,36971.0,37028.0,36954.0,37005.0,14266.0
2024-01-01 06:15:00,37008.0,37089.0,37005.0,37058.0,14674.0
2024-01-01 06:16:00,37048.0,37085.0,37033.0,37083.0,13501.0
2024-01-01 06:17:00,37070.0,37072.0,36946.0,36969.0,12489.0
2024-01-01 06:18:00,36970.0,37013.0,36966.0,36983.0,4282.0
2024-01-01 06:19:00,36988.0,37010.0,36816.0,36851.0,10012.0
2024-01-01 06:20:00,36850.0,36979.0,36844.0,36948.0,4902.0
2024-01-01 06:21:00,36940.0,37049.0,36939.0,37027.0,11459.0
2024-01-01 06:22:00,37035.0,37046.0,36978.0,36979.0,2734.0
2024-01-01 06:23:00,36974.0,37024.0,36968.0,37021.0,13676.0
2024-01-01 06:24:00,37023.0,37026.0,36918.0,36937.0,2603.0
2024-01-01 06:25:00,36932.0,37020.0,36931.0,36990.0,8495.0
2024-01-01 06:26:00,36995.0,37008.0,36983.0,36997.0,7593.0
2024-01-01 06:27:00,36998.0,37004.0,36862.0,36897.0,4103.0
2024-01-01 06:28:00,36888.0,36892.0,36873.0,36887.0,12104.0
2024-01-01 06:29:00,36896.0,36932.0,36884.0,36914.0,12637.0
2024-01-01 06:30:00,36920.0,36958.0,36907.0,36922.0,14450.0
2024-01-01 06:31:00,36932.0,36939.0,36912.0,36917.0,6804.0
2024-01-01 06:32:00,36924.0,36933.0,36890.0,36912.0,6823.0
2024-01-01 06:33:00,36914.0,36922.0,36836.0,36839.0,14655.0
2024-01-01 06:34:00,36845.0,36855.0,36691.0,36704.0,10737.0
2024-01-01 06:35:00,36706.0,36716.0,36543.0,36564.0,9229.0
2024-01-01 06:36:00,36571.0,36635.0,36567.0,36608.0,12316.0
2024-01-01 06:37:00,36626.0,36658.0,36614.0,36655.0,8009.0
2024-01-01 06:38:00,36648.0,36655.0,36490.0,36518.0,3115.0
2024-01-01 06:39:00,36513.0,36589.0,36508.0,36578.0,5551.0
2024-01-01 06:40:00,36585.0,36605.0,36548.0,36549.0,12513.0
2024-01-01 06:41:00,36543.0,36616.0,36527.0,36591.0,2802.0
2024-01-01 06:42:00,36589.0,36594.0,36488.0,36524.0,11041.0
2024-01-01 06:43:00,36537.0,36629.0,36520.0,36615.0,10808.0
2024-01-01 06:44:00,36623.0,36626.0,36505.0,36508.0,10613.0
2024-01-01 06:45:00,36508.0,36631.0,36488.0,36621.0,13881.0
2024-01-01 06:46:00,36616.0,36654.0,36605.0,36639.0,5408.0
2024-01-01 06:47:00,36652.0,36702.0,36640.0,36685.0,13086.0
2024-01-01 06:48:00,36681.0,36764.0,36675.0,36729.0,10612.0
2024-01-01 06:49:00,36725.0,36747.0,36663.0,36676.0,7291.0
2024-01-01 06:50:00,36675.0,36676.0,36601.0,36617.0,8628.0
2024-01-01 06:51:00,36618.0,36720.0,36610.0,36718.0,5429.0
2024-01-01 06:52:00,36719.0,36721.0,36692.0,36698.0,3919.0
2024-01-01 06:53:00,36687.0,36754.0,36676.0,36722.0,11661.0
2024-01-01 06:54:00,36719.0,36814.0,36716.0,36809.0,14779.0
2024-01-01 06:55:00,36810.0,36826.0,36746.0,36781.0,14468.0
2024-01-01 06:56:00,36797.0,36862.0,36797.0,36854.0,14968.0
2024-01-01 06:57:00,36867.0,36902.0,36846.0,36876.0,8895.0
2024-01-01 06:58:00,36885.0,36906.0,36765.0,36798.0,6817.0
2024-01-01 06:59:00,36810.0,36858.0,36789.0,36826.0,3418.0
2024-01-01 07:00:00,36831.0,36835.0,36654.0,36671.0,3627.0
2024-01-01 07:01:00,36673.0,36695.0,36534.0,36549.0,8867.0
2024-01-01 07:02:00,36552.0,36596.0,36538.0,36569.0,12451.0
2024-01-01 07:03:00,36566.0,36680.0,36550.0,36663.0,12112.0
2024-01-01 07:04:00,36666.0,36667.0,36603.0,36636.0,6528.0
2024-01-01 07:05:00,36638.0,36647.0,36600.0,36625.0,7770.0
2024-01-01 07:06:00,36625.0,36633.0,36532.0,36538.0,8702.0
2024-01-01 07:07:00,36537.0,36594.0,36536.0,36571.0,6680.0
2024-01-01 07:08:00,36586.0,36589.0,36552.0,36565.0,5246.0
2024-01-01 07:09:00,36567.0,36569.0,36453.0,36488.0,2603.0
2024-01-01 07:10:00,36483.0,36595.0,36471.0,36585.0,11014.0
2024-01-01 07:11:00,36585.0,36747.0,36579.0,36740.0,7005.0
2024-01-01 07:12:00,36726.0,36899.0,36722.0,36871.0,12604.0
2024-01-01 07:13:00,36873.0,36892.0,36803.0,36831.0,6659.0
2024-01-01 07:14:00,36833.0,36847.0,36799.0,36816.0,14124.0
2024-01-01 07:15:00,36818.0,36910.0,36797.0,36880.0,6802.0
2024-01-01 07:16:00,36887.0,36977.0,36872.0,36966.0,12914.0
2024-01-01 07:17:00,36954.0,36994.0,36933.0,36980.0,4950.0
2024-01-01 07:18:00,36983.0,37002.0,36909.0,36929.0,9394.0
2024-01-01 07:19:00,36928.0,36956.0,36920.0,36955.0,7928.0
2024-01-01 07:20:00,36954.0,37008.0,36950.0,36984.0,5025.0
2024-01-01 07:21:00,36980.0,37035.0,36970.0,37011.0,6014.0
2024-01-01 07:22:00,37015.0,37179.0,37005.0,37161.0,6815.0
2024-01-01 07:23:00,37166.0,37187.0,37079.0,37113.0,6834.0
2024-01-01 07:24:00,37118.0,37150.0,37096.0,37147.0,3617.0
2024-01-01 07:25:00,37142.0,37230.0,37137.0,37213.0,2945.0
2024-01-01 07:26:00,37219.0,37271.0,37202.0,37261.0,5277.0
2024-01-01 07:27:00,37241.0,37262.0,37160.0,37184.0,5375.0
2024-01-01 07:28:00,37196.0,37336.0,37181.0,37313.0,4810.0
2024-01-01 07:29:00,37312.0,37314.0,37266.0,37303.0,6977.0
2024-01-01 07:30:00,37300.0,37409.0,37280.0,37394.0,11868.0
2024-01-01 07:31:00,37404.0,37416.0,37378.0,37403.0,2946.0
2024-01-01 07:32:00,37409.0,37515.0,37392.0,37485.0,7557.0
2024-01-01 07:33:00,37470.0,37552.0,37464.0,37518.0,3701.0
2024-01-01 07:34:00,37518.0,37546.0,37511.0,37523.0,8035.0
2024-01-01 07:35:00,37519.0,37533.0,37453.0,37472.0,10985.0
2024-01-01 07:36:00,37478.0,37555.0,37456.0,37535.0,13989.0
2024-01-01 07:37:00,37548.0,37665.0,37543.0,37636.0,5460.0
2024-01-01 07:38:00,37644.0,37664.0,37593.0,37614.0,6526.0
2024-01-01 07:39:00,37612.0,37633.0,37588.0,37609.0,4753.0
2024-01-01 07:40:00,37611.0,37663.0,37604.0,37652.0,5979.0
2024-01-01 07:41:00,37647.0,37654.0,37534.0,37562.0,8799.0
2024-01-01 07:42:00,37556.0,37568.0,37437.0,37460.0,9226.0
2024-01-01 07:43:00,37451.0,37458.0,37364.0,37392.0,8011.0
2024-01-01 07:44:00,37397.0,37452.0,37376.0,37421.0,12490.0
2024-01-01 07:45:00,37421.0,37425.0,37334.0,37352.0,7297.0
2024-01-01 07:46:00,37365.0,37546.0,37362.0,37516.0,12343.0
2024-01-01 07:47:00,37519.0,37602.0,37517.0,37568.0,4148.0
2024-01-01 07:48:00,37563.0,37618.0,37549.0,37597.0,9661.0
2024-01-01 07:49:00,37597.0,37614.0,37547.0,37584.0,13447.0
2024-01-01 07:50:00,37597.0,37609.0,37516.0,37526.0,6547.0
2024-01-01 07:51:00,37533.0,37545.0,37460.0,37487.0,5106.0
2024-01-01 07:52:00,37489.0,37567.0,37488.0,37534.0,8114.0
2024-01-01 07:53:00,37539.0,37547.0,37478.0,37484.0,3310.0
2024-01-01 07:54:00,37488.0,37497.0,37430.0,37433.0,7824.0
2024-01-01 07:55:00,37429.0,37443.0,37384.0,37413.0,13532.0
2024-01-01 07:56:00,37421.0,37432.0,37414.0,37419.0,3571.0
2024-01-01 07:57:00,37430.0,37455.0,37413.0,37432.0,7889.0
2024-01-01 07:58:00,37435.0,37443.0,37340.0,37364.0,3868.0
2024-01-01 07:59:00,37373.0,37380.0,37314.0,37326.0,11666.0
2024-01-01 08:00:00,37323.0,37419.0,37303.0,37388.0,11399.0
2024-01-01 08:01:00,37400.0,37584.0,37389.0,37560.0,6457.0
2024-01-01 08:02:00,37560.0,37745.0,37546.0,37715.0,11611.0
2024-01-01 08:03:00,37712.0,37729.0,37521.0,37522.0,10877.0
2024-01-01 08:04:00,37531.0,37536.0,37384.0,37414.0,20779.0
2024-01-01 08:05:00,37423.0,37556.0,37419.0,37554.0,13307.0
2024-01-01 08:06:00,37552.0,37566.0,37457.0,37464.0,19817.0
2024-01-01 08:07:00,37460.0,37465.0,37380.0,37402.0,9819.0
2024-01-01 08:08:00,37413.0,37427.0,37358.0,37371.0,11616.0
2024-01-01 08:09:00,37367.0,37375.0,37309.0,37329.0,15714.0
2024-01-01 08:10:00,37332.0,37450.0,37325.0,37440.0,13970.0
2024-01-01 08:11:00,37446.0,37468.0,37288.0,37324.0,8400.0
2024-01-01 08:12:00,37315.0,37320.0,37202.0,37228.0,16552.0
2024-01-01 08:13:00,37229.0,37367.0,37208.0,37349.0,7006.0
2024-01-01 08:14:00,37339.0,37345.0,37299.0,37317.0,22395.0
2024-01-01 08:15:00,37312.0,37384.0,37305.0,37354.0,11135.0
2024-01-01 08:16:00,37356.0,37360.0,37244.0,37254.0,11227.0
2024-01-01 08:17:00,37268.0,37272.0,37250.0,37260.0,19373.0
2024-01-01 08:18:00,37268.0,37350.0,37261.0,37335.0,15502.0
2024-01-01 08:19:00,37349.0,37448.0,37346.0,37419.0,8893.0
2024-01-01 08:20:00,37420.0,37434.0,37203.0,37224.0,10134.0
2024-01-01 08:21:00,37226.0,37233.0,37219.0,37224.0,13979.0
2024-01-01 08:22:00,37229.0,37262.0,37213.0,37236.0,4689.0
2024-01-01 08:23:00,37230.0,37281.0,37209.0,37252.0,7375.0
2024-01-01 08:24:00,37238.0,37257.0,37217.0,37227.0,17021.0
2024-01-01 08:25:00,37226.0,37232.0,37115.0,37144.0,21545.0
2024-01-01 08:26:00,37133.0,37152.0,37095.0,37108.0,14029.0
2024-01-01 08:27:00,37108.0,37122.0,37053.0,37068.0,16796.0
2024-01-01 08:28:00,37063.0,37114.0,37050.0,37085.0,9338.0
2024-01-01 08:29:00,37078.0,37179.0,37069.0,37175.0,7538.0
2024-01-01 08:30:00,37185.0,37205.0,37153.0,37184.0,18947.0
2024-01-01 08:31:00,37182.0,37330.0,37171.0,37327.0,22249.0
2024-01-01 08:32:00,37319.0,37334.0,37177.0,37213.0,22089.0
2024-01-01 08:33:00,37218.0,37413.0,37204.0,37398.0,12795.0
2024-01-01 08:34:00,37394.0,37458.0,37389.0,37432.0,7698.0
2024-01-01 08:35:00,37435.0,37452.0,37398.0,37410.0,4482.0
2024-01-01 08:36:00,37403.0,37405.0,37311.0,37341.0,19782.0
2024-01-01 08:37:00,37349.0,37370.0,37216.0,37224.0,17231.0
2024-01-01 08:38:00,37223.0,37365.0,37207.0,37352.0,21978.0
2024-01-01 08:39:00,37353.0,37373.0,37336.0,37357.0,14527.0
2024-01-01 08:40:00,37358.0,37379.0,37213.0,37240.0,20347.0
2024-01-01 08:41:00,37237.0,37252.0,37211.0,37234.0,18678.0
2024-01-01 08:42:00,37236.0,37241.0,36966.0,36993.0,17939.0
2024-01-01 08:43:00,36975.0,37101.0,36974.0,37065.0,21229.0
2024-01-01 08:44:00,37061.0,37062.0,37017.0,37047.0,20618.0
2024-01-01 08:45:00,37045.0,37121.0,37025.0,37113.0,6402.0
2024-01-01 08:46:00,37114.0,37132.0,36869.0,36886.0,17172.0
2024-01-01 08:47:00,36889.0,36947.0,36883.0,36933.0,14719.0
2024-01-01 08:48:00,36917.0,36938.0,36822.0,36857.0,17563.0
2024-01-01 08:49:00,36852.0,36856.0,36737.0,36740.0,6714.0
2024-01-01 08:50:00,36743.0,36771.0,36742.0,36755.0,15648.0
2024-01-01 08:51:00,36766.0,36779.0,36641.0,36649.0,18617.0
2024-01-01 08:52:00,36653.0,36674.0,36530.0,36534.0,20546.0
2024-01-01 08:53:00,36537.0,36785.0,36517.0,36768.0,15030.0
2024-01-01 08:54:00,36773.0,36790.0,36696.0,36715.0,12891.0
2024-01-01 08:55:00,36729.0,36734.0,36605.0,36609.0,13224.0
2024-01-01 08:56:00,36594.0,36682.0,36591.0,36647.0,10056.0
2024-01-01 08:57:00,36646.0,36682.0,36637.0,36671.0,17103.0
2024-01-01 08:58:00,36672.0,36687.0,36591.0,36607.0,19037.0
2024-01-01 08:59:00,36597.0,36613.0,36571.0,36585.0,11491.0
2024-01-01 09:00:00,36597.0,36602.0,36471.0,36483.0,8120.0
2024-01-01 09:01:00,36492.0,36644.0,36480.0,36640.0,22406.0
2024-01-01 09:02:00,36643.0,36703.0,36629.0,36685.0,18160.0
2024-01-01 09:03:00,36676.0,36718.0,36673.0,36709.0,20207.0
2024-01-01 09:04:00,36707.0,36867.0,36697.0,36866.0,12992.0
2024-01-01 09:05:00,36876.0,36962.0,36868.0,36951.0,20966.0
2024-01-01 09:06:00,36942.0,37330.0,36931.0,37307.0,5266.0
2024-01-01 09:07:00,37314.0,37369.0,37307.0,37364.0,17326.0
2024-01-01 09:08:00,37367.0,37450.0,37356.0,37419.0,21229.0
2024-01-01 09:09:00,37412.0,37428.0,37353.0,37377.0,3846.0
2024-01-01 09:10:00,37375.0,37382.0,37347.0,37367.0,20666.0
2024-01-01 09:11:00,37359.0,37582.0,37350.0,37579.0,20968.0
2024-01-01 09:12:00,37575.0,37704.0,37563.0,37671.0,15824.0
2024-01-01 09:13:00,37669.0,37686.0,37564.0,37564.0,10744.0
2024-01-01 09:14:00,37564.0,37579.0,37363.0,37384.0,19686.0
2024-01-01 09:15:00,37388.0,37406.0,37215.0,37223.0,95374.53692767685
2024-01-01 09:16:00,37227.0,37328.0,37216.0,37307.0,15732.0
2024-01-01 09:17:00,37310.0,37312.0,37243.0,37258.0,22206.0
2024-01-01 09:18:00,37257.0,37271.0,37229.0,37238.0,10370.0
2024-01-01 09:19:00,37240.0,37244.0,37231.0,37244.0,14654.0
2024-01-01 09:20:00,37250.0,37311.0,37244.0,37275.0,19170.0
2024-01-01 09:21:00,37291.0,37298.0,37263.0,37264.0,13183.0
2024-01-01 09:22:00,37265.0,37358.0,37247.0,37326.0,11462.0
2024-01-01 09:23:00,37317.0,37338.0,37181.0,37216.0,14258.0
2024-01-01 09:24:00,37210.0,37281.0,37199.0,37256.0,6292.0
2024-01-01 09:25:00,37250.0,37288.0,37229.0,37282.0,21658.0
2024-01-01 09:26:00,37295.0,37309.0,37271.0,37275.0,9482.0
2024-01-01 09:27:00,37284.0,37566.0,37276.0,37539.0,12020.0
2024-01-01 09:28:00,37550.0,37571.0,37509.0,37519.0,14762.0
2024-01-01 09:29:00,37521.0,37612.0,37502.0,37584.0,16572.0
2024-01-01 09:30:00,37581.0,37683.0,37568.0,37673.0,16074.0
2024-01-01 09:31:00,37669.0,37787.0,37668.0,37766.0,12265.0
2024-01-01 09:32:00,37759.0,37778.0,37715.0,37753.0,16366.0
2024-01-01 09:33:00,37746.0,37783.0,37742.0,37781.0,13621.0
2024-01-01 09:34:00,37784.0,37958.0,37779.0,37932.0,17054.0
2024-01-01 09:35:00,37937.0,37945.0,37891.0,37907.0,5505.0
2024-01-01 09:36:00,37894.0,37913.0,37806.0,37810.0,9381.0
2024-01-01 09:37:00,37796.0,37897.0,37792.0,37888.0,17801.0
2024-01-01 09:38:00,37906.0,37986.0,37891.0,37974.0,13579.0
2024-01-01 09:39:00,37961.0,37980.0,37893.0,37897.0,13386.0
2024-01-01 09:40:00,37895.0,38036.0,37879.0,38031.0,11987.0
2024-01-01 09:41:00,38029.0,38035.0,37982.0,38006.0,13241.0
2024-01-01 09:42:00,38006.0,38077.0,38005.0,38072.0,20021.0
2024-01-01 09:43:00,38077.0,38243.0,38069.0,38233.0,19870.0
2024-01-01 09:44:00,38230.0,38480.0,38225.0,38453.0,10709.0
2024-01-01 09:45:00,38453.0,38532.0,38439.0,38532.0,21370.0
2024-01-01 09:46:00,38525.0,38547.0,38405.0,38429.0,8325.0
2024-01-01 09:47:00,38438.0,38459.0,38289.0,38322.0,9874.0
2024-01-01 09:48:00,38316.0,38436.0,38305.0,38412.0,3934.0
2024-01-01 09:49:00,38417.0,38435.0,38395.0,38425.0,4639.0
2024-01-01 09:50:00,38425.0,38533.0,38418.0,38515.0,19819.0
2024-01-01 09:51:00,38509.0,38529.0,38408.0,38437.0,13574.0
2024-01-01 09:52:00,38442.0,38448.0,38377.0,38409.0,17228.0
2024-01-01 09:53:00,38415.0,38419.0,38345.0,38361.0,18606.0
2024-01-01 09:54:00,38361.0,38421.0,38350.0,38406.0,13632.0
2024-01-01 09:55:00,38418.0,38615.0,38407.0,38605.0,10687.0
2024-01-01 09:56:00,38604.0,38621.0,38582.0,38585.0,6537.0
2024-01-01 09:57:00,38584.0,38711.0,38562.0,38684.0,21364.0
2024-01-01 09:58:00,38668.0,38669.0,38552.0,38552.0,21236.0
2024-01-01 09:59:00,38572.0,38713.0,38567.0,38704.0,11923.0
2024-01-01 10:00:00,38694.0,38880.0,38684.0,38865.0,7668.0
2024-01-01 10:01:00,38863.0,38878.0,38710.0,38727.0,16420.0
2024-01-01 10:02:00,38720.0,38778.0,38704.0,38757.0,19478.0
2024-01-01 10:03:00,38758.0,38774.0,38588.0,38620.0,5251.0
2024-01-01 10:04:00,38616.0,38632.0,38544.0,38563.0,10300.0
2024-01-01 10:05:00,38555.0,38750.0,38545.0,38728.0,17562.0
2024-01-01 10:06:00,38723.0,38805.0,38702.0,38780.0,18545.0
2024-01-01 10:07:00,38788.0,38795.0,38548.0,38557.0,7593.0
2024-01-01 10:08:00,38556.0,38571.0,38390.0,38426.0,6778.0
2024-01-01 10:09:00,38412.0,38430.0,38405.0,38421.0,14831.0
2024-01-01 10:10:00,38438.0,38497.0,38431.0,38464.0,4699.0
2024-01-01 10:11:00,38460.0,38726.0,38455.0,38725.0,9751.0
2024-01-01 10:12:00,38737.0,38757.0,38715.0,38748.0,10818.0
2024-01-01 10:13:00,38755.0,38893.0,38741.0,38874.0,9834.0
2024-01-01 10:14:00,38880.0,39024.0,38861.0,39014.0,11036.0
2024-01-01 10:15:00,39020.0,39299.0,39016.0,39296.0,16615.0
2024-01-01 10:16:00,39287.0,39348.0,39276.0,39338.0,5070.0
2024-01-01 10:17:00,39348.0,39540.0,39330.0,39517.0,14430.0
2024-01-01 10:18:00,39521.0,39536.0,39363.0,39370.0,12739.0
2024-01-01 10:19:00,39373.0,39387.0,39202.0,39202.0,8266.0
2024-01-01 10:20:00,39202.0,39202.0,39146.0,39168.0,7229.0
2024-01-01 10:21:00,39164.0,39185.0,39098.0,39133.0,20738.0
2024-01-01 10:22:00,39128.0,39170.0,39119.0,39140.0,6200.0
2024-01-01 10:23:00,39140.0,39154.0,39114.0,39125.0,18422.0
2024-01-01 10:24:00,39124.0,39185.0,39119.0,39147.0,8225.0
2024-01-01 10:25:00,39156.0,39224.0,39134.0,39205.0,97796.52428673326
2024-01-01 10:26:00,39209.0,39316.0,39200.0,39314.0,21438.0
2024-01-01 10:27:00,39314.0,39332.0,39278.0,39313.0,5429.0
2024-01-01 10:28:00,39307.0,39338.0,39284.0,39309.0,4702.0
2024-01-01 10:29:00,39300.0,39331.0,39284.0,39330.0,10025.0
2024-01-01 10:30:00,39332.0,39485.0,39328.0,39476.0,21376.0
2024-01-01 10:31:00,39482.0,39521.0,39471.0,39512.0,3850.0
2024-01-01 10:32:00,39515.0,39566.0,39511.0,39553.0,3815.0
2024-01-01 10:33:00,39550.0,39572.0,39426.0,39463.0,14288.0
2024-01-01 10:34:00,39471.0,39485.0,39385.0,39393.0,17633.0
2024-01-01 10:35:00,39395.0,39403.0,39337.0,39362.0,18983.0
2024-01-01 10:36:00,39365.0,39383.0,39291.0,39299.0,18478.0
2024-01-01 10:37:00,39300.0,39464.0,39293.0,39451.0,18556.0
2024-01-01 10:38:00,39451.0,39453.0,39380.0,39409.0,14931.0
2024-01-01 10:39:00,39410.0,39522.0,39400.0,39520.0,12845.0
2024-01-01 10:40:00,39533.0,39665.0,39517.0,39632.0,19820.0
2024-01-01 10:41:00,39621.0,39622.0,39400.0,39425.0,20901.0
2024-01-01 10:42:00,39420.0,39558.0,39400.0,39526.0,18465.0
2024-01-01 10:43:00,39518.0,39659.0,39517.0,39633.0,9021.0
2024-01-01 10:44:00,39637.0,39640.0,39526.0,39536.0,4342.0
2024-01-01 10:45:00,39538.0,39542.0,39443.0,39461.0,7790.0
2024-01-01 10:46:00,39466.0,39577.0,39445.0,39564.0,14556.0
2024-01-01 10:47:00,39568.0,39568.0,39443.0,39467.0,20566.0
2024-01-01 10:48:00,39461.0,39482.0,39354.0,39373.0,17926.0
2024-01-01 10:49:00,39365.0,39366.0,39322.0,39346.0,6832.0
2024-01-01 10:50:00,39353.0,39356.0,39287.0,39305.0,20142.0
2024-01-01 10:51:00,39294.0,39302.0,39254.0,39286.0,10063.0
2024-01-01 10:52:00,39291.0,39299.0,39137.0,39154.0,11657.0
2024-01-01 10:53:00,39147.0,39213.0,39139.0,39195.0,14476.0
2024-01-01 10:54:00,39193.0,39202.0,39113.0,39145.0,19448.0
2024-01-01 10:55:00,39144.0,39154.0,38951.0,38984.0,7495.0
2024-01-01 10:56:00,38990.0,38998.0,38946.0,38966.0,3820.0
2024-01-01 10:57:00,38953.0,38968.0,38933.0,38935.0,8216.0
2024-01-01 10:58:00,38933.0,39080.0,38927.0,39051.0,11848.0
2024-01-01 10:59:00,39050.0,39258.0,39039.0,39244.0,4201.0
2024-01-01 11:00:00,39250.0,39270.0,39040.0,39044.0,21787.0
2024-01-01 11:01:00,39040.0,39063.0,38946.0,38965.0,6089.0
2024-01-01 11:02:00,38956.0,38973.0,38904.0,38908.0,8877.0
2024-01-01 11:03:00,38896.0,39023.0,38880.0,38996.0,11707.0
2024-01-01 11:04:00,38987.0,38989.0,38757.0,38787.0,17655.0
2024-01-01 11:05:00,38784.0,38796.0,38725.0,38727.0,5962.0
2024-01-01 11:06:00,38705.0,38711.0,38616.0,38641.0,14630.0
2024-01-01 11:07:00,38640.0,38655.0,38553.0,38587.0,15977.0
2024-01-01 11:08:00,38594.0,38597.0,38343.0,38355.0,8239.0
2024-01-01 11:09:00,38355.0,38364.0,38166.0,38200.0,5404.0
2024-01-01 11:10:00,38194.0,38198.0,38082.0,38090.0,4528.0
2024-01-01 11:11:00,38088.0,38104.0,38073.0,38083.0,7776.0
2024-01-01 11:12:00,38091.0,38202.0,38087.0,38196.0,4774.0
2024-01-01 11:13:00,38214.0,38234.0,38137.0,38138.0,15432.0
2024-01-01 11:14:00,38141.0,38147.0,38049.0,38067.0,10437.0
2024-01-01 11:15:00,38059.0,38067.0,38024.0,38040.0,4808.0
2024-01-01 11:16:00,38054.0,38055.0,37922.0,37922.0,21996.0
2024-01-01 11:17:00,37914.0,37935.0,37895.0,37925.0,11046.0
2024-01-01 11:18:00,37929.0,37929.0,37856.0,37887.0,13959.0
2024-01-01 11:19:00,37892.0,38028.0,37875.0,38001.0,8905.0
2024-01-01 11:20:00,38005.0,38218.0,37990.0,38203.0,8310.0
2024-01-01 11:21:00,38208.0,38261.0,38191.0,38253.0,6037.0
2024-01-01 11:22:00,38258.0,38267.0,38126.0,38145.0,20576.0
2024-01-01 11:23:00,38143.0,38155.0,38043.0,38064.0,4432.0
2024-01-01 11:24:00,38064.0,38300.0,38042.0,38296.0,18306.0
2024-01-01 11:25:00,38296.0,38497.0,38291.0,38469.0,16582.0
2024-01-01 11:26:00,38461.0,38477.0,38401.0,38438.0,7805.0
2024-01-01 11:27:00,38445.0,38517.0,38427.0,38508.0,8532.0
2024-01-01 11:28:00,38502.0,38607.0,38497.0,38585.0,17441.0
2024-01-01 11:29:00,38585.0,38596.0,38526.0,38555.0,15473.0
2024-01-01 11:30:00,38563.0,38586.0,38469.0,38479.0,8901.0
2024-01-01 11:31:00,38492.0,38654.0,38490.0,38642.0,15816.0
2024-01-01 11:32:00,38650.0,38651.0,38517.0,38528.0,7762.0
2024-01-01 11:33:00,38518.0,38831.0,38496.0,38796.0,20127.0
2024-01-01 11:34:00,38809.0,38822.0,38556.0,38582.0,7194.0
2024-01-01 11:35:00,38589.0,38593.0,38465.0,38465.0,22026.0
2024-01-01 11:36:00,38465.0,38525.0,38461.0,38496.0,11062.0
2024-01-01 11:37:00,38503.0,38519.0,38393.0,38408.0,13569.0
2024-01-01 11:38:00,38421.0,38467.0,38408.0,38452.0,9040.0
2024-01-01 11:39:00,38460.0,38497.0,38450.0,38486.0,14409.0
2024-01-01 11:40:00,38487.0,38501.0,38487.0,38501.0,6861.0
2024-01-01 11:41:00,38491.0,38498.0,38287.0,38301.0,11350.0
2024-01-01 11:42:00,38301.0,38315.0,37973.0,37999.0,6973.0
2024-01-01 11:43:00,38005.0,38080.0,37988.0,38055.0,22028.0
2024-01-01 11:44:00,38060.0,38075.0,37997.0,38030.0,14802.0
2024-01-01 11:45:00,38037.0,38049.0,37834.0,37858.0,13452.0
2024-01-01 11:46:00,37862.0,37883.0,37487.0,37489.0,22157.0
2024-01-01 11:47:00,37497.0,37631.0,37475.0,37624.0,22362.0
2024-01-01 11:48:00,37617.0,37624.0,37466.0,37487.0,14132.0
2024-01-01 11:49:00,37462.0,37470.0,37329.0,37363.0,17631.0
2024-01-01 11:50:00,37373.0,37390.0,37335.0,37357.0,14235.0
2024-01-01 11:51:00,37356.0,37467.0,37354.0,37465.0,20598.0
2024-01-01 11:52:00,37469.0,37612.0,37458.0,37586.0,8171.0
2024-01-01 11:53:00,37595.0,37613.0,37577.0,37599.0,8639.0
2024-01-01 11:54:00,37598.0,37634.0,37585.0,37616.0,17154.0
2024-01-01 11:55:00,37627.0,37648.0,37541.0,37564.0,5553.0
2024-01-01 11:56:00,37563.0,37696.0,37560.0,37664.0,11276.0
2024-01-01 11:57:00,37663.0,37785.0,37647.0,37763.0,16041.0
2024-01-01 11:58:00,37760.0,37772.0,37692.0,37693.0,22109.0
2024-01-01 11:59:00,37693.0,37812.0,37675.0,37806.0,12592.0
2024-01-01 12:00:00,37788.0,37836.0,37784.0,37825.0,14283.0
2024-01-01 12:01:00,37817.0,37821.0,37795.0,37814.0,17824.0
2024-01-01 12:02:00,37825.0,37917.0,37820.0,37903.0,16138.0
2024-01-01 12:03:00,37907.0,38033.0,37898.0,38024.0,19257.0
2024-01-01 12:04:00,38022.0,38040.0,38021.0,38037.0,15157.0
2024-01-01 12:05:00,38033.0,38079.0,38029.0,38041.0,4951.0
2024-01-01 12:06:00,38038.0,38041.0,37967.0,38001.0,158077.39863550712
2024-01-01 12:07:00,38008.0,38072.0,37987.0,38065.0,4456.0
2024-01-01 12:08:00,38069.0,38091.0,37924.0,37934.0,10396.0
2024-01-01 12:09:00,37924.0,37932.0,37867.0,37899.0,7393.0
2024-01-01 12:10:00,37905.0,37922.0,37807.0,37833.0,21311.0
2024-01-01 12:11:00,37829.0,37838.0,37793.0,37825.0,4443.0
2024-01-01 12:12:00,37827.0,37876.0,37823.0,37871.0,6069.0
2024-01-01 12:13:00,37860.0,37880.0,37729.0,37758.0,6865.0
2024-01-01 12:14:00,37762.0,38032.0,37758.0,38031.0,17446.0
2024-01-01 12:15:00,38035.0,38046.0,37976.0,38010.0,19422.0
2024-01-01 12:16:00,37989.0,38107.0,37981.0,38094.0,21068.0
2024-01-01 12:17:00,38082.0,38086.0,38015.0,38035.0,10762.0
2024-01-01 12:18:00,38029.0,38051.0,37910.0,37918.0,6393.0
2024-01-01 12:19:00,37926.0,37935.0,37825.0,37839.0,21657.0
2024-01-01 12:20:00,37844.0,37889.0,37829.0,37875.0,20125.0
2024-01-01 12:21:00,37869.0,37977.0,37864.0,37940.0,6466.0
2024-01-01 12:22:00,37954.0,37960.0,37926.0,37930.0,13234.0
2024-01-01 12:23:00,37920.0,37925.0,37880.0,37889.0,21509.0
2024-01-01 12:24:00,37898.0,38124.0,37877.0,38103.0,17235.0
2024-01-01 12:25:00,38101.0,38347.0,38079.0,38322.0,17659.0
2024-01-01 12:26:00,38329.0,38343.0,38297.0,38322.0,15531.0
2024-01-01 12:27:00,38327.0,38414.0,38324.0,38382.0,13165.0
2024-01-01 12:28:00,38393.0,38413.0,38360.0,38364.0,19025.0
2024-01-01 12:29:00,38354.0,38448.0,38349.0,38439.0,10105.0
2024-01-01 12:30:00,38440.0,38444.0,38357.0,38378.0,9926.0
2024-01-01 12:31:00,38375.0,38394.0,38304.0,38310.0,8017.0
2024-01-01 12:32:00,38302.0,38449.0,38286.0,38440.0,15302.0
2024-01-01 12:33:00,38447.0,38456.0,38443.0,38450.0,5293.0
2024-01-01 12:34:00,38455.0,38515.0,38450.0,38492.0,8169.0
2024-01-01 12:35:00,38493.0,38502.0,38268.0,38279.0,20602.0
2024-01-01 12:36:00,38270.0,38314.0,38259.0,38309.0,12831.0
2024-01-01 12:37:00,38297.0,38306.0,38133.0,38167.0,19921.0
2024-01-01 12:38:00,38153.0,38165.0,38131.0,38134.0,7454.0
2024-01-01 12:39:00,38127.0,38180.0,38104.0,38170.0,10804.0
2024-01-01 12:40:00,38165.0,38250.0,38148.0,38213.0,10858.0
2024-01-01 12:41:00,38200.0,38209.0,38075.0,38079.0,16771.0
2024-01-01 12:42:00,38078.0,38092.0,37975.0,37978.0,4606.0
2024-01-01 12:43:00,37980.0,38032.0,37966.0,38030.0,14115.0
2024-01-01 12:44:00,38041.0,38257.0,38033.0,38241.0,8189.0
2024-01-01 12:45:00,38236.0,38394.0,38227.0,38385.0,15115.0
2024-01-01 12:46:00,38389.0,38407.0,38317.0,38332.0,16842.0
2024-01-01 12:47:00,38330.0,38336.0,38230.0,38232.0,18996.0
2024-01-01 12:48:00,38227.0,38246.0,38178.0,38208.0,16288.0
2024-01-01 12:49:00,38211.0,38277.0,38194.0,38254.0,11335.0
2024-01-01 12:50:00,38262.0,38283.0,38053.0,38087.0,7655.0
2024-01-01 12:51:00,38079.0,38091.0,38000.0,38016.0,4045.0
2024-01-01 12:52:00,38015.0,38017.0,37874.0,37906.0,7344.0
2024-01-01 12:53:00,37905.0,37914.0,37698.0,37731.0,12725.0
2024-01-01 12:54:00,37736.0,37759.0,37702.0,37732.0,19326.0
2024-01-01 12:55:00,37733.0,37750.0,37691.0,37702.0,7502.0
2024-01-01 12:56:00,37714.0,37774.0,37693.0,37740.0,12718.0
2024-01-01 12:57:00,37811.774,37830.66099999999,37792.886999999995,37823.106199999995,7970.0
2024-01-01 12:58:00,37606.0,37730.0,37586.0,37702.0,19114.0
2024-01-01 12:59:00,37704.0,37709.0,37500.0,37526.0,18892.0
2024-01-01 13:00:00,37528.0,37541.0,37471.0,37492.0,19793.0
2024-01-01 13:01:00,37490.0,37495.0,37429.0,37453.0,8871.0
2024-01-01 13:02:00,37451.0,37549.0,37445.0,37513.0,5190.0
2024-01-01 13:03:00,37504.0,37523.0,37736.226,37451.0,7462.0
2024-01-01 13:04:00,37455.0,37468.0,37432.0,37436.0,5513.0
2024-01-01 13:05:00,37437.0,37704.0,37437.0,37687.0,17234.0
2024-01-01 13:06:00,37675.0,37735.0,37654.0,37710.0,13628.0
2024-01-01 13:07:00,37708.0,37711.0,37667.0,37677.0,12069.0
2024-01-01 13:08:00,37668.0,37731.0,37646.0,37694.0,13005.0
2024-01-01 13:09:00,37684.0,37718.0,37676.0,37705.0,4604.0
2024-01-01 13:10:00,37710.0,37713.0,37667.0,37677.0,12580.0
2024-01-01 13:11:00,37667.0,37671.0,37624.0,37628.0,11164.0
2024-01-01 13:12:00,37626.0,37633.0,37577.0,37590.0,13259.0
2024-01-01 13:13:00,37596.0,37670.0,37588.0,37670.0,17414.0
2024-01-01 13:14:00,37672.0,37699.0,37670.0,37686.0,18079.0
2024-01-01 13:15:00,37678.0,37695.0,37338.0,37339.0,5725.0
2024-01-01 13:16:00,37334.0,37345.0,37193.0,37225.0,5256.0
2024-01-01 13:17:00,37228.0,37287.0,37228.0,37257.0,9519.0
2024-01-01 13:18:00,37258.0,37271.0,37159.0,37177.0,18949.0
2024-01-01 13:19:00,37167.0,37297.0,37153.0,37281.0,5317.0
2024-01-01 13:20:00,37277.0,37284.0,37133.0,37138.0,8303.0
2024-01-01 13:21:00,37124.0,37459.0,37107.0,37430.0,16290.0
2024-01-01 13:22:00,37418.0,37419.0,37375.0,37382.0,17108.0
2024-01-01 13:23:00,37382.0,37394.0,37213.0,37232.0,5069.0
2024-01-01 13:24:00,37230.0,37250.0,37200.0,37210.0,9852.0
2024-01-01 13:25:00,37204.0,37213.0,37097.0,37131.0,13722.0
2024-01-01 13:26:00,37132.0,37161.0,37129.0,37161.0,5853.0
2024-01-01 13:27:00,37165.0,37177.0,37098.0,37133.0,7489.0
2024-01-01 13:28:00,37128.0,37338.0,37123.0,37309.0,7968.0
2024-01-01 13:29:00,37304.0,37420.0,37285.0,37407.0,19649.0
2024-01-01 13:30:00,37407.0,37440.0,37395.0,37423.0,15593.0
2024-01-01 13:31:00,37433.0,37638.0,37427.0,37604.0,3831.0
2024-01-01 13:32:00,37605.0,37655.0,37589.0,37654.0,16900.0
2024-01-01 13:33:00,37655.0,37674.0,37565.0,37590.0,21745.0
2024-01-01 13:34:00,37579.0,37833.0,37567.0,37825.0,18876.0
2024-01-01 13:35:00,37837.0,37888.0,37824.0,37860.0,13835.0
2024-01-01 13:36:00,37859.0,37885.0,37839.0,37876.0,12285.0
2024-01-01 13:37:00,37882.0,37951.0,37867.0,37921.0,14855.0
2024-01-01 13:38:00,37915.0,37932.0,37848.0,37881.0,16212.0
2024-01-01 13:39:00,37881.0,37900.0,37730.0,37764.0,11747.0
2024-01-01 13:40:00,37766.0,37872.0,37752.0,37836.0,5878.0
2024-01-01 13:41:00,37837.0,37922.0,37820.0,37899.0,5290.0
2024-01-01 13:42:00,37902.0,37932.0,37880.0,37932.0,9391.0
2024-01-01 13:43:00,37924.0,37935.0,37922.0,37924.0,17602.0
2024-01-01 13:44:00,37929.0,37929.0,37844.0,37878.0,10828.0
2024-01-01 13:45:00,37879.0,38070.0,37863.0,38065.0,13340.0
2024-01-01 13:46:00,38062.0,37963.776,37930.0,38062.0,24786.0
2024-01-01 13:47:00,37938.0,38117.0,37812.222,38032.782,87649.16873308591
2024-01-01 13:48:00,38106.0,38123.0,37851.105,37895.058,14289.0
2024-01-01 13:49:00,37976.0,38068.0,37862.072,37978.89,19797.0
2024-01-01 13:50:00,38052.0,38181.0,37933.856,38070.706,8223.0
2024-01-01 13:51:00,38141.0,38151.0,38023.0,38045.0,15701.0
2024-01-01 13:52:00,38044.0,38187.0,38026.0,38173.0,5044.0
2024-01-01 13:53:00,38175.0,38202.0,38171.0,38198.0,5115.0
2024-01-01 13:54:00,38190.0,38277.0,38170.0,38246.0,9153.0
2024-01-01 13:55:00,38239.0,38252.0,38200.0,38213.0,4801.0
2024-01-01 13:56:00,38211.0,38369.0,38203.0,38336.0,19859.0
2024-01-01 13:57:00,38341.0,38364.0,38239.0,38273.0,20619.0
2024-01-01 13:58:00,38265.0,38328.0,38262.0,38306.0,10390.0
2024-01-01 13:59:00,38306.0,38378.0,38298.0,38344.0,7971.0
2024-01-01 14:00:00,38339.0,38359.0,38022.0,38038.0,8415.0
2024-01-01 14:01:00,38041.0,38047.0,37876.0,37911.0,4607.0
2024-01-01 14:02:00,37924.0,38040.0,37915.0,38015.0,19279.0
2024-01-01 14:03:00,38002.0,38082.0,37987.0,38078.0,17153.0
2024-01-01 14:04:00,38073.0,38136.0,38057.0,38117.0,7192.0
2024-01-01 14:05:00,38122.0,38124.0,37965.0,37974.0,10846.0
2024-01-01 14:06:00,37967.0,38240.0,37944.0,38216.0,12986.0
2024-01-01 14:07:00,38219.0,38350.0,38200.0,38325.0,9448.0
2024-01-01 14:08:00,38327.0,38348.0,38306.0,38329.0,11307.0
2024-01-01 14:09:00,38330.0,38334.0,38140.0,38177.0,20678.0
2024-01-01 14:10:00,38173.0,38245.0,38165.0,38214.0,5723.0
2024-01-01 14:11:00,38208.0,38384.0,38187.0,38354.0,18425.0
2024-01-01 14:12:00,38349.0,38400.0,38347.0,38400.0,5973.0
2024-01-01 14:13:00,38397.0,38633.0,38378.0,38626.0,48383.13209480616
2024-01-01 14:14:00,38619.0,38627.0,38530.0,38542.0,10745.0
2024-01-01 14:15:00,38546.0,38569.0,38514.0,38515.0,13802.0
2024-01-01 14:16:00,38514.0,38694.0,38503.0,38679.0,3937.0
2024-01-01 14:17:00,38674.0,38688.0,38566.0,38597.0,4235.0
2024-01-01 14:18:00,38605.0,38606.0,38546.0,38553.0,4981.0
2024-01-01 14:19:00,38558.0,38743.0,38552.0,38729.0,21343.0
2024-01-01 14:20:00,38720.0,38741.0,38571.0,38589.0,17973.0
2024-01-01 14:21:00,38579.0,38593.0,38448.0,38472.0,8355.0
2024-01-01 14:22:00,38487.0,38504.0,38412.0,38430.0,9742.0
2024-01-01 14:23:00,38425.0,38439.0,38254.0,38285.0,13864.0
2024-01-01 14:24:00,38287.0,38350.0,38272.0,38340.0,22007.0
2024-01-01 14:25:00,38338.0,38359.0,38254.0,38272.0,19274.0
2024-01-01 14:26:00,38275.0,38455.0,38257.0,38420.0,7487.0
2024-01-01 14:27:00,38405.0,38522.0,38393.0,38504.0,5767.0
2024-01-01 14:28:00,38513.0,38784.0,38500.0,38758.0,7462.0
2024-01-01 14:29:00,38755.0,38777.0,38547.0,38582.0,5739.0
2024-01-01 14:30:00,38591.0,38666.0,38579.0,38636.0,10189.0
2024-01-01 14:31:00,38626.0,38637.0,38472.0,38508.0,8510.0
2024-01-01 14:32:00,38509.0,38530.0,38503.0,38508.0,17826.0
2024-01-01 14:33:00,38502.0,38774.0,38491.0,38768.0,11876.0
2024-01-01 14:34:00,38771.0,38790.0,38755.0,38756.0,21142.0
2024-01-01 14:35:00,38747.0,38768.0,38686.0,38701.0,18316.0
2024-01-01 14:36:00,38708.0,38795.0,38689.0,38771.0,20001.0
2024-01-01 14:37:00,38767.0,38914.0,38764.0,38913.0,7480.0
2024-01-01 14:38:00,38912.0,38976.0,38892.0,38952.0,12423.0
2024-01-01 14:39:00,38945.0,39029.0,38935.0,39016.0,17760.0
2024-01-01 14:40:00,39014.0,39089.0,39000.0,39057.0,8463.0
2024-01-01 14:41:00,39059.0,39112.0,39036.0,39078.0,6720.0
2024-01-01 14:42:00,39069.0,39098.0,39048.0,39097.0,4637.0
2024-01-01 14:43:00,39101.0,39169.0,39083.0,39151.0,13604.0
2024-01-01 14:44:00,39141.0,39143.0,39042.0,39067.0,8002.0
2024-01-01 14:45:00,39066.0,39084.0,38994.0,39030.0,19065.0
2024-01-01 14:46:00,39030.0,39170.0,39022.0,39132.0,14545.0
2024-01-01 14:47:00,39126.0,39164.0,39118.0,39127.0,9125.0
2024-01-01 14:48:00,39120.0,39234.0,39105.0,39222.0,7014.0
2024-01-01 14:49:00,39232.0,39329.0,39223.0,39314.0,19371.0
2024-01-01 14:50:00,39327.0,39331.0,39268.0,39289.0,8513.0
2024-01-01 14:51:00,39290.0,39337.0,39282.0,39306.0,4659.0
2024-01-01 14:52:00,39318.0,39480.0,39305.0,39454.0,17024.0
2024-01-01 14:53:00,39459.0,39466.0,39416.0,39430.0,11022.0
2024-01-01 14:54:00,39432.0,39440.0,39398.0,39410.0,13798.0
2024-01-01 14:55:00,39432.0,39448.0,39373.0,39400.0,7518.0
2024-01-01 14:56:00,39395.0,39406.0,39357.0,39392.0,8840.0
2024-01-01 14:57:00,39392.0,39580.0,39383.0,39565.0,19674.0
2024-01-01 14:58:00,39551.0,39627.0,39529.0,39604.0,18407.0
2024-01-01 14:59:00,39594.0,39631.0,39586.0,39596.0,18280.0
2024-01-01 15:00:00,39592.0,39630.0,39585.0,39619.0,12711.0
2024-01-01 15:01:00,39616.0,39628.0,39518.0,39528.0,4107.0
2024-01-01 15:02:00,39544.0,39549.0,39512.0,39534.0,8056.0
2024-01-01 15:03:00,39518.0,39774.0,39510.0,39747.0,12161.0
2024-01-01 15:04:00,39746.0,39760.0,39742.0,39742.0,4693.0
2024-01-01 15:05:00,39747.0,39779.0,39744.0,39764.0,6866.0
2024-01-01 15:06:00,39768.0,39981.0,39766.0,39947.0,10444.0
2024-01-01 15:07:00,39948.0,40258.0,39940.0,40238.0,20485.0
2024-01-01 15:08:00,40238.0,40245.0,40181.0,40189.0,4852.0
2024-01-01 15:09:00,40193.0,40488.0,40179.0,40484.0,15121.0
2024-01-01 15:10:00,40496.0,40519.0,40332.0,40363.0,14948.0
2024-01-01 15:11:00,40375.0,40519.0,40369.0,40512.0,13578.0
2024-01-01 15:12:00,40510.0,40537.0,40492.0,40521.0,17028.0
2024-01-01 15:13:00,40509.0,40598.0,40501.0,40577.0,6290.0
2024-01-01 15:14:00,40574.0,40577.0,40449.0,40463.0,6762.0
2024-01-01 15:15:00,40444.0,40517.0,40434.0,40493.0,11815.0
2024-01-01 15:16:00,40486.0,40488.0,40457.0,40477.0,18342.0
2024-01-01 15:17:00,40476.0,40623.0,40463.0,40616.0,19400.0
2024-01-01 15:18:00,40624.0,40736.0,40605.0,40725.0,14562.0
2024-01-01 15:19:00,40732.0,40772.0,40717.0,40769.0,7634.0
2024-01-01 15:20:00,40766.0,40774.0,40723.0,40738.0,13022.0
2024-01-01 15:21:00,40746.0,40760.0,40734.0,40736.0,21401.0
2024-01-01 15:22:00,40729.0,40731.0,40525.0,40536.0,17455.0
2024-01-01 15:23:00,40549.0,40552.0,40350.0,40357.0,20241.0
2024-01-01 15:24:00,40356.0,40431.0,40348.0,40417.0,15100.0
2024-01-01 15:25:00,40406.0,40572.0,40381.0,40557.0,5441.0
2024-01-01 15:26:00,40556.0,40725.0,40555.0,40710.0,18088.0
2024-01-01 15:27:00,40710.0,40727.0,40669.0,40699.0,4871.0
2024-01-01 15:28:00,40712.0,40771.0,40694.0,40735.0,6682.0
2024-01-01 15:29:00,40732.0,40734.0,40664.0,40668.0,15899.0
2024-01-01 15:30:00,40684.0,40693.0,40599.0,40605.0,19199.0
2024-01-01 15:31:00,40617.0,40634.0,40553.0,40581.0,9432.0
2024-01-01 15:32:00,40579.0,40638.0,40563.0,40614.0,14061.0
2024-01-01 15:33:00,40620.0,40704.0,40607.0,40692.0,8930.0
2024-01-01 15:34:00,40685.0,40695.0,40566.0,40574.0,22353.0
2024-01-01 15:35:00,40581.0,40588.0,40576.0,40583.0,11655.0
2024-01-01 15:36:00,40584.0,40594.0,40443.0,40464.0,7122.0
2024-01-01 15:37:00,40465.0,40486.0,40406.0,40431.0,8045.0
2024-01-01 15:38:00,40440.0,40454.0,40270.0,40278.0,12206.0
2024-01-01 15:39:00,40273.0,40585.0,40269.0,40549.0,18781.0
2024-01-01 15:40:00,40548.0,40745.0,40545.0,40712.0,20560.0
2024-01-01 15:41:00,40712.0,40713.0,40644.0,40662.0,5356.0
2024-01-01 15:42:00,40668.0,40706.0,40653.0,40682.0,6779.0
2024-01-01 15:43:00,40682.0,40873.0,40667.0,40834.0,7098.0
2024-01-01 15:44:00,40833.0,40900.0,40810.0,40862.0,6884.0
2024-01-01 15:45:00,40862.0,40904.0,40859.0,40904.0,17300.0
2024-01-01 15:46:00,40899.0,41048.0,40892.0,41032.0,21393.0
2024-01-01 15:47:00,41030.0,41041.0,40973.0,40978.0,22330.0
2024-01-01 15:48:00,40982.0,41032.0,40979.0,40993.0,8763.0
2024-01-01 15:49:00,40995.0,41015.0,40901.0,40938.0,16159.0
2024-01-01 15:50:00,40935.0,40944.0,40700.0,40734.0,10522.0
2024-01-01 15:51:00,40721.0,40726.0,40676.0,40698.0,4412.0
2024-01-01 15:52:00,40699.0,40714.0,40480.0,40496.0,14602.0
2024-01-01 15:53:00,40499.0,40529.0,40494.0,40524.0,10261.0
2024-01-01 15:54:00,40510.0,40603.0,40493.0,40585.0,17811.0
2024-01-01 15:55:00,40585.0,40758.0,40575.0,40728.0,10536.0
2024-01-01 15:56:00,40721.0,40734.0,40671.0,40672.0,60629.359590329586
2024-01-01 15:57:00,40674.0,40676.0,40601.0,40605.0,9070.0
2024-01-01 15:58:00,40614.0,40677.0,40609.0,40667.0,7805.0
2024-01-01 15:59:00,40671.0,40682.0,40484.0,40506.0,10599.0
2024-01-01 16:00:00,40505.0,40524.0,40376.0,40396.0,5808.0
2024-01-01 16:01:00,40394.0,40412.0,40218.0,40244.0,10625.0
2024-01-01 16:02:00,40257.0,40272.0,40138.0,40177.0,14875.0
2024-01-01 16:03:00,40187.0,40203.0,40163.0,40186.0,8591.0
2024-01-01 16:04:00,40187.0,40192.0,40071.0,40107.0,16688.0
2024-01-01 16:05:00,40097.0,40120.0,39937.0,39954.0,12051.0
2024-01-01 16:06:00,39957.0,39978.0,39875.0,39886.0,20205.0
2024-01-01 16:07:00,39895.0,40029.0,39891.0,39993.0,4162.0
2024-01-01 16:08:00,39998.0,40071.0,39993.0,40041.0,15473.0
2024-01-01 16:09:00,40036.0,40050.0,40008.0,40029.0,12349.0
2024-01-01 16:10:00,40034.0,40128.0,40033.0,40124.0,4223.0
2024-01-01 16:11:00,40115.0,40117.0,40041.0,40055.0,6837.0
2024-01-01 16:12:00,40035.0,40340.0,40019.0,40319.0,18677.0
2024-01-01 16:13:00,40305.0,40311.0,40188.0,40196.0,3838.0
2024-01-01 16:14:00,40198.0,40240.0,40176.0,40233.0,15301.0
2024-01-01 16:15:00,40234.0,40373.0,40231.0,40361.0,19139.0
2024-01-01 16:16:00,40353.0,40401.0,40343.0,40380.0,21062.0
2024-01-01 16:17:00,40389.0,40406.0,40321.0,40358.0,16934.0
2024-01-01 16:18:00,40368.0,40374.0,40320.0,40321.0,5742.0
2024-01-01 16:19:00,40323.0,40327.0,40261.0,40264.0,8561.0
2024-01-01 16:20:00,40272.0,40294.0,40249.0,40293.0,9827.0
2024-01-01 16:21:00,40294.0,40470.0,40290.0,40435.0,17734.0
2024-01-01 16:22:00,40434.0,40454.0,40287.0,40319.0,18649.0
2024-01-01 16:23:00,40324.0,40337.0,40259.0,40276.0,5391.0
2024-01-01 16:24:00,40273.0,40295.0,40091.0,40117.0,20198.0
2024-01-01 16:25:00,40115.0,40134.0,39961.0,39971.0,7337.0
2024-01-01 16:26:00,39976.0,39977.0,39957.0,39968.0,5462.0
2024-01-01 16:27:00,39960.0,39965.0,39887.0,39906.0,7417.0
2024-01-01 16:28:00,39907.0,39914.0,39901.0,39901.0,89154.05951529744
2024-01-01 16:29:00,39903.0,39921.0,39832.0,39857.0,19033.0
2024-01-01 16:30:00,39853.0,39870.0,39745.0,39780.0,13269.0
2024-01-01 16:31:00,39758.0,39769.0,39731.0,39751.0,15139.0
2024-01-01 16:32:00,39761.0,39762.0,39576.0,39614.0,5811.0
2024-01-01 16:33:00,39610.0,39773.0,39595.0,39735.0,13939.0
2024-01-01 16:34:00,39737.0,39757.0,39736.0,39748.0,6469.0
2024-01-01 16:35:00,39743.0,39784.0,39727.0,39781.0,19365.0
2024-01-01 16:36:00,39789.0,39800.0,39600.0,39607.0,12790.0
2024-01-01 16:37:00,39619.0,39622.0,39409.0,39412.0,10682.0
2024-01-01 16:38:00,39429.0,39451.0,39377.0,39382.0,4995.0
2024-01-01 16:39:00,39386.0,39452.0,39380.0,39426.0,13930.0
2024-01-01 16:40:00,39416.0,39563.0,39412.0,39530.0,22188.0
2024-01-01 16:41:00,39542.0,39546.0,39421.0,39453.0,8596.0
2024-01-01 16:42:00,39449.0,39570.0,39446.0,39542.0,13145.0
2024-01-01 16:43:00,39533.0,39644.0,39524.0,39607.0,11471.0
2024-01-01 16:44:00,39603.0,39617.0,39545.0,39565.0,21511.0
2024-01-01 16:45:00,39557.0,39601.0,39549.0,39578.0,16258.0
2024-01-01 16:46:00,39572.0,39594.0,39484.0,39508.0,12518.0
2024-01-01 16:47:00,39515.0,39768.0,39505.0,39737.0,18998.0
2024-01-01 16:48:00,39730.0,39735.0,39571.0,39600.0,17395.0
2024-01-01 16:49:00,39591.0,39724.0,39569.0,39697.0,4981.0
2024-01-01 16:50:00,39704.0,39704.0,39600.0,39623.0,21780.0
2024-01-01 16:51:00,39620.0,39631.0,39540.0,39571.0,16814.0
2024-01-01 16:52:00,39574.0,39591.0,39468.0,39478.0,11543.0
2024-01-01 16:53:00,39476.0,39499.0,39455.0,39477.0,16243.0
2024-01-01 16:54:00,39475.0,39593.0,39467.0,39589.0,13993.0
2024-01-01 16:55:00,39583.0,39850.0,39576.0,39834.0,9284.0
2024-01-01 16:56:00,39829.0,39869.0,39810.0,39859.0,16231.0
2024-01-01 16:57:00,39856.0,39863.0,39721.0,39747.0,12721.0
2024-01-01 16:58:00,39751.0,39769.0,39569.0,39597.0,17016.0
2024-01-01 16:59:00,39593.0,39627.0,39574.0,39624.0,3816.0
2024-01-01 17:00:00,39626.0,39889.0,39610.0,39876.0,21892.0
2024-01-01 17:01:00,39862.0,40030.0,39853.0,40018.0,19786.0
2024-01-01 17:02:00,40018.0,40071.0,39997.0,40033.0,10499.0
2024-01-01 17:03:00,40030.0,40192.0,40026.0,40172.0,4456.0
2024-01-01 17:04:00,40160.0,40177.0,40035.0,40035.0,5470.0
2024-01-01 17:05:00,40031.0,40140.0,40027.0,40116.0,5911.0
2024-01-01 17:06:00,40099.0,40159.0,40092.0,40159.0,9391.0
2024-01-01 17:07:00,40165.0,40225.0,40164.0,40208.0,20400.0
2024-01-01 17:08:00,40217.0,40233.0,40108.0,40114.0,21749.0
2024-01-01 17:09:00,40126.0,40142.0,40094.0,40100.0,20339.0
2024-01-01 17:10:00,40087.0,40353.0,40076.0,40331.0,13407.0
2024-01-01 17:11:00,40321.0,40333.0,40060.0,40063.0,17589.0
2024-01-01 17:12:00,40061.0,40081.0,40011.0,40020.0,8446.0
2024-01-01 17:13:00,40023.0,40025.0,39941.0,39963.0,13860.0
2024-01-01 17:14:00,39969.0,39992.0,39854.0,39888.0,5501.0
2024-01-01 17:15:00,39886.0,39897.0,39856.0,39878.0,99761.75864409625
2024-01-01 17:16:00,39885.0,39963.0,39882.0,39951.0,18889.0
2024-01-01 17:17:00,39951.0,40182.0,39951.0,40171.0,7122.0
2024-01-01 17:18:00,40171.0,40175.0,39807.0,39835.0,5488.0
2024-01-01 17:19:00,39826.0,39888.0,39824.0,39866.0,22061.0
2024-01-01 17:20:00,39874.0,39882.0,39786.0,39811.0,4209.0
2024-01-01 17:21:00,39808.0,39884.0,39789.0,39847.0,16419.0
2024-01-01 17:22:00,39856.0,39953.0,39849.0,39951.0,5742.0
2024-01-01 17:23:00,39945.0,39964.0,39900.0,39932.0,4944.0
2024-01-01 17:24:00,39918.0,40004.0,39897.0,39991.0,17740.0
2024-01-01 17:25:00,39989.0,39991.0,39885.0,39904.0,11681.0
2024-01-01 17:26:00,39906.0,39912.0,39781.0,39812.0,13080.0
2024-01-01 17:27:00,39807.0,39900.0,39785.0,39884.0,4905.0
2024-01-01 17:28:00,39889.0,40053.0,39870.0,40028.0,6775.0
2024-01-01 17:29:00,40013.0,40021.0,40001.0,40004.0,11200.0
2024-01-01 17:30:00,39997.0,40016.0,39937.0,39944.0,12538.0
2024-01-01 17:31:00,39949.0,39955.0,39877.0,39901.0,7369.0
2024-01-01 17:32:00,39901.0,40023.0,39895.0,40009.0,21419.0
2024-01-01 17:33:00,39995.0,40044.0,39973.0,40031.0,22009.0
2024-01-01 17:34:00,40026.0,40267.0,40022.0,40229.0,20286.0
2024-01-01 17:35:00,40230.0,40236.0,40207.0,40225.0,15209.0
2024-01-01 17:36:00,40221.0,40451.0,40200.0,40411.0,11003.0
2024-01-01 17:37:00,40420.0,40485.0,40414.0,40448.0,11148.0
2024-01-01 17:38:00,40459.0,40481.0,40385.0,40389.0,11636.0
2024-01-01 17:39:00,40389.0,40395.0,40140.0,40166.0,11865.0
2024-01-01 17:40:00,40188.0,40240.0,40169.0,40215.0,18107.0
2024-01-01 17:41:00,40195.0,40290.0,40195.0,40276.0,15981.0
2024-01-01 17:42:00,40277.0,40294.0,40253.0,40260.0,5142.0
2024-01-01 17:43:00,40263.0,40326.0,40248.0,40289.0,19099.0
2024-01-01 17:44:00,40287.0,40512.0,40272.0,40485.0,15038.0
2024-01-01 17:45:00,40481.0,40493.0,40397.0,40428.0,17381.0
2024-01-01 17:46:00,40423.0,40437.0,40334.0,40336.0,6202.0
2024-01-01 17:47:00,40343.0,40524.0,40338.0,40484.0,22414.0
2024-01-01 17:48:00,40487.0,40699.0,40482.0,40689.0,10557.0
2024-01-01 17:49:00,40697.0,41002.0,40686.0,40998.0,12220.0
2024-01-01 17:50:00,40992.0,40999.0,40875.0,40888.0,22001.0
2024-01-01 17:51:00,40885.0,40934.0,40870.0,40906.0,16840.0
2024-01-01 17:52:00,40903.0,40914.0,40777.0,40797.0,17236.0
2024-01-01 17:53:00,40798.0,40811.0,40506.0,40508.0,16822.0
2024-01-01 17:54:00,40501.0,40600.0,40477.0,40563.0,8266.0
2024-01-01 17:55:00,40570.0,40589.0,40444.0,40451.0,11904.0
2024-01-01 17:56:00,40433.0,40449.0,40307.0,40345.0,8369.0
2024-01-01 17:57:00,40352.0,40376.0,40271.0,40297.0,8190.0
2024-01-01 17:58:00,40305.0,40350.0,40290.0,40314.0,6869.0
2024-01-01 17:59:00,40305.0,40375.0,40303.0,40343.0,15923.0
2024-01-01 18:00:00,40336.0,40352.0,40324.0,40337.0,6426.0
2024-01-01 18:01:00,40333.0,40350.0,40208.0,40225.0,13763.0
2024-01-01 18:02:00,40234.0,40248.0,40019.0,40046.0,21252.0
2024-01-01 18:03:00,40048.0,40072.0,39799.0,39831.0,12583.0
2024-01-01 18:04:00,39835.0,39838.0,39655.0,39682.0,7098.0
2024-01-01 18:05:00,39678.0,39709.0,39671.0,39679.0,18203.0
2024-01-01 18:06:00,39690.0,39778.0,39682.0,39767.0,4256.0
2024-01-01 18:07:00,39767.0,39961.0,39767.0,39926.0,19632.0
2024-01-01 18:08:00,39917.0,40053.0,39913.0,40050.0,9671.0
2024-01-01 18:09:00,40052.0,40173.0,40031.0,40150.0,12995.0
2024-01-01 18:10:00,40150.0,40278.0,40127.0,40269.0,15432.0
2024-01-01 18:11:00,40255.0,40277.0,40214.0,40223.0,9510.0
2024-01-01 18:12:00,40217.0,40231.0,40096.0,40113.0,7514.0
2024-01-01 18:13:00,40111.0,40126.0,40082.0,40106.0,20812.0
2024-01-01 18:14:00,40106.0,40141.0,40093.0,40129.0,19784.0
2024-01-01 18:15:00,40149.0,40168.0,40128.0,40130.0,22292.0
2024-01-01 18:16:00,40130.0,40262.0,40121.0,40257.0,7989.0
2024-01-01 18:17:00,40265.0,40280.0,40168.0,40190.0,9496.0
2024-01-01 18:18:00,40183.0,40314.0,40166.0,40295.0,14245.0
2024-01-01 18:19:00,40292.0,40302.0,40220.0,40251.0,4937.0
2024-01-01 18:20:00,40254.0,40258.0,40178.0,40199.0,4309.0
2024-01-01 18:21:00,40196.0,40312.0,40174.0,40272.0,9697.0
2024-01-01 18:22:00,40282.0,40439.0,40282.0,40431.0,19969.0
2024-01-01 18:23:00,40444.0,40677.0,40432.0,40672.0,8177.0
2024-01-01 18:24:00,40680.0,40698.0,40629.0,40646.0,20159.0
2024-01-01 18:25:00,40669.0,40730.0,40651.0,40713.0,16712.0
2024-01-01 18:26:00,40714.0,40736.0,40616.0,40653.0,12459.0
2024-01-01 18:27:00,40667.0,40690.0,40542.0,40559.0,4809.0
2024-01-01 18:28:00,40539.0,40554.0,40356.0,40373.0,19333.0
2024-01-01 18:29:00,40386.0,40389.0,40303.0,40336.0,16469.0
2024-01-01 18:30:00,40345.0,40355.0,40295.0,40306.0,20855.0
2024-01-01 18:31:00,40310.0,40315.0,40037.0,40051.0,8979.0
2024-01-01 18:32:00,40053.0,40140.0,40037.0,40114.0,16202.0
2024-01-01 18:33:00,40114.0,40126.0,40004.0,40040.0,17547.0
2024-01-01 18:34:00,40031.0,40031.0,40021.0,40024.0,9238.0
2024-01-01 18:35:00,40017.0,40035.0,39945.0,39980.0,19919.0
2024-01-01 18:36:00,39983.0,40223.0,39978.0,40194.0,11530.0
2024-01-01 18:37:00,40179.0,40200.0,40005.0,40028.0,7575.0
2024-01-01 18:38:00,40034.0,40044.0,39958.0,39988.0,15220.0
2024-01-01 18:39:00,39983.0,40112.0,39967.0,40080.0,17002.0
2024-01-01 18:40:00,40094.0,40110.0,39982.0,40011.0,17363.0
2024-01-01 18:41:00,40026.0,40041.0,39822.0,39836.0,18332.0
2024-01-01 18:42:00,39834.0,39835.0,39810.0,39816.0,6182.0
2024-01-01 18:43:00,39809.0,39892.0,39796.0,39859.0,8213.0
2024-01-01 18:44:00,39860.0,39912.0,39855.0,39887.0,11492.0
2024-01-01 18:45:00,39878.0,39896.0,39800.0,39826.0,5045.0
2024-01-01 18:46:00,39822.0,39825.0,39765.0,39774.0,5424.0
2024-01-01 18:47:00,39771.0,39896.0,39760.0,39860.0,19212.0
2024-01-01 18:48:00,39855.0,39917.0,39844.0,39892.0,4607.0
2024-01-01 18:49:00,39908.0,40102.0,39900.0,40080.0,21958.0
2024-01-01 18:50:00,40088.0,40108.0,39795.0,39830.0,4150.0
2024-01-01 18:51:00,39829.0,39975.0,39815.0,39973.0,6154.0
2024-01-01 18:52:00,39980.0,40000.0,39908.0,39918.0,12772.0
2024-01-01 18:53:00,39911.0,40122.0,39892.0,40122.0,6601.0
2024-01-01 18:54:00,40111.0,40129.0,40003.0,40035.0,17289.0
2024-01-01 18:55:00,40038.0,40046.0,39878.0,39902.0,14520.0
2024-01-01 18:56:00,39899.0,39906.0,39774.0,39786.0,12638.0
2024-01-01 18:57:00,39772.0,39775.0,39743.0,39759.0,6742.0
2024-01-01 18:58:00,39760.0,39764.0,39539.0,39551.0,20476.0
2024-01-01 18:59:00,39543.0,39556.0,39467.0,39483.0,16016.0
2024-01-01 19:00:00,39474.0,39481.0,39388.0,39409.0,13280.0
2024-01-01 19:01:00,39423.0,39440.0,39155.0,39191.0,4976.0
2024-01-01 19:02:00,39185.0,39331.0,39167.0,39311.0,6279.0
2024-01-01 19:03:00,39313.0,39370.0,39312.0,39336.0,8324.0
2024-01-01 19:04:00,39343.0,39392.0,39335.0,39369.0,9910.0
2024-01-01 19:05:00,39357.0,39544.0,39344.0,39541.0,12671.0
2024-01-01 19:06:00,39544.0,39734.0,39526.0,39699.0,17954.0
2024-01-01 19:07:00,39705.0,39762.0,39695.0,39730.0,10320.0
2024-01-01 19:08:00,39718.0,39729.0,39701.0,39721.0,9614.0
2024-01-01 19:09:00,39711.0,39730.0,39691.0,39715.0,17084.0
2024-01-01 19:10:00,39732.0,39739.0,39575.0,39608.0,4157.0
2024-01-01 19:11:00,39616.0,39632.0,39384.0,39410.0,16850.0
2024-01-01 19:12:00,39403.0,39651.0,39387.0,39637.0,17558.0
2024-01-01 19:13:00,39634.0,39802.0,39613.0,39787.0,6703.0
2024-01-01 19:14:00,39793.0,40052.0,39788.0,40016.0,6002.0
2024-01-01 19:15:00,40014.0,40057.0,40011.0,40028.0,18319.0
2024-01-01 19:16:00,40027.0,40049.0,39962.0,39969.0,5702.0
2024-01-01 19:17:00,39968.0,39980.0,39925.0,39957.0,18484.0
2024-01-01 19:18:00,39967.0,39970.0,39872.0,39904.0,5970.0
2024-01-01 19:19:00,39902.0,39913.0,39706.0,39732.0,98894.5180020746
2024-01-01 19:20:00,39732.0,39953.0,39720.0,39935.0,15196.0
2024-01-01 19:21:00,39934.0,39948.0,39808.0,39815.0,13799.0
2024-01-01 19:22:00,39815.0,39823.0,39723.0,39731.0,10407.0
2024-01-01 19:23:00,39728.0,39740.0,39722.0,39732.0,19109.0
2024-01-01 19:24:00,39745.0,39806.0,39727.0,39787.0,13224.0
2024-01-01 19:25:00,39786.0,39800.0,39646.0,39663.0,11422.0
2024-01-01 19:26:00,39662.0,39679.0,39600.0,39627.0,22307.0
2024-01-01 19:27:00,39642.0,39658.0,39589.0,39590.0,9142.0
2024-01-01 19:28:00,39590.0,39607.0,39526.0,39541.0,13081.0
2024-01-01 19:29:00,39537.0,39685.0,39519.0,39660.0,5569.0
2024-01-01 19:30:00,39658.0,39681.0,39639.0,39646.0,19891.0
2024-01-01 19:31:00,39654.0,39665.0,39524.0,39559.0,12930.0
2024-01-01 19:32:00,39555.0,39558.0,39447.0,39477.0,21689.0
2024-01-01 19:33:00,39467.0,39570.0,39455.0,39553.0,13247.0
2024-01-01 19:34:00,39550.0,39735.0,39547.0,39699.0,6696.0
2024-01-01 19:35:00,39686.0,39890.0,39663.0,39866.0,21997.0
2024-01-01 19:36:00,39871.0,39919.0,39857.0,39887.0,8327.0
2024-01-01 19:37:00,39876.0,40143.0,39862.0,40117.0,10603.0
2024-01-01 19:38:00,40115.0,40216.0,40099.0,40198.0,20594.0
2024-01-01 19:39:00,40203.0,40216.0,40078.0,40079.0,15388.0
2024-01-01 19:40:00,40064.0,40073.0,39947.0,39960.0,15307.0
2024-01-01 19:41:00,39962.0,39965.0,39928.0,39942.0,17590.0
2024-01-01 19:42:00,39942.0,39961.0,39889.0,39917.0,8573.0
2024-01-01 19:43:00,39906.0,39982.0,39886.0,39948.0,18376.0
2024-01-01 19:44:00,39947.0,40033.0,39923.0,40029.0,3904.0
2024-01-01 19:45:00,40023.0,40187.0,40009.0,40161.0,8033.0
2024-01-01 19:46:00,40153.0,40293.0,40151.0,40270.0,21775.0
2024-01-01 19:47:00,40269.0,40290.0,40237.0,40252.0,12694.0
2024-01-01 19:48:00,40250.0,40259.0,40126.0,40159.0,20647.0
2024-01-01 19:49:00,40163.0,40215.0,40142.0,40185.0,14881.0
2024-01-01 19:50:00,40170.0,40230.0,40159.0,40230.0,11999.0
2024-01-01 19:51:00,40240.0,40252.0,40220.0,40240.0,7021.0
2024-01-01 19:52:00,40240.0,40245.0,40160.0,40167.0,6410.0
2024-01-01 19:53:00,40179.0,40197.0,40168.0,40184.0,5294.0
2024-01-01 19:54:00,40198.0,40217.0,40075.0,40100.0,9236.0
2024-01-01 19:55:00,40093.0,40103.0,40071.0,40076.0,13253.0
2024-01-01 19:56:00,40085.0,40130.0,40076.0,40106.0,10402.0
2024-01-01 19:57:00,40098.0,40155.0,40086.0,40129.0,13035.0
2024-01-01 19:58:00,40122.0,40134.0,40000.0,40005.0,3832.0
2024-01-01 19:59:00,39993.0,39996.0,39856.0,39862.0,11446.0
2024-01-01 20:00:00,39865.0,39874.0,39731.0,39740.0,18198.0
2024-01-01 20:01:00,39752.0,39873.0,39729.0,39867.0,19256.0
2024-01-01 20:02:00,39857.0,39887.0,39835.0,39879.0,13637.0
2024-01-01 20:03:00,39881.0,39891.0,39688.0,39697.0,14823.0
2024-01-01 20:04:00,39703.0,39885.0,39685.0,39869.0,5195.0
2024-01-01 20:05:00,39867.0,39880.0,39586.0,39589.0,4763.0
2024-01-01 20:06:00,39589.0,39821.0,39571.0,39794.0,4161.0
2024-01-01 20:07:00,39804.0,39814.0,39605.0,39638.0,4394.0
2024-01-01 20:08:00,39651.0,39665.0,39580.0,39586.0,21190.0
2024-01-01 20:09:00,39595.0,39616.0,39551.0,39582.0,4013.0
2024-01-01 20:10:00,39579.0,39588.0,39500.0,39533.0,21406.0
2024-01-01 20:11:00,39538.0,39545.0,39476.0,39515.0,21445.0
2024-01-01 20:12:00,39504.0,39518.0,39412.0,39421.0,20501.0
2024-01-01 20:13:00,39421.0,39532.0,39419.0,39511.0,4855.0
2024-01-01 20:14:00,39510.0,39607.0,39486.0,39584.0,20883.0
2024-01-01 20:15:00,39584.0,39606.0,39528.0,39565.0,5850.0
2024-01-01 20:16:00,39561.0,39639.0,39540.0,39608.0,16985.0
2024-01-01 20:17:00,39607.0,39611.0,39550.0,39572.0,22111.0
2024-01-01 20:18:00,39574.0,39819.0,39566.0,39789.0,4209.0
2024-01-01 20:19:00,39785.0,39885.0,39776.0,39868.0,9416.0
2024-01-01 20:20:00,39853.0,39921.0,39839.0,39907.0,7904.0
2024-01-01 20:21:00,39902.0,39989.0,39885.0,39951.0,17503.0
2024-01-01 20:22:00,39949.0,40068.0,39938.0,40050.0,21012.0
2024-01-01 20:23:00,40058.0,40249.0,40053.0,40215.0,20544.0
2024-01-01 20:24:00,40206.0,40217.0,40108.0,40136.0,17853.0
2024-01-01 20:25:00,40144.0,40147.0,40104.0,40129.0,11162.0
2024-01-01 20:26:00,40124.0,40201.0,40121.0,40188.0,5703.0
2024-01-01 20:27:00,40192.0,40244.0,40183.0,40221.0,21703.0
2024-01-01 20:28:00,40220.0,40304.0,40214.0,40284.0,19353.0
2024-01-01 20:29:00,40302.0,40369.0,40293.0,40357.0,5471.0
2024-01-01 20:30:00,40355.0,40484.0,40352.0,40448.0,12987.0
2024-01-01 20:31:00,40439.0,40440.0,40128.0,40142.0,21351.0
2024-01-01 20:32:00,40146.0,40165.0,40024.0,40037.0,10127.0
2024-01-01 20:33:00,40037.0,40039.0,39994.0,40017.0,5050.0
2024-01-01 20:34:00,40013.0,40091.0,39998.0,40057.0,17370.0
2024-01-01 20:35:00,40066.0,40068.0,40033.0,40049.0,13317.0
2024-01-01 20:36:00,40065.0,40072.0,39917.0,39944.0,18098.0
2024-01-01 20:37:00,39948.0,40201.0,39926.0,40169.0,4504.0
2024-01-01 20:38:00,40171.0,40183.0,40056.0,40095.0,6859.0
2024-01-01 20:39:00,40100.0,40114.0,40073.0,40086.0,21049.0
2024-01-01 20:40:00,40085.0,40087.0,40030.0,40066.0,21232.0
2024-01-01 20:41:00,40056.0,40071.0,39924.0,39943.0,13652.0
2024-01-01 20:42:00,39940.0,40096.0,39919.0,40077.0,6933.0
2024-01-01 20:43:00,40083.0,40232.0,40062.0,40216.0,19797.0
2024-01-01 20:44:00,40218.0,40390.0,40205.0,40376.0,15295.0
2024-01-01 20:45:00,40365.0,40643.0,40351.0,40623.0,14252.0
2024-01-01 20:46:00,40630.0,40640.0,40580.0,40613.0,13871.0
2024-01-01 20:47:00,40615.0,40812.0,40607.0,40778.0,10485.0
2024-01-01 20:48:00,40778.0,40779.0,40497.0,40523.0,17080.0
2024-01-01 20:49:00,40526.0,40530.0,40446.0,40476.0,77484.75702307702
2024-01-01 20:50:00,40478.0,40494.0,40339.0,40346.0,4572.0
2024-01-01 20:51:00,40343.0,40362.0,40180.0,40214.0,19814.0
2024-01-01 20:52:00,40215.0,40223.0,40145.0,40179.0,17097.0
2024-01-01 20:53:00,40189.0,40372.0,40166.0,40345.0,13586.0
2024-01-01 20:54:00,40348.0,40392.0,40340.0,40379.0,14669.0
2024-01-01 20:55:00,40376.0,40395.0,40260.0,40288.0,17106.0
2024-01-01 20:56:00,40271.0,40294.0,40189.0,40212.0,15607.0
2024-01-01 20:57:00,40219.0,40295.0,40216.0,40274.0,15674.0
2024-01-01 20:58:00,40275.0,40454.0,40257.0,40450.0,16876.0
2024-01-01 20:59:00,40454.0,40541.0,40440.0,40502.0,22163.0
2024-01-01 21:00:00,40505.0,40637.0,40503.0,40621.0,4971.0
2024-01-01 21:01:00,40612.0,40622.0,40473.0,40491.0,5336.0
2024-01-01 21:02:00,40486.0,40659.0,40467.0,40630.0,12440.0
2024-01-01 21:03:00,40626.0,40669.0,40624.0,40637.0,22026.0
2024-01-01 21:04:00,40637.0,40653.0,40497.0,40524.0,130187.68265390418
2024-01-01 21:05:00,40532.0,40555.0,40416.0,40440.0,8241.0
2024-01-01 21:06:00,40442.0,40750.0,40431.0,40722.0,6565.0
2024-01-01 21:07:00,40739.0,40796.0,40722.0,40763.0,20025.0
2024-01-01 21:08:00,40754.0,40807.0,40734.0,40805.0,8914.0
2024-01-01 21:09:00,40804.0,40809.0,40431.0,40444.0,9379.0
2024-01-01 21:10:00,40446.0,40455.0,40179.0,40194.0,8367.0
2024-01-01 21:11:00,40180.0,40201.0,40158.0,40160.0,9398.0
2024-01-01 21:12:00,40161.0,40168.0,39982.0,40013.0,10543.0
2024-01-01 21:13:00,40019.0,40021.0,39957.0,39967.0,20448.0
2024-01-01 21:14:00,39951.0,39953.0,39918.0,39919.0,9807.0
2024-01-01 21:15:00,39919.0,39927.0,39761.0,39788.0,13812.0
2024-01-01 21:16:00,39801.0,39823.0,39666.0,39691.0,7698.0
2024-01-01 21:17:00,39695.0,39717.0,39632.0,39666.0,8788.0
2024-01-01 21:18:00,39679.0,39682.0,39541.0,39571.0,7911.0
2024-01-01 21:19:00,39571.0,39636.0,39568.0,39614.0,7212.0
2024-01-01 21:20:00,39606.0,39607.0,39555.0,39561.0,9739.0
2024-01-01 21:21:00,39555.0,39767.0,39533.0,39738.0,4811.0
2024-01-01 21:22:00,39741.0,39883.0,39724.0,39849.0,21790.0
2024-01-01 21:23:00,39840.0,39863.0,39792.0,39826.0,17619.0
2024-01-01 21:24:00,39812.0,39894.0,39802.0,39877.0,20134.0
2024-01-01 21:25:00,39885.0,39891.0,39841.0,39865.0,19185.0
2024-01-01 21:26:00,39864.0,39872.0,39744.0,39778.0,18469.0
2024-01-01 21:27:00,39770.0,39772.0,39751.0,39761.0,20325.0
2024-01-01 21:28:00,39762.0,39769.0,39735.0,39757.0,20123.0
2024-01-01 21:29:00,39754.0,39936.0,39754.0,39934.0,8637.0
2024-01-01 21:30:00,39954.0,40032.0,39940.0,39994.0,17924.0
2024-01-01 21:31:00,40004.0,40010.0,39856.0,39866.0,11484.0
2024-01-01 21:32:00,39866.0,39934.0,39850.0,39926.0,17537.0
2024-01-01 21:33:00,39943.0,39965.0,39851.0,39864.0,22407.0
2024-01-01 21:34:00,39855.0,39865.0,39750.0,39774.0,6926.0
2024-01-01 21:35:00,39784.0,39803.0,39715.0,39753.0,4981.0
2024-01-01 21:36:00,39746.0,39754.0,39436.0,39471.0,8981.0
2024-01-01 21:37:00,39466.0,39489.0,39384.0,39416.0,11698.0
2024-01-01 21:38:00,39405.0,39456.0,39396.0,39449.0,20230.0
2024-01-01 21:39:00,39457.0,39513.0,39438.0,39508.0,17217.0
2024-01-01 21:40:00,39504.0,39582.0,39489.0,39568.0,14176.0
2024-01-01 21:41:00,39565.0,39627.0,39563.0,39619.0,9376.0
2024-01-01 21:42:00,39631.0,39634.0,39579.0,39594.0,9949.0
2024-01-01 21:43:00,39591.0,39697.0,39583.0,39677.0,16977.0
2024-01-01 21:44:00,39677.0,39736.0,39666.0,39722.0,6635.0
2024-01-01 21:45:00,39717.0,39937.0,39716.0,39927.0,18814.0
2024-01-01 21:46:00,39930.0,40082.0,39921.0,40050.0,13588.0
2024-01-01 21:47:00,40049.0,40057.0,39931.0,39967.0,18248.0
2024-01-01 21:48:00,39968.0,40118.0,39949.0,40079.0,19439.0
2024-01-01 21:49:00,40080.0,40158.0,40079.0,40157.0,6155.0
2024-01-01 21:50:00,40163.0,40200.0,40158.0,40169.0,6862.0
2024-01-01 21:51:00,40166.0,40248.0,40162.0,40230.0,12855.0
2024-01-01 21:52:00,40237.0,40303.0,40236.0,40279.0,17499.0
2024-01-01 21:53:00,40281.0,40295.0,40246.0,40261.0,14567.0
2024-01-01 21:54:00,40263.0,40266.0,40148.0,40165.0,6751.0
2024-01-01 21:55:00,40170.0,40190.0,40170.0,40180.0,18834.0
2024-01-01 21:56:00,40173.0,40191.0,40077.0,40113.0,5146.0
2024-01-01 21:57:00,40117.0,40301.0,40102.0,40269.0,8523.0
2024-01-01 21:58:00,40277.0,40484.0,40262.0,40477.0,6094.0
2024-01-01 21:59:00,40473.0,40573.0,40452.0,40557.0,7364.0
2024-01-01 22:00:00,40564.0,40565.0,40436.0,40451.0,7171.0
2024-01-01 22:01:00,40452.0,40542.0,40442.0,40517.0,5671.0
2024-01-01 22:02:00,40521.0,40542.0,40419.0,40420.0,8518.0
2024-01-01 22:03:00,40421.0,40421.0,40330.0,40344.0,5018.0
2024-01-01 22:04:00,40336.0,40345.0,40167.0,40170.0,4894.0
2024-01-01 22:05:00,40171.0,40177.0,40117.0,40122.0,12281.0
2024-01-01 22:06:00,40115.0,40117.0,39926.0,39962.0,3153.0
2024-01-01 22:07:00,39954.0,40050.0,39937.0,40019.0,10878.0
2024-01-01 22:08:00,40026.0,40031.0,39875.0,39913.0,12111.0
2024-01-01 22:09:00,39915.0,40029.0,39910.0,39998.0,6218.0
2024-01-01 22:10:00,40003.0,40011.0,39898.0,39925.0,8657.0
2024-01-01 22:11:00,39934.0,39937.0,39880.0,39898.0,12002.0
2024-01-01 22:12:00,39903.0,40027.0,39898.0,40019.0,9428.0
2024-01-01 22:13:00,40029.0,40074.0,40017.0,40058.0,13742.0
2024-01-01 22:14:00,40061.0,40083.0,39854.0,39884.0,11716.0
2024-01-01 22:15:00,39886.0,39926.0,39868.0,39910.0,8512.0
2024-01-01 22:16:00,39910.0,40003.0,39906.0,39987.0,11617.0
2024-01-01 22:17:00,39973.0,39995.0,39840.0,39868.0,3881.0
2024-01-01 22:18:00,39865.0,39881.0,39820.0,39828.0,6616.0
2024-01-01 22:19:00,39837.0,39881.0,39815.0,39849.0,7464.0
2024-01-01 22:20:00,39839.0,39933.0,39828.0,39921.0,7022.0
2024-01-01 22:21:00,39917.0,40012.0,39916.0,39994.0,5616.0
2024-01-01 22:22:00,39981.0,39985.0,39929.0,39968.0,11567.0
2024-01-01 22:23:00,39980.0,40001.0,39844.0,39858.0,11089.0
2024-01-01 22:24:00,39842.0,39891.0,39829.0,39860.0,12941.0
2024-01-01 22:25:00,39862.0,39868.0,39754.0,39760.0,6397.0
2024-01-01 22:26:00,39758.0,39804.0,39746.0,39798.0,5227.0
2024-01-01 22:27:00,39812.0,39830.0,39718.0,39753.0,7309.0
2024-01-01 22:28:00,39747.0,39765.0,39568.0,39574.0,13617.0
2024-01-01 22:29:00,39564.0,39565.0,39487.0,39491.0,12297.0
2024-01-01 22:30:00,39483.0,39527.0,39467.0,39494.0,5089.0
2024-01-01 22:31:00,39492.0,39506.0,39461.0,39473.0,6586.0
2024-01-01 22:32:00,39468.0,39480.0,39394.0,39414.0,10071.0
2024-01-01 22:33:00,39397.0,39418.0,39207.0,39217.0,4822.0
2024-01-01 22:34:00,39214.0,39232.0,39196.0,39199.0,7688.0
2024-01-01 22:35:00,39204.0,39239.0,39201.0,39214.0,4286.0
2024-01-01 22:36:00,39203.0,39254.0,39184.0,39240.0,5434.0
2024-01-01 22:37:00,39242.0,39329.0,39232.0,39303.0,2647.0
2024-01-01 22:38:00,39302.0,39341.0,39282.0,39323.0,6410.0
2024-01-01 22:39:00,39319.0,39343.0,39261.0,39278.0,11064.0
2024-01-01 22:40:00,39280.0,39353.0,39267.0,39327.0,5025.0
2024-01-01 22:41:00,39335.0,39339.0,39284.0,39289.0,14392.0
2024-01-01 22:42:00,39286.0,39312.0,39275.0,39304.0,8880.0
2024-01-01 22:43:00,39311.0,39318.0,39276.0,39285.0,3799.0
2024-01-01 22:44:00,39291.0,39298.0,39214.0,39231.0,8538.0
2024-01-01 22:45:00,39237.0,39288.0,39227.0,39273.0,11450.0
2024-01-01 22:46:00,39264.0,39391.0,39244.0,39385.0,10301.0
2024-01-01 22:47:00,39376.0,39396.0,39357.0,39377.0,7041.0
2024-01-01 22:48:00,39371.0,39371.0,39340.0,39354.0,2668.0
2024-01-01 22:49:00,39343.0,39392.0,39325.0,39384.0,7360.0
2024-01-01 22:50:00,39385.0,39455.0,39375.0,39446.0,11248.0
2024-01-01 22:51:00,39450.0,39579.0,39438.0,39572.0,11247.0
2024-01-01 22:52:00,39566.0,39573.0,39528.0,39555.0,5598.0
2024-01-01 22:53:00,39556.0,39594.0,39533.0,39576.0,9475.0
2024-01-01 22:54:00,39572.0,39690.0,39567.0,39654.0,9997.0
2024-01-01 22:55:00,39650.0,39769.0,39632.0,39731.0,12798.0
2024-01-01 22:56:00,39732.0,39751.0,39489.0,39515.0,5855.0
2024-01-01 22:57:00,39520.0,39525.0,39339.0,39371.0,14680.0
2024-01-01 22:58:00,39375.0,39386.0,39319.0,39340.0,10402.0
2024-01-01 22:59:00,39349.0,39432.0,39346.0,39418.0,2656.0
2024-01-01 23:00:00,39416.0,39432.0,39404.0,39430.0,5946.0
2024-01-01 23:01:00,39429.0,39436.0,39366.0,39386.0,14750.0
2024-01-01 23:02:00,39384.0,39434.0,39370.0,39405.0,3803.0
2024-01-01 23:03:00,39410.0,39495.0,39405.0,39471.0,7099.0
2024-01-01 23:04:00,39466.0,39521.0,39455.0,39499.0,9654.0
2024-01-01 23:05:00,39496.0,39671.0,39488.0,39639.0,8417.0
2024-01-01 23:06:00,39629.0,39681.0,39614.0,39660.0,7974.0
2024-01-01 23:07:00,39643.0,39722.0,39635.0,39689.0,10993.0
2024-01-01 23:08:00,39697.0,39811.0,39696.0,39797.0,6067.0
2024-01-01 23:09:00,39805.0,39874.0,39791.0,39839.0,6635.0
2024-01-01 23:10:00,39841.0,39856.0,39795.0,39833.0,8828.0
2024-01-01 23:11:00,39826.0,39834.0,39665.0,39699.0,4776.0
2024-01-01 23:12:00,39692.0,39716.0,39670.0,39679.0,9951.0
2024-01-01 23:13:00,39670.0,39691.0,39579.0,39593.0,4335.0
2024-01-01 23:14:00,39609.0,39725.0,39588.0,39702.0,14605.0
2024-01-01 23:15:00,39716.0,39722.0,39573.0,39587.0,5414.0
2024-01-01 23:16:00,39584.0,39617.0,39565.0,39607.0,13873.0
2024-01-01 23:17:00,39618.0,39750.0,39599.0,39718.0,2698.0
2024-01-01 23:18:00,39716.0,39870.0,39695.0,39851.0,4205.0
2024-01-01 23:19:00,39850.0,39969.0,39846.0,39938.0,11338.0
2024-01-01 23:20:00,39941.0,40000.0,39937.0,39980.0,8042.0
2024-01-01 23:21:00,39983.0,40046.0,39971.0,40025.0,8963.0
2024-01-01 23:22:00,40012.0,40015.0,39982.0,39998.0,6955.0
2024-01-01 23:23:00,39987.0,40038.0,39970.0,40023.0,13107.0
2024-01-01 23:24:00,40035.0,40055.0,39937.0,39969.0,12695.0
2024-01-01 23:25:00,39966.0,40075.0,39965.0,40043.0,6376.0
2024-01-01 23:26:00,40065.0,40078.0,39960.0,40000.0,4398.0
2024-01-01 23:27:00,40008.0,40155.0,39987.0,40129.0,2735.0
2024-01-01 23:28:00,40139.0,40149.0,40042.0,40052.0,11458.0
2024-01-01 23:29:00,40069.0,40146.0,40060.0,40125.0,14656.0
2024-01-01 23:30:00,40127.0,40134.0,40094.0,40103.0,4493.0
2024-01-01 23:31:00,40112.0,40118.0,40060.0,40080.0,11833.0
2024-01-01 23:32:00,40083.0,40094.0,40006.0,40019.0,8985.0
2024-01-01 23:33:00,40014.0,40035.0,39902.0,39923.0,14636.0
2024-01-01 23:34:00,39921.0,40170.0,39918.0,40152.0,9963.0
2024-01-01 23:35:00,40152.0,40153.0,40081.0,40107.0,11375.0
2024-01-01 23:36:00,40118.0,40148.0,40095.0,40125.0,7981.0
2024-01-01 23:37:00,40105.0,40243.0,40087.0,40206.0,13457.0
2024-01-01 23:38:00,40183.0,40264.0,40182.0,40261.0,6315.0
2024-01-01 23:39:00,40262.0,40300.0,40253.0,40286.0,3937.0
2024-01-01 23:40:00,40279.0,40430.0,40258.0,40396.0,14920.0
2024-01-01 23:41:00,40381.0,40401.0,40321.0,40359.0,2886.0
2024-01-01 23:42:00,40356.0,40364.0,40343.0,40347.0,13350.0
2024-01-01 23:43:00,40352.0,40369.0,40212.0,40248.0,7549.0
2024-01-01 23:44:00,40243.0,40289.0,40236.0,40275.0,13532.0
2024-01-01 23:45:00,40270.0,40291.0,40177.0,40200.0,6519.0
2024-01-01 23:46:00,40201.0,40246.0,40195.0,40209.0,13342.0
2024-01-01 23:47:00,40200.0,40303.0,40183.0,40291.0,12398.0
2024-01-01 23:48:00,40293.0,40294.0,40114.0,40153.0,7549.0
2024-01-01 23:49:00,40149.0,40271.0,40140.0,40267.0,4484.0
2024-01-01 23:50:00,40270.0,40394.0,40269.0,40367.0,5616.0
2024-01-01 23:51:00,40354.0,40371.0,40295.0,40328.0,8862.0
2024-01-01 23:52:00,40328.0,40337.0,40150.0,40170.0,14829.0
2024-01-01 23:53:00,40172.0,40188.0,40141.0,40170.0,13467.0
2024-01-01 23:54:00,40164.0,40240.0,40154.0,40213.0,12700.0
2024-01-01 23:55:00,40218.0,40297.0,40208.0,40268.0,6555.0
2024-01-01 23:56:00,40257.0,40321.0,40246.0,40291.0,12888.0
2024-01-01 23:57:00,40284.0,40376.0,40267.0,40359.0,14923.0
2024-01-01 23:58:00,40361.0,40377.0,40345.0,40366.0,4396.0
2024-01-01 23:59:00,40356.0,40359.0,40330.0,40336.0,13534.0
2024-01-02 00:00:00,40334.0,40335.0,40301.0,40327.0,7516.0
2024-01-02 00:01:00,40318.0,40362.0,40318.0,40334.0,14961.0
2024-01-02 00:02:00,40339.0,40343.0,40265.0,40289.0,8418.0
2024-01-02 00:03:00,40286.0,40394.0,40286.0,40368.0,6823.0
2024-01-02 00:04:00,40365.0,40388.0,40335.0,40338.0,3209.0
2024-01-02 00:05:00,40349.0,40356.0,40262.0,40285.0,14592.0
2024-01-02 00:06:00,40284.0,40322.0,40280.0,40321.0,2747.0
2024-01-02 00:07:00,40323.0,40332.0,40146.0,40167.0,3341.0
2024-01-02 00:08:00,40169.0,40232.0,40148.0,40201.0,13601.0
2024-01-02 00:09:00,40205.0,40298.0,40186.0,40272.0,13833.0
2024-01-02 00:10:00,40274.0,40457.0,40272.0,40432.0,9548.0
2024-01-02 00:11:00,40430.0,40450.0,40295.0,40330.0,14302.0
2024-01-02 00:12:00,40317.0,40342.0,40304.0,40339.0,3985.0
2024-01-02 00:13:00,40352.0,40372.0,40183.0,40185.0,10479.0
2024-01-02 00:14:00,40199.0,40206.0,40145.0,40177.0,5001.0
2024-01-02 00:15:00,40183.0,40187.0,40067.0,40099.0,9287.0
2024-01-02 00:16:00,40100.0,40121.0,40060.0,40085.0,14258.0
2024-01-02 00:17:00,40082.0,40088.0,40015.0,40028.0,11988.0
2024-01-02 00:18:00,40025.0,40033.0,39925.0,39944.0,12937.0
2024-01-02 00:19:00,39947.0,40010.0,39937.0,39985.0,5230.0
2024-01-02 00:20:00,39980.0,40186.0,39974.0,40169.0,7055.0
2024-01-02 00:21:00,40169.0,40182.0,40096.0,40116.0,4815.0
2024-01-02 00:22:00,40095.0,40204.0,40091.0,40202.0,3576.0
2024-01-02 00:23:00,40195.0,40200.0,40105.0,40130.0,14299.0
2024-01-02 00:24:00,40135.0,40192.0,40132.0,40175.0,13147.0
2024-01-02 00:25:00,40173.0,40252.0,40163.0,40240.0,7171.0
2024-01-02 00:26:00,40246.0,40270.0,40105.0,40137.0,12781.0
2024-01-02 00:27:00,40127.0,40151.0,40077.0,40106.0,12033.0
2024-01-02 00:28:00,40117.0,40119.0,40082.0,40103.0,10354.0
2024-01-02 00:29:00,40102.0,40133.0,40099.0,40109.0,10107.0
2024-01-02 00:30:00,40095.0,40168.0,40090.0,40143.0,7410.0
2024-01-02 00:31:00,40133.0,40156.0,40108.0,40116.0,9931.0
2024-01-02 00:32:00,40106.0,40123.0,40083.0,40113.0,9170.0
2024-01-02 00:33:00,40104.0,40255.0,40084.0,40219.0,10717.0
2024-01-02 00:34:00,40216.0,40226.0,40111.0,40133.0,11061.0
2024-01-02 00:35:00,40132.0,40132.0,40053.0,40079.0,2525.0
2024-01-02 00:36:00,40077.0,40080.0,40015.0,40054.0,10989.0
2024-01-02 00:37:00,40062.0,40077.0,39985.0,40021.0,8369.0
2024-01-02 00:38:00,40025.0,40028.0,39967.0,39984.0,9901.0
2024-01-02 00:39:00,39989.0,39997.0,39894.0,39901.0,6480.0
2024-01-02 00:40:00,39899.0,39987.0,39876.0,39986.0,4134.0
2024-01-02 00:41:00,39988.0,40043.0,39986.0,40014.0,2857.0
2024-01-02 00:42:00,40018.0,40040.0,39919.0,39943.0,11236.0
2024-01-02 00:43:00,39945.0,39963.0,39901.0,39911.0,10421.0
2024-01-02 00:44:00,39911.0,39918.0,39777.0,39785.0,5772.0
2024-01-02 00:45:00,39778.0,39810.0,39768.0,39798.0,8118.0
2024-01-02 00:46:00,39785.0,39806.0,39739.0,39743.0,6133.0
2024-01-02 00:47:00,39741.0,39797.0,39735.0,39758.0,12806.0
2024-01-02 00:48:00,39768.0,39784.0,39708.0,39748.0,14463.0
2024-01-02 00:49:00,39751.0,39887.0,39737.0,39860.0,4833.0
2024-01-02 00:50:00,39854.0,40063.0,39838.0,40048.0,4224.0
2024-01-02 00:51:00,40049.0,40069.0,39962.0,39986.0,12046.0
2024-01-02 00:52:00,39966.0,39975.0,39715.0,39736.0,9758.0
2024-01-02 00:53:00,39742.0,39801.0,39732.0,39778.0,14540.0
2024-01-02 00:54:00,39767.0,39784.0,39733.0,39766.0,5811.0
2024-01-02 00:55:00,39757.0,39803.0,39742.0,39800.0,14564.0
2024-01-02 00:56:00,39807.0,39828.0,39786.0,39825.0,11561.0
2024-01-02 00:57:00,39841.0,39985.0,39821.0,39959.0,10004.0
2024-01-02 00:58:00,39959.0,40144.0,39936.0,40122.0,14620.0
2024-01-02 00:59:00,40127.0,40131.0,40068.0,40108.0,7914.0
2024-01-02 01:00:00,40110.0,40125.0,39910.0,39944.0,7997.0
2024-01-02 01:01:00,39953.0,40124.0,39935.0,40107.0,8337.0
2024-01-02 01:02:00,40110.0,40111.0,40012.0,40029.0,10397.0
2024-01-02 01:03:00,40024.0,40028.0,39939.0,39973.0,9675.0
2024-01-02 01:04:00,39977.0,39999.0,39943.0,39956.0,8521.0
2024-01-02 01:05:00,39970.0,39985.0,39901.0,39904.0,2703.0
2024-01-02 01:06:00,39895.0,40068.0,39889.0,40059.0,3148.0
2024-01-02 01:07:00,40049.0,40067.0,40029.0,40046.0,12405.0
2024-01-02 01:08:00,40037.0,40037.0,40008.0,40028.0,5425.0
2024-01-02 01:09:00,40019.0,40040.0,39975.0,40003.0,3611.0
2024-01-02 01:10:00,40021.0,40082.0,40016.0,40047.0,4385.0
2024-01-02 01:11:00,40048.0,40190.0,40032.0,40159.0,37834.990992664316
2024-01-02 01:12:00,40157.0,40272.0,40142.0,40256.0,9543.0
2024-01-02 01:13:00,40249.0,40284.0,40243.0,40259.0,4611.0
2024-01-02 01:14:00,40255.0,40261.0,40154.0,40183.0,13752.0
2024-01-02 01:15:00,40178.0,40193.0,40110.0,40145.0,10780.0
2024-01-02 01:16:00,40150.0,40167.0,40054.0,40093.0,10966.0
2024-01-02 01:17:00,40079.0,40083.0,39918.0,39932.0,6473.0
2024-01-02 01:18:00,39937.0,40055.0,39925.0,40032.0,13304.0
2024-01-02 01:19:00,40032.0,40128.0,40026.0,40108.0,11456.0
2024-01-02 01:20:00,40097.0,40184.0,40089.0,40162.0,12403.0
2024-01-02 01:21:00,40162.0,40204.248,39978.0,40162.0,8166.0
2024-01-02 01:22:00,40001.0,40084.0,39868.036,40001.836,3403.0
2024-01-02 01:23:00,40078.0,40228.0,39957.766,40133.572,9072.0
2024-01-02 01:24:00,40214.0,40231.0,40044.505,40115.608,14851.0
2024-01-02 01:25:00,40201.0,40258.0,40063.448,40138.562,10059.0
2024-01-02 01:26:00,40232.0,40273.0,40231.0,40261.0,6319.0
2024-01-02 01:27:00,40265.0,40287.0,40022.0,40030.0,5985.0
2024-01-02 01:28:00,40024.0,40098.0,40002.0,40059.0,11103.0
2024-01-02 01:29:00,40053.0,40065.0,40019.0,40048.0,3686.0
2024-01-02 01:30:00,40061.0,40067.0,39900.0,39905.0,8823.0
2024-01-02 01:31:00,39898.0,39981.0,39891.0,39957.0,5309.0
2024-01-02 01:32:00,39964.0,40043.0,39942.0,40021.0,14073.0
2024-01-02 01:33:00,40024.0,40145.0,40006.0,40119.0,11302.0
2024-01-02 01:34:00,40130.0,40183.0,40111.0,40156.0,9404.0
2024-01-02 01:35:00,40149.0,40311.462,40142.0,40149.0,39906.0
2024-01-02 01:36:00,40345.0,40353.0,40216.986,40269.3,11000.0
2024-01-02 01:37:00,40338.0,40502.0,40215.989,40397.044,4798.0
2024-01-02 01:38:00,40490.0,40510.0,40300.734,40361.116,9334.0
2024-01-02 01:39:00,40435.0,40490.0,40295.749,40389.06,3589.0
2024-01-02 01:40:00,40475.0,40487.0,40250.0,40268.0,12306.0
2024-01-02 01:41:00,40271.0,40379.0,40261.0,40356.0,12006.0
2024-01-02 01:42:00,40355.0,40362.0,40314.0,40339.0,13097.0
2024-01-02 01:43:00,40363.0,40543.0,40344.0,40543.0,5132.0
2024-01-02 01:44:00,40530.0,40583.0,40522.0,40573.0,4265.0
2024-01-02 01:45:00,40570.0,40592.0,40446.0,40459.0,4972.0
2024-01-02 01:46:00,40458.0,40471.0,40290.0,40324.0,12958.0
2024-01-02 01:47:00,40313.0,40325.0,40297.0,40318.0,8667.0
2024-01-02 01:48:00,40336.0,40343.0,40235.0,40245.0,14560.0
2024-01-02 01:49:00,40235.0,40241.0,40235.0,40237.0,11329.0
2024-01-02 01:50:00,40241.0,40337.0,40235.0,40300.0,10492.0
2024-01-02 01:51:00,40297.0,40371.0,40279.0,40370.0,8048.0
2024-01-02 01:52:00,40369.0,40431.0,40358.0,40429.0,14936.0
2024-01-02 01:53:00,40435.0,40447.0,40404.0,40408.0,3899.0
2024-01-02 01:54:00,40415.0,40464.0,40402.0,40432.0,7715.0
2024-01-02 01:55:00,40432.0,40452.0,40371.0,40409.0,9211.0
2024-01-02 01:56:00,40405.0,40489.0,40405.0,40477.0,7025.0
2024-01-02 01:57:00,40485.0,40506.0,40434.0,40458.0,6376.0
2024-01-02 01:58:00,40466.0,40528.0,40447.0,40527.0,9329.0
2024-01-02 01:59:00,40533.0,40669.0,40524.0,40652.0,9408.0
2024-01-02 02:00:00,40655.0,40679.0,40651.0,40672.0,11501.0
2024-01-02 02:01:00,40665.0,40764.0,40661.0,40758.0,8759.0
2024-01-02 02:02:00,40748.0,40754.0,40640.0,40662.0,7907.0
2024-01-02 02:03:00,40666.0,40790.0,40660.0,40788.0,13868.0
2024-01-02 02:04:00,40784.0,40807.0,40608.0,40639.0,5994.0
2024-01-02 02:05:00,40660.0,40721.0,40636.0,40703.0,8512.0
2024-01-02 02:06:00,40691.0,40787.0,40688.0,40765.0,5701.0
2024-01-02 02:07:00,40767.0,40880.0,40745.0,40849.0,10843.0
2024-01-02 02:08:00,40853.0,41034.0,40830.0,40999.0,13707.0
2024-01-02 02:09:00,41004.0,41077.0,41001.0,41047.0,7821.0
2024-01-02 02:10:00,41041.0,41057.0,40986.0,40987.0,9216.0
2024-01-02 02:11:00,40975.0,41044.0,40961.0,41029.0,10919.0
2024-01-02 02:12:00,41030.0,41031.0,40957.0,40964.0,9335.0
2024-01-02 02:13:00,40968.0,40976.0,40839.0,40852.0,8609.0
2024-01-02 02:14:00,40860.0,40884.0,40666.0,40694.0,12620.0
2024-01-02 02:15:00,40690.0,40693.0,40599.0,40618.0,7084.0
2024-01-02 02:16:00,40605.0,40609.0,40528.0,40561.0,11374.0
2024-01-02 02:17:00,40560.0,40687.0,40548.0,40660.0,6228.0
2024-01-02 02:18:00,40659.0,40674.0,40609.0,40642.0,14835.0
2024-01-02 02:19:00,40646.0,40651.0,40574.0,40586.0,13055.0
2024-01-02 02:20:00,40587.0,40589.0,40493.0,40507.0,8912.0
2024-01-02 02:21:00,40509.0,40589.0,40487.0,40553.0,7659.0
2024-01-02 02:22:00,40559.0,40682.0,40542.0,40656.0,8461.0
2024-01-02 02:23:00,40663.0,40671.0,40491.0,40509.0,2897.0
2024-01-02 02:24:00,40506.0,40611.0,40489.0,40590.0,10023.0
2024-01-02 02:25:00,40606.0,40630.0,40561.0,40574.0,6647.0
2024-01-02 02:26:00,40567.0,40644.0,40545.0,40623.0,13261.0
2024-01-02 02:27:00,40624.0,40676.0,40613.0,40670.0,4521.0
2024-01-02 02:28:00,40663.0,40744.0,40641.0,40730.0,4699.0
2024-01-02 02:29:00,40718.0,40727.0,40648.0,40673.0,7465.0
2024-01-02 02:30:00,40680.0,40748.0,40668.0,40715.0,10075.0
2024-01-02 02:31:00,40709.0,40786.0,40697.0,40749.0,12082.0
2024-01-02 02:32:00,40742.0,40794.0,40742.0,40772.0,5791.0
2024-01-02 02:33:00,40782.0,40822.0,40765.0,40788.0,7688.0
2024-01-02 02:34:00,40795.0,40805.0,40611.0,40616.0,3175.0
2024-01-02 02:35:00,40610.0,40694.0,40587.0,40675.0,19661.373066128548
2024-01-02 02:36:00,40691.0,40868.0,40672.0,40839.0,7468.0
2024-01-02 02:37:00,40840.0,40875.0,40822.0,40847.0,10283.0
2024-01-02 02:38:00,40842.0,40845.0,40736.0,40771.0,4412.0
2024-01-02 02:39:00,40771.0,40862.0,40770.0,40844.0,12903.0
2024-01-02 02:40:00,40856.0,40880.0,40655.0,40673.0,4984.0
2024-01-02 02:41:00,40666.0,40829.0,40658.0,40815.0,2930.0
2024-01-02 02:42:00,40818.0,40882.0,40812.0,40870.0,8646.0
2024-01-02 02:43:00,40857.0,41039.0,40846.0,41037.0,14435.0
2024-01-02 02:44:00,41031.0,41075.0,41015.0,41068.0,10557.0
2024-01-02 02:45:00,41078.0,41099.0,41060.0,41060.0,4660.0
2024-01-02 02:46:00,41063.0,41162.0,41062.0,41144.0,5032.0
2024-01-02 02:47:00,41140.0,41154.0,41041.0,41045.0,11476.0
2024-01-02 02:48:00,41038.0,41083.0,41019.0,41063.0,6080.0
2024-01-02 02:49:00,41054.0,41056.0,40954.0,40969.0,11321.0
2024-01-02 02:50:00,40968.0,40970.0,40916.0,40937.0,5274.0
2024-01-02 02:51:00,40937.0,40957.0,40883.0,40916.0,13896.0
2024-01-02 02:52:00,40920.0,40935.0,40832.0,40836.0,10695.0
2024-01-02 02:53:00,40837.0,40869.0,40824.0,40849.0,3860.0
2024-01-02 02:54:00,40858.0,40859.0,40731.0,40751.0,5346.0
2024-01-02 02:55:00,40734.0,40844.0,40717.0,40819.0,10816.0
2024-01-02 02:56:00,40824.0,40833.0,40805.0,40832.0,2633.0
2024-01-02 02:57:00,40834.0,40851.0,40761.0,40797.0,11276.0
2024-01-02 02:58:00,40802.0,40804.0,40663.0,40670.0,7508.0
2024-01-02 02:59:00,40669.0,40797.0,40649.0,40787.0,2851.0
2024-01-02 03:00:00,40797.0,40807.0,40753.0,40768.0,3108.0
2024-01-02 03:01:00,40769.0,40861.0,40765.0,40842.0,13918.0
2024-01-02 03:02:00,40832.0,40835.0,40746.0,40749.0,9508.0
2024-01-02 03:03:00,40754.0,40807.0,40732.0,40775.0,7477.0
2024-01-02 03:04:00,40769.0,40780.0,40719.0,40751.0,14008.0
2024-01-02 03:05:00,40758.0,40765.0,40727.0,40741.0,3644.0
2024-01-02 03:06:00,40741.0,40859.0,40727.0,40833.0,12180.0
2024-01-02 03:07:00,40830.0,40882.0,40809.0,40879.0,6112.0
2024-01-02 03:08:00,40879.0,40967.0,40869.0,40948.0,7292.0
2024-01-02 03:09:00,40934.0,40951.0,40895.0,40928.0,9317.0
2024-01-02 03:10:00,40932.0,41049.0,40926.0,41024.0,9804.0
2024-01-02 03:11:00,41006.0,41008.0,40921.0,40956.0,6978.0
2024-01-02 03:12:00,40956.0,41001.0,40951.0,40969.0,14791.0
2024-01-02 03:13:00,40965.0,40986.0,40946.0,40958.0,10095.0
2024-01-02 03:14:00,40958.0,40965.0,40911.0,40912.0,7890.0
2024-01-02 03:15:00,40912.0,40935.0,40892.0,40931.0,14732.0
2024-01-02 03:16:00,40932.0,41034.0,40926.0,41011.0,5115.0
2024-01-02 03:17:00,41010.0,41060.0,41001.0,41034.0,8406.0
2024-01-02 03:18:00,41043.0,41044.0,41008.0,41030.0,2768.0
2024-01-02 03:19:00,41030.0,41133.0,41020.0,41094.0,3065.0
2024-01-02 03:20:00,41101.0,41228.0,41092.0,41214.0,13886.0
2024-01-02 03:21:00,41204.0,41207.0,41152.0,41168.0,11037.0
2024-01-02 03:22:00,41165.0,41195.0,41141.0,41183.0,14478.0
2024-01-02 03:23:00,41181.0,41193.0,41074.0,41114.0,11824.0
2024-01-02 03:24:00,41112.0,41117.0,41061.0,41093.0,14404.0
2024-01-02 03:25:00,41092.0,41108.0,41030.0,41052.0,11924.0
2024-01-02 03:26:00,41057.0,41104.0,41042.0,41079.0,14500.0
2024-01-02 03:27:00,41082.0,41177.0,41069.0,41148.0,14546.0
2024-01-02 03:28:00,41145.0,41167.0,41123.0,41165.0,8666.0
2024-01-02 03:29:00,41164.0,41175.0,41160.0,41171.0,8267.0
2024-01-02 03:30:00,41171.0,41194.0,41132.0,41169.0,2748.0
2024-01-02 03:31:00,41163.0,41180.0,41030.0,41056.0,12306.0
2024-01-02 03:32:00,41049.0,41068.0,41026.0,41064.0,4493.0
2024-01-02 03:33:00,41069.0,41072.0,41033.0,41047.0,5363.0
2024-01-02 03:34:00,41045.0,41258.0,41042.0,41234.0,11365.0
2024-01-02 03:35:00,41230.0,41244.0,41207.0,41216.0,7040.0
2024-01-02 03:36:00,41212.0,41222.0,41183.0,41211.0,5067.0
2024-01-02 03:37:00,41217.0,41268.0,41198.0,41255.0,8774.0
2024-01-02 03:38:00,41243.0,41326.0,41226.0,41309.0,12759.0
2024-01-02 03:39:00,41311.0,41313.0,41226.0,41250.0,12319.0
2024-01-02 03:40:00,41245.0,41245.0,41175.0,41198.0,7099.0
2024-01-02 03:41:00,41205.0,41216.0,41076.0,41100.0,4531.0
2024-01-02 03:42:00,41087.0,41145.0,41072.0,41130.0,5971.0
2024-01-02 03:43:00,41131.0,41203.0,41114.0,41194.0,8298.0
2024-01-02 03:44:00,41181.0,41286.0,41167.0,41269.0,13128.0
2024-01-02 03:45:00,41280.0,41378.0,41260.0,41349.0,5690.0
2024-01-02 03:46:00,41347.0,41394.0,41335.0,41359.0,7278.0
2024-01-02 03:47:00,41360.0,41366.0,41204.0,41244.0,13443.0
2024-01-02 03:48:00,41233.0,41237.0,41136.0,41173.0,4985.0
2024-01-02 03:49:00,41181.0,41237.0,41175.0,41213.0,10805.0
2024-01-02 03:50:00,41203.0,41215.0,41100.0,41101.0,5489.0
2024-01-02 03:51:00,41112.0,41254.0,41108.0,41241.0,6594.0
2024-01-02 03:52:00,41227.0,41310.0,41219.0,41284.0,13783.0
2024-01-02 03:53:00,41280.0,41387.0,41263.0,41354.0,3528.0
2024-01-02 03:54:00,41349.0,41357.0,41262.0,41284.0,3183.0
2024-01-02 03:55:00,41273.0,41289.0,41212.0,41230.0,10247.0
2024-01-02 03:56:00,41238.0,41294.0,41218.0,41255.0,12694.0
2024-01-02 03:57:00,41256.0,41278.0,41217.0,41255.0,12088.0
2024-01-02 03:58:00,41258.0,41368.0,41252.0,41346.0,3121.0
2024-01-02 03:59:00,41352.0,41494.0,41350.0,41487.0,6355.0
2024-01-02 04:00:00,41483.0,41551.0,41471.0,41517.0,6656.0
2024-01-02 04:01:00,41514.0,41548.0,41492.0,41521.0,7999.0
2024-01-02 04:02:00,41524.0,41549.0,41445.0,41473.0,2964.0
2024-01-02 04:03:00,41477.0,41562.0,41454.0,41541.0,3721.0
2024-01-02 04:04:00,41552.0,41566.0,41493.0,41518.0,2854.0
2024-01-02 04:05:00,41513.0,41531.0,41342.0,41368.0,9893.0
2024-01-02 04:06:00,41364.0,41476.0,41358.0,41437.0,11762.0
2024-01-02 04:07:00,41443.0,41564.0,41425.0,41537.0,5031.0
2024-01-02 04:08:00,41530.0,41716.0,41526.0,41681.0,11776.0
2024-01-02 04:09:00,41677.0,41699.0,41611.0,41647.0,7534.0
2024-01-02 04:10:00,41644.0,41662.0,41468.0,41498.0,9116.0
2024-01-02 04:11:00,41504.0,41522.0,41414.0,41438.0,12081.0
2024-01-02 04:12:00,41439.0,41460.0,41387.0,41413.0,4102.0
2024-01-02 04:13:00,41409.0,41413.0,41358.0,41382.0,52359.20866388285
2024-01-02 04:14:00,41376.0,41495.0,41373.0,41455.0,8265.0
2024-01-02 04:15:00,41447.0,41516.0,41442.0,41506.0,3839.0
2024-01-02 04:16:00,41511.0,41548.0,41493.0,41522.0,10207.0
2024-01-02 04:17:00,41530.0,41536.0,41492.0,41516.0,10677.0
2024-01-02 04:18:00,41528.0,41530.0,41440.0,41463.0,4291.0
2024-01-02 04:19:00,41469.0,41510.0,41446.0,41473.0,3468.0
2024-01-02 04:20:00,41473.0,41655.0,41458.0,41630.0,14144.0
2024-01-02 04:21:00,41629.0,41724.0,41612.0,41690.0,2682.0
2024-01-02 04:22:00,41697.0,41761.0,41690.0,41727.0,6789.0
2024-01-02 04:23:00,41730.0,41743.0,41672.0,41683.0,13539.0
2024-01-02 04:24:00,41684.0,41686.0,41610.0,41618.0,6032.0
2024-01-02 04:25:00,41613.0,41632.0,41582.0,41594.0,14882.0
2024-01-02 04:26:00,41593.0,41737.0,41573.0,41708.0,3089.0
2024-01-02 04:27:00,41713.0,41714.0,41561.0,41602.0,5462.0
2024-01-02 04:28:00,41591.0,41840.0,41584.0,41819.0,14432.0
2024-01-02 04:29:00,41813.0,41830.0,41786.0,41807.0,14944.0
2024-01-02 04:30:00,41812.0,41813.0,41703.0,41737.0,13744.0
2024-01-02 04:31:00,41737.0,41754.0,41583.0,41616.0,11771.0
2024-01-02 04:32:00,41630.0,41647.0,41530.0,41563.0,7725.0
2024-01-02 04:33:00,41548.0,41602.0,41536.0,41592.0,6174.0
2024-01-02 04:34:00,41594.0,41602.0,41538.0,41569.0,3009.0
2024-01-02 04:35:00,41573.0,41591.0,41505.0,41525.0,11152.0
2024-01-02 04:36:00,41522.0,41651.0,41514.0,41614.0,5512.0
2024-01-02 04:37:00,41612.0,41728.0,41593.0,41723.0,5685.0
2024-01-02 04:38:00,41717.0,41889.0,41710.0,41865.0,3459.0
2024-01-02 04:39:00,41854.0,41910.0,41829.0,41890.0,2627.0
2024-01-02 04:40:00,41890.0,41898.0,41844.0,41874.0,4030.0
2024-01-02 04:41:00,41870.0,41891.0,41742.0,41782.0,13713.0
2024-01-02 04:42:00,41786.0,42019.0,41766.0,42015.0,4974.0
2024-01-02 04:43:00,42017.0,42037.0,41942.0,41976.0,7308.0
2024-01-02 04:44:00,41979.0,42121.0,41960.0,42087.0,3044.0
2024-01-02 04:45:00,42074.0,42237.0,42060.0,42218.0,12778.0
2024-01-02 04:46:00,42221.0,42230.0,42193.0,42215.0,10773.0
2024-01-02 04:47:00,42221.0,42286.0,42213.0,42264.0,12810.0
2024-01-02 04:48:00,42264.0,42285.0,42231.0,42234.0,2838.0
2024-01-02 04:49:00,42247.0,42378.0,42246.0,42337.0,8703.0
2024-01-02 04:50:00,42345.0,42356.0,42317.0,42318.0,10858.0
2024-01-02 04:51:00,42337.0,42342.0,42279.0,42306.0,5357.0
2024-01-02 04:52:00,42324.0,42325.0,42257.0,42295.0,8388.0
2024-01-02 04:53:00,42294.0,42296.0,42111.0,42151.0,13565.0
2024-01-02 04:54:00,42134.0,42140.0,42092.0,42125.0,7756.0
2024-01-02 04:55:00,42125.0,42132.0,41975.0,42004.0,7825.0
2024-01-02 04:56:00,42000.0,42237.0,41996.0,42207.0,11278.0
2024-01-02 04:57:00,42217.0,42302.0,42204.0,42284.0,4930.0
2024-01-02 04:58:00,42276.0,42363.0,42274.0,42333.0,11380.0
2024-01-02 04:59:00,42324.0,42444.0,42319.0,42416.0,3967.0
2024-01-02 05:00:00,42425.0,42443.0,42376.0,42381.0,8956.0
2024-01-02 05:01:00,42372.0,42405.0,42354.0,42373.0,9200.0
2024-01-02 05:02:00,42368.0,42440.0,42362.0,42436.0,7261.0
2024-01-02 05:03:00,42442.0,42448.0,42293.0,42320.0,10969.0
2024-01-02 05:04:00,42323.0,42347.0,42288.0,42291.0,3256.0
2024-01-02 05:05:00,42267.0,42288.0,42232.0,42261.0,3695.0
2024-01-02 05:06:00,42263.0,42284.0,42258.0,42274.0,8873.0
2024-01-02 05:07:00,42283.0,42398.0,42276.0,42396.0,14358.0
2024-01-02 05:08:00,42389.0,42431.0,42387.0,42418.0,11664.0
2024-01-02 05:09:00,42418.0,42419.0,42373.0,42410.0,13837.0
2024-01-02 05:10:00,42428.0,42451.0,42336.0,42369.0,5890.0
2024-01-02 05:11:00,42370.0,42394.0,42364.0,42380.0,10767.0
2024-01-02 05:12:00,42390.0,42404.0,42328.0,42349.0,12514.0
2024-01-02 05:13:00,42353.0,42411.0,42341.0,42394.0,12262.0
2024-01-02 05:14:00,42394.0,42412.0,42351.0,42385.0,8845.0
2024-01-02 05:15:00,42382.0,42382.0,42277.0,42311.0,7346.0
2024-01-02 05:16:00,42302.0,42327.0,42276.0,42289.0,8833.0
2024-01-02 05:17:00,42284.0,42285.0,42278.0,42281.0,8670.0
2024-01-02 05:18:00,42280.0,42456.0,42273.0,42443.0,12647.0
2024-01-02 05:19:00,42435.0,42499.0,42410.0,42474.0,6107.0
2024-01-02 05:20:00,42485.0,42628.0,42470.0,42614.0,7992.0
2024-01-02 05:21:00,42628.0,42647.0,42476.0,42504.0,10184.0
2024-01-02 05:22:00,42507.0,42522.0,42439.0,42472.0,6086.0
2024-01-02 05:23:00,42478.0,42487.0,42351.0,42381.0,14641.0
2024-01-02 05:24:00,42393.0,42396.0,42248.0,42261.0,8315.0
2024-01-02 05:25:00,42248.0,42385.0,42243.0,42352.0,6143.0
2024-01-02 05:26:00,42362.0,42479.0,42362.0,42465.0,3443.0
2024-01-02 05:27:00,42450.0,42582.0,42437.0,42576.0,7275.0
2024-01-02 05:28:00,42564.0,42576.0,42377.0,42416.0,11342.0
2024-01-02 05:29:00,42408.0,42462.0,42403.0,42429.0,5849.0
2024-01-02 05:30:00,42430.0,42437.0,42394.0,42414.0,2713.0
2024-01-02 05:31:00,42410.0,42434.0,42388.0,42406.0,9656.0
2024-01-02 05:32:00,42413.0,42419.0,42379.0,42379.0,7080.0
2024-01-02 05:33:00,42385.0,42547.0,42379.0,42516.0,5943.0
2024-01-02 05:34:00,42513.0,42523.0,42392.0,42399.0,4704.0
2024-01-02 05:35:00,42410.0,42435.0,42368.0,42370.0,13362.0
2024-01-02 05:36:00,42377.0,42463.0,42366.0,42451.0,5010.0
2024-01-02 05:37:00,42448.0,42541.0,42431.0,42513.0,3654.0
2024-01-02 05:38:00,42522.0,42545.0,42467.0,42508.0,5837.0
2024-01-02 05:39:00,42532.0,42574.0,42523.0,42562.0,2716.0
2024-01-02 05:40:00,42561.0,42600.0,42538.0,42575.0,13719.0
2024-01-02 05:41:00,42562.0,42586.0,42549.0,42576.0,4522.0
2024-01-02 05:42:00,42574.0,42587.0,42423.0,42430.0,13465.0
2024-01-02 05:43:00,42421.0,42446.0,42361.0,42399.0,10184.0
2024-01-02 05:44:00,42398.0,42410.0,42278.0,42304.0,11625.0
2024-01-02 05:45:00,42289.0,42372.0,42279.0,42345.0,11625.0
2024-01-02 05:46:00,42345.0,42362.0,42334.0,42346.0,11223.0
2024-01-02 05:47:00,42347.0,42365.0,42229.0,42270.0,3362.0
2024-01-02 05:48:00,42275.0,42328.0,42273.0,42300.0,13413.0
2024-01-02 05:49:00,42285.0,42335.0,42265.0,42313.0,3125.0
2024-01-02 05:50:00,42318.0,42341.0,42248.0,42257.0,13376.0
2024-01-02 05:51:00,42250.0,42256.0,42060.0,42080.0,8217.0
2024-01-02 05:52:00,42085.0,42167.0,42071.0,42143.0,4119.0
2024-01-02 05:53:00,42142.0,42153.0,42064.0,42096.0,14415.0
2024-01-02 05:54:00,42092.0,42098.0,41924.0,41964.0,11337.0
2024-01-02 05:55:00,41978.0,41995.0,41827.0,41840.0,11091.0
2024-01-02 05:56:00,41833.0,41904.0,41809.0,41882.0,14817.0
2024-01-02 05:57:00,41881.0,41900.0,41659.0,41686.0,61457.75599591381
2024-01-02 05:58:00,41694.0,41699.0,41641.0,41662.0,6628.0
2024-01-02 05:59:00,41656.0,41670.0,41550.0,41577.0,3401.0
2024-01-02 06:00:00,41584.0,41621.0,41561.0,41610.0,8348.0
2024-01-02 06:01:00,41606.0,41740.0,41591.0,41711.0,13400.0
2024-01-02 06:02:00,41706.0,41707.0,41645.0,41685.0,9398.0
2024-01-02 06:03:00,41684.0,41851.0,41679.0,41836.0,10694.0
2024-01-02 06:04:00,41834.0,41852.0,41722.0,41746.0,12579.0
2024-01-02 06:05:00,41741.0,41819.0,41735.0,41783.0,12745.0
2024-01-02 06:06:00,41782.0,41803.0,41624.0,41645.0,10385.0
2024-01-02 06:07:00,41648.0,41656.0,41483.0,41485.0,3129.0
2024-01-02 06:08:00,41489.0,41577.0,41487.0,41545.0,11398.0
2024-01-02 06:09:00,41543.0,41547.0,41496.0,41498.0,13486.0
2024-01-02 06:10:00,41500.0,41509.0,41468.0,41474.0,8129.0
2024-01-02 06:11:00,41482.0,41566.0,41478.0,41549.0,9330.0
2024-01-02 06:12:00,41538.0,41554.0,41505.0,41530.0,3423.0
2024-01-02 06:13:00,41536.0,41552.0,41421.0,41421.0,12132.0
2024-01-02 06:14:00,41422.0,41437.0,41322.0,41332.0,12167.0
2024-01-02 06:15:00,41339.0,41361.0,41316.0,41337.0,14674.0
2024-01-02 06:16:00,41336.0,41343.0,41206.0,41222.0,12816.0
2024-01-02 06:17:00,41226.0,41237.0,41222.0,41232.0,6755.0
2024-01-02 06:18:00,41220.0,41318.0,41199.0,41307.0,12859.0
2024-01-02 06:19:00,41308.0,41309.0,41279.0,41282.0,13730.0
2024-01-02 06:20:00,41270.0,41282.0,41147.0,41153.0,2695.0
2024-01-02 06:21:00,41150.0,41290.0,41134.0,41277.0,6362.0
2024-01-02 06:22:00,41265.0,41274.0,41187.0,41221.0,6101.0
2024-01-02 06:23:00,41219.0,41246.0,41215.0,41236.0,9316.0
2024-01-02 06:24:00,41241.0,41259.0,41193.0,41216.0,8698.0
2024-01-02 06:25:00,41216.0,41433.0,41201.0,41402.0,12300.0
2024-01-02 06:26:00,41401.0,41444.0,41391.0,41428.0,8760.0
2024-01-02 06:27:00,41427.0,41475.0,41421.0,41439.0,12495.0
2024-01-02 06:28:00,41437.0,41449.0,41408.0,41431.0,10890.0
2024-01-02 06:29:00,41434.0,41514.0,41427.0,41485.0,11081.0
2024-01-02 06:30:00,41479.0,41485.0,41459.0,41482.0,6089.0
2024-01-02 06:31:00,41484.0,41558.0,41480.0,41541.0,73204.97584338556
2024-01-02 06:32:00,41550.0,41732.0,41548.0,41713.0,13768.0
2024-01-02 06:33:00,41719.0,41836.0,41698.0,41810.0,8728.0
2024-01-02 06:34:00,41808.0,41832.0,41692.0,41712.0,5202.0
2024-01-02 06:35:00,41709.0,41718.0,41637.0,41670.0,8358.0
2024-01-02 06:36:00,41671.0,41774.0,41658.0,41739.0,13167.0
2024-01-02 06:37:00,41742.0,41746.0,41677.0,41684.0,3681.0
2024-01-02 06:38:00,41686.0,41709.0,41686.0,41691.0,7475.0
2024-01-02 06:39:00,41705.0,41784.0,41704.0,41782.0,6028.0
2024-01-02 06:40:00,41785.0,41807.0,41722.0,41737.0,7822.0
2024-01-02 06:41:00,41735.0,41757.0,41595.0,41622.0,2765.0
2024-01-02 06:42:00,41609.0,41631.0,41454.0,41477.0,9881.0
2024-01-02 06:43:00,41467.0,41489.0,41371.0,41377.0,7364.0
2024-01-02 06:44:00,41375.0,41387.0,41317.0,41340.0,9866.0
2024-01-02 06:45:00,41337.0,41365.0,41335.0,41351.0,9808.0
2024-01-02 06:46:00,41346.0,41346.0,41332.0,41335.0,8609.0
2024-01-02 06:47:00,41339.0,41352.0,41195.0,41202.0,7165.0
2024-01-02 06:48:00,41213.0,41256.0,41203.0,41220.0,2633.0
2024-01-02 06:49:00,41220.0,41279.0,41197.0,41279.0,9184.0
2024-01-02 06:50:00,41282.0,41328.0,41281.0,41312.0,8727.0
2024-01-02 06:51:00,41329.0,41382.0,41314.0,41351.0,7469.0
2024-01-02 06:52:00,41366.0,41494.0,41365.0,41469.0,14157.0
2024-01-02 06:53:00,41472.0,41488.0,41407.0,41412.0,9412.0
2024-01-02 06:54:00,41416.0,41438.0,41343.0,41343.0,12518.0
2024-01-02 06:55:00,41327.0,41347.0,41253.0,41270.0,7801.0
2024-01-02 06:56:00,41263.0,41327.0,41254.0,41306.0,4116.0
2024-01-02 06:57:00,41310.0,41500.0,41290.0,41476.0,5868.0
2024-01-02 06:58:00,41483.0,41544.0,41470.0,41512.0,5746.0
2024-01-02 06:59:00,41510.0,41530.0,41492.0,41498.0,3270.0
2024-01-02 07:00:00,41498.0,41517.0,41336.0,41376.0,7078.0
2024-01-02 07:01:00,41390.0,41489.0,41384.0,41487.0,7243.0
2024-01-02 07:02:00,41480.0,41549.0,41466.0,41545.0,3977.0
2024-01-02 07:03:00,41547.0,41551.0,41447.0,41458.0,13337.0
2024-01-02 07:04:00,41463.0,41484.0,41388.0,41422.0,6597.0
2024-01-02 07:05:00,41420.0,41430.0,41365.0,41403.0,14530.0
2024-01-02 07:06:00,41404.0,41409.0,41262.0,41291.0,12151.0
2024-01-02 07:07:00,41297.0,41310.0,41260.0,41274.0,3839.0
2024-01-02 07:08:00,41275.0,41351.0,41269.0,41327.0,14238.0
2024-01-02 07:09:00,41309.0,41328.0,41203.0,41240.0,11601.0
2024-01-02 07:10:00,41234.0,41235.0,41174.0,41192.0,3320.0
2024-01-02 07:11:00,41199.0,41285.0,41176.0,41275.0,9284.0
2024-01-02 07:12:00,41281.0,41387.0,41258.0,41359.0,8958.0
2024-01-02 07:13:00,41352.0,41363.0,41226.0,41252.0,9939.0
2024-01-02 07:14:00,41251.0,41359.0,41228.0,41345.0,11145.0
2024-01-02 07:15:00,41347.0,41374.0,41334.0,41349.0,8084.0
2024-01-02 07:16:00,41357.0,41388.0,41334.0,41371.0,3202.0
2024-01-02 07:17:00,41370.0,41452.0,41364.0,41412.0,13405.0
2024-01-02 07:18:00,41413.0,41428.0,41296.0,41330.0,8313.0
2024-01-02 07:19:00,41323.0,41328.0,40970.0,41010.0,4791.0
2024-01-02 07:20:00,40998.0,41002.0,40964.0,40965.0,7781.0
2024-01-02 07:21:00,40953.0,41056.0,40931.0,41018.0,6847.0
2024-01-02 07:22:00,41019.0,41131.0,41005.0,41129.0,4768.0
2024-01-02 07:23:00,41137.0,41144.0,41105.0,41128.0,9235.0
2024-01-02 07:24:00,41127.0,41283.0,41125.0,41256.0,6611.0
2024-01-02 07:25:00,41256.0,41274.0,41221.0,41254.0,8785.0
2024-01-02 07:26:00,41251.0,41275.0,41199.0,41210.0,8866.0
2024-01-02 07:27:00,41199.0,41212.0,41092.0,41099.0,12410.0
2024-01-02 07:28:00,41104.0,41202.0,41096.0,41196.0,4788.0
2024-01-02 07:29:00,41208.0,41271.0,41193.0,41258.0,11345.0
2024-01-02 07:30:00,41239.0,41251.0,41134.0,41152.0,12142.0
2024-01-02 07:31:00,41143.0,41378.0,41124.0,41337.0,5082.0
2024-01-02 07:32:00,41333.0,41336.0,41295.0,41307.0,9046.0
2024-01-02 07:33:00,41300.0,41387.0,41283.0,41356.0,14435.0
2024-01-02 07:34:00,41358.0,41378.0,41247.0,41271.0,2532.0
2024-01-02 07:35:00,41269.0,41292.0,41177.0,41211.0,3825.0
2024-01-02 07:36:00,41226.0,41277.0,41203.0,41243.0,3701.0
2024-01-02 07:37:00,41226.0,41264.0,41218.0,41233.0,4479.0
2024-01-02 07:38:00,41219.0,41220.0,41149.0,41185.0,12926.0
2024-01-02 07:39:00,41190.0,41246.0,41187.0,41225.0,9779.0
2024-01-02 07:40:00,41222.0,41295.0,41211.0,41284.0,3374.0
2024-01-02 07:41:00,41287.0,41515.0,41264.0,41482.0,6198.0
2024-01-02 07:42:00,41495.0,41501.0,41351.0,41387.0,8067.0
2024-01-02 07:43:00,41385.0,41477.0,41370.0,41468.0,8293.0
2024-01-02 07:44:00,41488.0,41631.0,41476.0,41614.0,3458.0
2024-01-02 07:45:00,41625.0,41645.0,41547.0,41573.0,12140.0
2024-01-02 07:46:00,41578.0,41643.0,41559.0,41610.0,7290.0
2024-01-02 07:47:00,41613.0,41630.0,41539.0,41548.0,7498.0
2024-01-02 07:48:00,41543.0,41584.0,41523.0,41581.0,10966.0
2024-01-02 07:49:00,41584.0,41618.0,41578.0,41588.0,7128.0
2024-01-02 07:50:00,41586.0,41610.0,41524.0,41545.0,6792.0
2024-01-02 07:51:00,41529.0,41543.0,41504.0,41509.0,8106.0
2024-01-02 07:52:00,41501.0,41523.0,41489.0,41510.0,10246.0
2024-01-02 07:53:00,41505.0,41529.0,41445.0,41477.0,7558.0
2024-01-02 07:54:00,41460.0,41473.0,41375.0,41386.0,13383.0
2024-01-02 07:55:00,41381.0,41400.0,41343.0,41353.0,4507.0
2024-01-02 07:56:00,41352.0,41359.0,41276.0,41298.0,6927.0
2024-01-02 07:57:00,41316.0,41442.0,41309.0,41430.0,6363.0
2024-01-02 07:58:00,41441.0,41483.0,41429.0,41478.0,14345.0
2024-01-02 07:59:00,41480.0,41553.0,41477.0,41535.0,11014.0
2024-01-02 08:00:00,41549.0,41586.0,41538.0,41568.0,22027.0
2024-01-02 08:01:00,41569.0,41741.0,41556.0,41706.0,11457.0
2024-01-02 08:02:00,41700.0,41792.0,41680.0,41775.0,5837.0
2024-01-02 08:03:00,41778.0,41792.0,41668.0,41697.0,10181.0
2024-01-02 08:04:00,41695.0,41780.0,41686.0,41742.0,22356.0
2024-01-02 08:05:00,41736.0,41757.0,41566.0,41601.0,17786.0
2024-01-02 08:06:00,41603.0,41734.0,41603.0,41718.0,16162.0
2024-01-02 08:07:00,41705.0,41712.0,41541.0,41578.0,16185.0
2024-01-02 08:08:00,41567.0,41582.0,41476.0,41491.0,16676.0
2024-01-02 08:09:00,41506.0,41515.0,41470.0,41496.0,15752.0
2024-01-02 08:10:00,41507.0,41517.0,41325.0,41365.0,16969.0
2024-01-02 08:11:00,41370.0,41509.0,41351.0,41473.0,4874.0
2024-01-02 08:12:00,41480.0,41699.0,41462.0,41663.0,7878.0
2024-01-02 08:13:00,41679.0,41697.0,41604.0,41636.0,15787.0
2024-01-02 08:14:00,41626.0,41632.0,41516.0,41531.0,21993.0
2024-01-02 08:15:00,41523.0,41609.0,41514.0,41574.0,17223.0
2024-01-02 08:16:00,41575.0,41643.0,41567.0,41637.0,19184.0
2024-01-02 08:17:00,41638.0,41758.0,41622.0,41747.0,17473.0
2024-01-02 08:18:00,41745.0,41751.0,41591.0,41591.0,21978.0
2024-01-02 08:19:00,41586.0,41587.0,41436.0,41455.0,94193.50862385497
2024-01-02 08:20:00,41450.0,41465.0,41368.0,41397.0,20718.0
2024-01-02 08:21:00,41405.0,41650.0,41402.0,41619.0,10446.0
2024-01-02 08:22:00,41615.0,41625.0,41576.0,41604.0,5014.0
2024-01-02 08:23:00,41607.0,41615.0,41560.0,41588.0,12932.0
2024-01-02 08:24:00,41614.0,41625.0,41614.0,41618.0,21122.0
2024-01-02 08:25:00,41609.0,41609.0,41438.0,41467.0,6372.0
2024-01-02 08:26:00,41454.0,41539.0,41435.0,41505.0,20490.0
2024-01-02 08:27:00,41515.0,41647.0,41493.0,41630.0,12210.0
2024-01-02 08:28:00,41628.0,41760.0,41615.0,41741.0,21536.0
2024-01-02 08:29:00,41754.0,41997.0,41732.0,41963.0,13397.0
2024-01-02 08:30:00,41994.0,42059.0,41985.0,42026.0,4065.0
2024-01-02 08:31:00,42022.0,42164.0,42008.0,42164.0,4081.0
2024-01-02 08:32:00,42170.0,42180.0,42115.0,42127.0,14967.0
2024-01-02 08:33:00,42125.0,42146.0,41881.0,41918.0,9877.0
2024-01-02 08:34:00,41920.0,41970.0,41904.0,41957.0,19872.0
2024-01-02 08:35:00,41964.0,42124.0,41939.0,42086.0,19007.0
2024-01-02 08:36:00,42087.0,42101.0,41942.0,41962.0,6133.0
2024-01-02 08:37:00,41963.0,41976.0,41859.0,41860.0,8615.0
2024-01-02 08:38:00,41864.0,41873.0,41507.0,41542.0,4194.0
2024-01-02 08:39:00,41544.0,41690.0,41522.0,41652.0,6169.0
2024-01-02 08:40:00,41658.0,41661.0,41555.0,41582.0,18070.0
2024-01-02 08:41:00,41586.0,41600.0,41381.0,41417.0,15053.0
2024-01-02 08:42:00,41428.0,41435.0,41401.0,41421.0,11549.0
2024-01-02 08:43:00,41426.0,41447.0,41379.0,41393.0,7647.0
2024-01-02 08:44:00,41388.0,41416.0,41374.0,41411.0,5257.0
2024-01-02 08:45:00,41407.0,41407.0,41201.0,41221.0,21482.0
2024-01-02 08:46:00,41236.0,41403.0,41221.0,41375.0,20166.0
2024-01-02 08:47:00,41366.0,41383.0,41260.0,41274.0,17434.0
2024-01-02 08:48:00,41285.0,41289.0,41207.0,41219.0,13540.0
2024-01-02 08:49:00,41221.0,41450.0,41201.0,41420.0,9302.0
2024-01-02 08:50:00,41427.0,41665.0,41416.0,41631.0,7313.0
2024-01-02 08:51:00,41625.0,41717.0,41616.0,41678.0,8660.0
2024-01-02 08:52:00,41692.0,41699.0,41370.0,41407.0,10087.0
2024-01-02 08:53:00,41398.0,41416.0,41358.0,41384.0,7224.0
2024-01-02 08:54:00,41388.0,41408.0,41191.0,41211.0,19493.0
2024-01-02 08:55:00,41200.0,41230.0,41185.0,41219.0,18154.0
2024-01-02 08:56:00,41229.0,41232.0,41154.0,41163.0,9991.0
2024-01-02 08:57:00,41164.0,41194.0,41160.0,41178.0,16250.0
2024-01-02 08:58:00,41180.0,41399.0,41180.0,41398.0,13288.0
2024-01-02 08:59:00,41379.0,41394.0,41226.0,41239.0,12030.0
2024-01-02 09:00:00,41245.0,41256.0,41210.0,41233.0,5160.0
2024-01-02 09:01:00,41225.0,41376.0,41219.0,41353.0,21887.0
2024-01-02 09:02:00,41358.0,41480.0,41338.0,41451.0,20202.0
2024-01-02 09:03:00,41448.0,41568.0,41424.0,41562.0,7642.0
2024-01-02 09:04:00,41568.0,41577.0,41400.0,41421.0,17460.0
2024-01-02 09:05:00,41415.0,41431.0,41400.0,41419.0,7605.0
2024-01-02 09:06:00,41413.0,41428.0,41292.0,41316.0,13149.0
2024-01-02 09:07:00,41324.0,41463.0,41314.0,41456.0,5814.0
2024-01-02 09:08:00,41449.0,41529.0,41434.0,41493.0,15557.0
2024-01-02 09:09:00,41493.0,41511.0,41424.0,41439.0,13261.0
2024-01-02 09:10:00,41436.0,41807.0,41417.0,41784.0,87433.30569381232
2024-01-02 09:11:00,41791.0,41906.0,41785.0,41882.0,7664.0
2024-01-02 09:12:00,41890.0,41963.0,41875.0,41963.0,13859.0
2024-01-02 09:13:00,41956.0,41958.0,41793.0,41826.0,19006.0
2024-01-02 09:14:00,41824.0,41932.0,41807.0,41909.0,21475.0
2024-01-02 09:15:00,41904.0,41924.0,41852.0,41854.0,14704.0
2024-01-02 09:16:00,41854.0,41916.0,41837.0,41877.0,11632.0
2024-01-02 09:17:00,41875.0,41923.0,41864.0,41906.0,7380.0
2024-01-02 09:18:00,41899.0,41920.0,41882.0,41900.0,19756.0
2024-01-02 09:19:00,41895.0,41990.0,41875.0,41951.0,10638.0
2024-01-02 09:20:00,41942.0,42277.0,41926.0,42239.0,12398.0
2024-01-02 09:21:00,42239.0,42246.0,42212.0,42213.0,20373.0
2024-01-02 09:22:00,42229.0,42331.0,42206.0,42312.0,14765.0
2024-01-02 09:23:00,42317.0,42336.0,42205.0,42223.0,8338.0
2024-01-02 09:24:00,42221.0,42243.0,42072.0,42112.0,13238.0
2024-01-02 09:25:00,42118.0,42132.0,42043.0,42043.0,4902.0
2024-01-02 09:26:00,42046.0,42063.0,42020.0,42045.0,6344.0
2024-01-02 09:27:00,42042.0,42056.0,41916.0,41955.0,9083.0
2024-01-02 09:28:00,41952.0,41959.0,41856.0,41877.0,18134.0
2024-01-02 09:29:00,41886.0,41905.0,41743.0,41779.0,14976.0
2024-01-02 09:30:00,41783.0,41789.0,41551.0,41572.0,11813.0
2024-01-02 09:31:00,41571.0,41779.0,41567.0,41755.0,16189.0
2024-01-02 09:32:00,41767.0,41788.0,41726.0,41742.0,4324.0
2024-01-02 09:33:00,41744.0,41749.0,41697.0,41737.0,21306.0
2024-01-02 09:34:00,41733.0,41769.0,41713.0,41739.0,13501.0
2024-01-02 09:35:00,41747.0,41807.0,41727.0,41806.0,15041.0
2024-01-02 09:36:00,41804.0,41919.0,41792.0,41909.0,7910.0
2024-01-02 09:37:00,41921.0,41944.0,41787.0,41788.0,13134.0
2024-01-02 09:38:00,41795.0,41967.0,41778.0,41960.0,4510.0
2024-01-02 09:39:00,41984.0,42009.0,41908.0,41949.0,9479.0
2024-01-02 09:40:00,41955.0,42093.0,41941.0,42059.0,17096.0
2024-01-02 09:41:00,42057.0,42152.0,42035.0,42118.0,8509.0
2024-01-02 09:42:00,42135.0,42137.0,42069.0,42087.0,10734.0
2024-01-02 09:43:00,42080.0,42225.0,42077.0,42204.0,18558.0
2024-01-02 09:44:00,42194.0,42286.0,42173.0,42281.0,14267.0
2024-01-02 09:45:00,42278.0,42294.0,42176.0,42185.0,5009.0
2024-01-02 09:46:00,42184.0,42192.0,42114.0,42145.0,7441.0
2024-01-02 09:47:00,42139.0,42140.0,42111.0,42138.0,9446.0
2024-01-02 09:48:00,42139.0,42160.0,41910.0,41943.0,10824.0
2024-01-02 09:49:00,41958.0,42062.0,41934.0,42025.0,18590.0
2024-01-02 09:50:00,42021.0,42038.0,42017.0,42034.0,4347.0
2024-01-02 09:51:00,42032.0,42407.0,42015.0,42370.0,8531.0
2024-01-02 09:52:00,42367.0,42497.0,42360.0,42457.0,17913.0
2024-01-02 09:53:00,42462.0,42463.0,42341.0,42366.0,7356.0
2024-01-02 09:54:00,42361.0,42385.0,42317.0,42358.0,18207.0
2024-01-02 09:55:00,42352.0,42377.0,42351.0,42363.0,10209.0
2024-01-02 09:56:00,42354.0,42399.0,42343.0,42371.0,7523.0
2024-01-02 09:57:00,42379.0,42394.0,42349.0,42379.0,16919.0
2024-01-02 09:58:00,42378.0,42467.0,42364.0,42461.0,5592.0
2024-01-02 09:59:00,42456.0,42622.0,42442.0,42602.0,10699.0
2024-01-02 10:00:00,42602.0,42615.0,42525.0,42539.0,6153.0
2024-01-02 10:01:00,42542.0,42615.0,42522.0,42605.0,22403.0
2024-01-02 10:02:00,42615.0,42632.0,42418.0,42430.0,12911.0
2024-01-02 10:03:00,42436.0,42444.0,42331.0,42336.0,6484.0
2024-01-02 10:04:00,42349.0,42614.0,42336.0,42589.0,19769.0
2024-01-02 10:05:00,42605.0,42741.0,42595.0,42740.0,12666.0
2024-01-02 10:06:00,42749.0,42779.0,42739.0,42767.0,4665.0
2024-01-02 10:07:00,42773.0,42775.0,42716.0,42719.0,10405.0
2024-01-02 10:08:00,42714.0,42778.0,42689.0,42737.0,4838.0
2024-01-02 10:09:00,42740.0,42907.0,42724.0,42890.0,5661.0
2024-01-02 10:10:00,42902.0,43066.0,42881.0,43056.0,5117.0
2024-01-02 10:11:00,43055.0,43065.0,43037.0,43039.0,15794.0
2024-01-02 10:12:00,43038.0,43115.0,43022.0,43080.0,15521.0
2024-01-02 10:13:00,43090.0,43093.0,43056.0,43079.0,20821.0
2024-01-02 10:14:00,43090.0,43096.0,42980.0,42987.0,13229.0
2024-01-02 10:15:00,42981.0,43135.0,42975.0,43098.0,17298.0
2024-01-02 10:16:00,43091.0,43237.0,43091.0,43213.0,11793.0
2024-01-02 10:17:00,43206.0,43408.0,43203.0,43403.0,10356.0
2024-01-02 10:18:00,43407.0,43566.0,43398.0,43560.0,20471.0
2024-01-02 10:19:00,43557.0,43759.0,43536.0,43722.0,21569.0
2024-01-02 10:20:00,43719.0,43729.0,43471.0,43478.0,13715.0
2024-01-02 10:21:00,43478.0,43541.0,43466.0,43530.0,8155.0
2024-01-02 10:22:00,43524.0,43548.0,43442.0,43470.0,7929.0
2024-01-02 10:23:00,43466.0,43472.0,43323.0,43340.0,8283.0
2024-01-02 10:24:00,43339.0,43356.0,43262.0,43298.0,12971.0
2024-01-02 10:25:00,43299.0,43379.0,43292.0,43349.0,4581.0
2024-01-02 10:26:00,43359.0,43456.0,43348.0,43452.0,16122.0
2024-01-02 10:27:00,43455.0,43463.0,43197.0,43233.0,15077.0
2024-01-02 10:28:00,43249.0,43266.0,43223.0,43259.0,5970.0
2024-01-02 10:29:00,43265.0,43275.0,43230.0,43258.0,13847.0
2024-01-02 10:30:00,43270.0,43398.0,43268.0,43363.0,98381.41665576605
2024-01-02 10:31:00,43371.0,43570.0,43356.0,43532.0,10582.0
2024-01-02 10:32:00,43526.0,43544.0,43290.0,43331.0,14285.0
2024-01-02 10:33:00,43327.0,43341.0,43260.0,43270.0,10962.0
2024-01-02 10:34:00,43261.0,43338.0,43241.0,43316.0,4626.0
2024-01-02 10:35:00,43327.0,43351.0,43078.0,43092.0,4914.0
2024-01-02 10:36:00,43081.0,43102.0,42879.0,42911.0,21717.0
2024-01-02 10:37:00,42902.0,42922.0,42797.0,42807.0,14162.0
2024-01-02 10:38:00,42812.0,42981.0,42808.0,42960.0,8435.0
2024-01-02 10:39:00,42947.0,42956.0,42892.0,42898.0,14254.0
2024-01-02 10:40:00,42905.0,42919.0,42845.0,42864.0,9496.0
2024-01-02 10:41:00,42863.0,42880.0,42817.0,42830.0,5287.0
2024-01-02 10:42:00,42836.0,42921.0,42819.0,42881.0,19688.0
2024-01-02 10:43:00,42883.0,42905.0,42709.0,42726.0,20949.0
2024-01-02 10:44:00,42719.0,42722.0,42597.0,42598.0,11170.0
2024-01-02 10:45:00,42604.0,42823.0,42597.0,42813.0,4766.0
2024-01-02 10:46:00,42803.0,43152.0,42788.0,43121.0,14029.0
2024-01-02 10:47:00,43126.0,43148.0,43094.0,43111.0,19686.0
2024-01-02 10:48:00,43119.0,43123.0,43117.0,43121.0,17183.0
2024-01-02 10:49:00,43120.0,43135.0,43090.0,43117.0,4594.0
2024-01-02 10:50:00,43120.0,43304.0,43102.0,43265.0,8336.0
2024-01-02 10:51:00,43261.0,43377.0,43253.0,43353.0,12885.0
2024-01-02 10:52:00,43371.0,43373.0,43332.0,43339.0,6673.0
2024-01-02 10:53:00,43342.0,43566.0,43342.0,43535.0,17195.0
2024-01-02 10:54:00,43537.0,43605.0,43526.0,43604.0,14017.0
2024-01-02 10:55:00,43606.0,43632.0,43566.0,43582.0,18969.0
2024-01-02 10:56:00,43569.0,43571.0,43325.0,43356.0,14333.0
2024-01-02 10:57:00,43355.0,43585.0,43335.0,43550.0,17973.0
2024-01-02 10:58:00,43537.0,43742.0,43534.0,43706.0,4499.0
2024-01-02 10:59:00,43696.0,43727.0,43691.0,43706.0,20194.0
2024-01-02 11:00:00,43694.0,43706.0,43517.0,43538.0,13627.0
2024-01-02 11:01:00,43542.0,43554.0,43508.0,43517.0,4608.0
2024-01-02 11:02:00,43502.0,43629.0,43483.0,43588.0,16677.0
2024-01-02 11:03:00,43584.0,43649.0,43569.0,43619.0,21746.0
2024-01-02 11:04:00,43627.0,43644.0,43349.0,43378.0,21225.0
2024-01-02 11:05:00,43384.0,43398.0,43308.0,43315.0,11218.0
2024-01-02 11:06:00,43318.0,43355.0,43313.0,43346.0,10373.0
2024-01-02 11:07:00,43354.0,43664.0,43331.0,43623.0,13066.0
2024-01-02 11:08:00,43624.0,43799.0,43607.0,43795.0,21119.0
2024-01-02 11:09:00,43785.0,43788.0,43500.0,43532.0,6898.0
2024-01-02 11:10:00,43536.0,43553.0,43347.0,43370.0,21565.0
2024-01-02 11:11:00,43379.0,43404.0,43242.0,43273.0,4108.0
2024-01-02 11:12:00,43284.0,43294.0,43071.0,43102.0,10011.0
2024-01-02 11:13:00,43112.0,43244.0,43100.0,43233.0,4169.0
2024-01-02 11:14:00,43227.0,43247.0,43181.0,43219.0,8025.0
2024-01-02 11:15:00,43223.0,43262.0,43202.0,43234.0,7756.0
2024-01-02 11:16:00,43228.0,43236.0,43165.0,43198.0,3955.0
2024-01-02 11:17:00,43196.0,43229.0,43191.0,43213.0,6760.0
2024-01-02 11:18:00,43211.0,43233.0,43064.0,43082.0,15643.0
2024-01-02 11:19:00,43090.0,43114.0,42932.0,42933.0,15628.0
2024-01-02 11:20:00,42935.0,43140.0,42934.0,43118.0,6106.0
2024-01-02 11:21:00,43126.0,43156.0,43105.0,43137.0,11354.0
2024-01-02 11:22:00,43141.0,43195.0,43120.0,43175.0,8749.0
2024-01-02 11:23:00,43173.0,43192.0,43089.0,43105.0,15524.0
2024-01-02 11:24:00,43116.0,43267.0,43107.0,43225.0,21877.0
2024-01-02 11:25:00,43216.0,43383.0,43196.0,43378.0,3839.0
2024-01-02 11:26:00,43379.0,43380.0,43351.0,43359.0,17014.0
2024-01-02 11:27:00,43352.0,43362.0,43262.0,43283.0,19608.0
2024-01-02 11:28:00,43288.0,43365.0,43272.0,43333.0,6716.0
2024-01-02 11:29:00,43338.0,43340.0,43240.0,43277.0,5140.0
2024-01-02 11:30:00,43287.0,43298.0,43229.0,43233.0,12613.0
2024-01-02 11:31:00,43222.0,43328.0,43212.0,43304.0,8486.0
2024-01-02 11:32:00,43305.0,43499.0,43283.0,43493.0,13488.0
2024-01-02 11:33:00,43505.0,43644.0,43499.0,43622.0,8312.0
2024-01-02 11:34:00,43627.0,43753.0,43611.0,43717.0,8987.0
2024-01-02 11:35:00,43722.0,43743.0,43650.0,43680.0,19105.0
2024-01-02 11:36:00,43662.0,43685.0,43594.0,43634.0,5107.0
2024-01-02 11:37:00,43638.0,43641.0,43599.0,43611.0,14790.0
2024-01-02 11:38:00,43626.0,43644.0,43606.0,43611.0,16234.0
2024-01-02 11:39:00,43622.0,43632.0,43496.0,43525.0,7278.0
2024-01-02 11:40:00,43525.0,43688.0,43520.0,43681.0,3895.0
2024-01-02 11:41:00,43682.0,43697.0,43648.0,43660.0,4732.0
2024-01-02 11:42:00,43667.0,43680.0,43479.0,43484.0,11337.0
2024-01-02 11:43:00,43482.0,43511.0,43474.0,43506.0,18634.0
2024-01-02 11:44:00,43490.0,43505.0,43207.0,43245.0,8077.0
2024-01-02 11:45:00,43239.0,43248.0,43182.0,43215.0,10822.0
2024-01-02 11:46:00,43224.0,43356.0,43222.0,43314.0,10527.0
2024-01-02 11:47:00,43316.0,43373.0,43303.0,43335.0,19222.0
2024-01-02 11:48:00,43339.0,43362.0,43201.0,43220.0,9160.0
2024-01-02 11:49:00,43234.0,43249.0,43191.0,43191.0,13194.0
2024-01-02 11:50:00,43183.0,43222.0,43164.0,43188.0,11524.0
2024-01-02 11:51:00,43187.0,43292.0,43163.0,43254.0,6880.0
2024-01-02 11:52:00,43256.0,43318.0,43242.0,43280.0,18504.0
2024-01-02 11:53:00,43290.0,43312.0,43248.0,43259.0,19865.0
2024-01-02 11:54:00,43245.0,43266.0,43185.0,43190.0,21302.0
2024-01-02 11:55:00,43192.0,43210.0,43058.0,43090.0,22473.0
2024-01-02 11:56:00,43083.0,43284.0,43071.0,43249.0,20085.0
2024-01-02 11:57:00,43244.0,43259.0,43218.0,43219.0,16091.0
2024-01-02 11:58:00,43229.0,43241.0,42954.0,42988.0,14341.0
2024-01-02 11:59:00,42993.0,43157.0,42971.0,43120.0,11346.0
2024-01-02 12:00:00,43118.0,43139.0,43086.0,43118.0,6994.0
2024-01-02 12:01:00,43108.0,43258.0,43089.0,43224.0,15625.0
2024-01-02 12:02:00,43222.0,43391.0,43203.0,43384.0,18718.0
2024-01-02 12:03:00,43386.0,43398.0,43180.0,43212.0,16784.0
2024-01-02 12:04:00,43211.0,43223.0,43158.0,43168.0,15036.0
2024-01-02 12:05:00,43164.0,43352.0,43153.0,43322.0,22256.0
2024-01-02 12:06:00,43320.0,43331.0,43291.0,43306.0,10956.0
2024-01-02 12:07:00,43307.0,43536.0,43283.0,43495.0,13271.0
2024-01-02 12:08:00,43500.0,43582.0,43487.0,43579.0,12573.0
2024-01-02 12:09:00,43588.0,43633.0,43588.0,43592.0,21640.0
2024-01-02 12:10:00,43586.0,43607.0,43528.0,43561.0,19849.0
2024-01-02 12:11:00,43572.0,43579.0,43472.0,43497.0,4335.0
2024-01-02 12:12:00,43503.0,43689.0,43495.0,43663.0,3861.0
2024-01-02 12:13:00,43651.0,43667.0,43632.0,43639.0,18238.0
2024-01-02 12:14:00,43628.0,43644.0,43473.0,43495.0,13824.0
2024-01-02 12:15:00,43490.0,43542.0,43471.0,43538.0,18861.0
2024-01-02 12:16:00,43533.0,43571.0,43528.0,43563.0,8890.0
2024-01-02 12:17:00,43569.0,43589.0,43209.0,43237.0,4406.0
2024-01-02 12:18:00,43235.0,43313.0,43224.0,43307.0,18388.0
2024-01-02 12:19:00,43301.0,43549.0,43301.0,43542.0,11357.0
2024-01-02 12:20:00,43536.0,43555.0,43485.0,43501.0,18482.0
2024-01-02 12:21:00,43486.0,43652.0,43481.0,43640.0,7845.0
2024-01-02 12:22:00,43650.0,43960.0,43638.0,43925.0,12333.0
2024-01-02 12:23:00,43925.0,44053.0,43923.0,44049.0,19363.0
2024-01-02 12:24:00,44050.0,44053.0,43919.0,43958.0,18497.0
2024-01-02 12:25:00,43962.0,44138.0,43941.0,44103.0,9997.0
2024-01-02 12:26:00,44115.0,44139.0,43994.0,44011.0,20962.0
2024-01-02 12:27:00,44037.0,44061.0,43959.0,43997.0,9921.0
2024-01-02 12:28:00,43996.0,44255.0,43981.0,44245.0,10058.0
2024-01-02 12:29:00,44245.0,44261.0,44229.0,44229.0,21574.0
2024-01-02 12:30:00,44245.0,44257.0,44187.0,44190.0,15892.0
2024-01-02 12:31:00,44173.0,44485.0,44149.0,44443.0,22264.0
2024-01-02 12:32:00,44447.0,44474.0,44446.0,44458.0,15903.0
2024-01-02 12:33:00,44455.0,44544.0,44433.0,44537.0,19477.0
2024-01-02 12:34:00,44558.0,44715.0,44548.0,44686.0,4739.0
2024-01-02 12:35:00,44702.0,45073.0,44692.0,45029.0,6250.0
2024-01-02 12:36:00,45028.0,45039.0,44950.0,44967.0,9586.0
2024-01-02 12:37:00,44955.0,44969.0,44821.0,44862.0,9104.0
2024-01-02 12:38:00,44865.0,44984.0,44858.0,44970.0,11029.0
2024-01-02 12:39:00,44970.0,44989.0,44902.0,44908.0,11996.0
2024-01-02 12:40:00,44908.0,44930.0,44889.0,44911.0,9436.0
2024-01-02 12:41:00,44928.0,45004.0,44923.0,44996.0,13050.0
2024-01-02 12:42:00,44996.0,45007.0,44927.0,44952.0,12482.0
2024-01-02 12:43:00,44959.0,44966.0,44660.0,44688.0,10698.0
2024-01-02 12:44:00,44689.0,44796.0,44683.0,44755.0,9884.0
2024-01-02 12:45:00,44747.0,44852.0,44741.0,44823.0,9271.0
2024-01-02 12:46:00,44832.0,44852.0,44816.0,44831.0,22211.0
2024-01-02 12:47:00,44819.0,45017.0,44800.0,44988.0,15784.0
2024-01-02 12:48:00,44993.0,45191.0,44989.0,45174.0,11779.0
2024-01-02 12:49:00,45167.0,45173.0,45030.0,45043.0,15510.0
2024-01-02 12:50:00,45052.0,45057.0,44759.0,44769.0,21286.0
2024-01-02 12:51:00,44771.0,44803.0,44769.0,44790.0,17128.0
2024-01-02 12:52:00,44782.0,44808.0,44538.0,44543.0,16843.0
2024-01-02 12:53:00,44540.0,44584.0,44518.0,44567.0,5119.0
2024-01-02 12:54:00,44573.0,44802.0,44568.0,44783.0,7985.0
2024-01-02 12:55:00,44763.0,44768.0,44482.0,44494.0,15238.0
2024-01-02 12:56:00,44480.0,44496.0,44186.0,44220.0,17530.0
2024-01-02 12:57:00,44210.0,44495.0,44190.0,44467.0,16583.0
2024-01-02 12:58:00,44457.0,44740.0,44453.0,44723.0,15087.0
2024-01-02 12:59:00,44721.0,44769.0,44707.0,44730.0,17119.0
2024-01-02 13:00:00,44730.0,44796.0,44707.0,44788.0,12509.0
2024-01-02 13:01:00,44805.0,44827.0,44766.0,44794.0,11785.0
2024-01-02 13:02:00,44800.0,44803.0,44725.0,44737.0,20788.0
2024-01-02 13:03:00,44726.0,44755.0,44720.0,44753.0,9654.0
2024-01-02 13:04:00,44755.0,44762.0,44596.0,44617.0,11748.0
2024-01-02 13:05:00,44617.0,44637.0,44492.0,44521.0,8966.0
2024-01-02 13:06:00,44517.0,44533.0,44436.0,44464.0,22088.0
2024-01-02 13:07:00,44470.0,44487.0,44290.0,44328.0,16248.0
2024-01-02 13:08:00,44329.0,44359.0,44309.0,44329.0,22129.0
2024-01-02 13:09:00,44330.0,44411.0,44307.0,44367.0,14559.0
2024-01-02 13:10:00,44359.0,44517.0,44332.0,44489.0,15381.0
2024-01-02 13:11:00,44488.0,44590.0,44467.0,44590.0,17254.0
2024-01-02 13:12:00,44581.0,44592.0,44311.0,44333.0,8579.0
2024-01-02 13:13:00,44333.0,44454.0,44318.0,44414.0,18992.0
2024-01-02 13:14:00,44411.0,44422.0,44367.0,44382.0,8389.0
2024-01-02 13:15:00,44387.0,44405.0,44285.0,44314.0,15642.0
2024-01-02 13:16:00,44311.0,44384.0,44290.0,44364.0,14168.0
2024-01-02 13:17:00,44374.0,44476.0,44365.0,44463.0,20032.0
2024-01-02 13:18:00,44457.0,44637.0,44450.0,44624.0,6787.0
2024-01-02 13:19:00,44635.0,44635.0,44560.0,44584.0,19461.0
2024-01-02 13:20:00,44585.0,44687.0,44566.0,44675.0,10707.0
2024-01-02 13:21:00,44675.0,44688.0,44612.0,44636.0,4764.0
2024-01-02 13:22:00,44619.0,44699.0,44609.0,44676.0,9801.0
2024-01-02 13:23:00,44688.0,44829.0,44663.0,44785.0,9281.0
2024-01-02 13:24:00,44779.0,44945.0,44773.0,44938.0,17250.0
2024-01-02 13:25:00,44945.0,45049.0,44933.0,45005.0,16602.0
2024-01-02 13:26:00,45015.0,45274.0,44991.0,45257.0,9501.0
2024-01-02 13:27:00,45263.0,45345.0,45263.0,45319.0,7017.0
2024-01-02 13:28:00,45307.0,45502.0,45281.0,45491.0,11675.0
2024-01-02 13:29:00,45488.0,45535.0,45470.0,45490.0,18548.0
2024-01-02 13:30:00,45504.0,45519.0,45259.0,45294.0,5940.0
2024-01-02 13:31:00,45295.0,45462.0,45288.0,45426.0,9367.0
2024-01-02 13:32:00,45413.0,45457.0,45397.0,45415.0,6577.0
2024-01-02 13:33:00,45412.0,45608.0,45388.0,45571.0,6374.0
2024-01-02 13:34:00,45568.0,45652.0,45556.0,45610.0,5670.0
2024-01-02 13:35:00,45615.0,45744.0,45611.0,45728.0,14086.0
2024-01-02 13:36:00,45729.0,45751.0,45594.0,45629.0,4282.0
2024-01-02 13:37:00,45632.0,45654.0,45580.0,45617.0,12811.0
2024-01-02 13:38:00,45631.0,45638.0,45384.0,45400.0,13987.0
2024-01-02 13:39:00,45402.0,45459.0,45386.0,45447.0,19167.0
2024-01-02 13:40:00,45443.0,45449.0,45307.0,45352.0,22160.0
2024-01-02 13:41:00,45353.0,45491.0,45328.0,45479.0,8366.0
2024-01-02 13:42:00,45461.0,45482.0,45338.0,45346.0,15787.0
2024-01-02 13:43:00,45350.0,45367.0,45276.0,45297.0,20109.0
2024-01-02 13:44:00,45297.0,45324.0,45256.0,45290.0,10580.0
2024-01-02 13:45:00,45291.0,45299.0,45145.0,45155.0,17244.0
2024-01-02 13:46:00,45158.0,45331.0,45144.0,45327.0,11227.0
2024-01-02 13:47:00,45330.0,45418.0,45314.0,45418.0,9406.0
2024-01-02 13:48:00,45423.0,45522.0,45396.0,45488.0,15635.0
2024-01-02 13:49:00,45490.0,45513.0,45278.0,45311.0,7209.0
2024-01-02 13:50:00,45316.0,45424.0,45295.0,45419.0,21744.0
2024-01-02 13:51:00,45416.0,45537.0,45400.0,45502.0,5053.0
2024-01-02 13:52:00,45508.0,45509.0,45398.0,45415.0,20903.0
2024-01-02 13:53:00,45415.0,45429.0,45318.0,45358.0,18420.0
2024-01-02 13:54:00,45367.0,45368.0,45169.0,45195.0,6429.0
2024-01-02 13:55:00,45202.0,45218.0,45193.0,45217.0,4948.0
2024-01-02 13:56:00,45206.0,45207.0,44924.0,44930.0,5798.0
2024-01-02 13:57:00,44936.0,44945.0,44880.0,44909.0,8022.0
2024-01-02 13:58:00,44905.0,45037.0,44898.0,45022.0,16782.0
2024-01-02 13:59:00,45008.0,45017.0,44842.0,44870.0,17754.0
2024-01-02 14:00:00,44873.0,44891.0,44844.0,44868.0,12096.0
2024-01-02 14:01:00,44875.0,44877.0,44773.0,44775.0,11972.0
2024-01-02 14:02:00,44771.0,44773.0,44687.0,44701.0,15352.0
2024-01-02 14:03:00,44703.0,44725.0,44586.0,44605.0,13930.0
2024-01-02 14:04:00,44585.0,44671.0,44560.0,44640.0,18986.0
2024-01-02 14:05:00,44650.0,44871.0,44639.0,44829.0,22334.0
2024-01-02 14:06:00,44831.0,44852.0,44829.0,44850.0,19675.0
2024-01-02 14:07:00,44853.0,45036.0,44828.0,45000.0,10621.0
2024-01-02 14:08:00,44991.0,45007.0,44799.0,44812.0,13995.0
2024-01-02 14:09:00,44799.0,44832.0,44788.0,44805.0,13752.0
2024-01-02 14:10:00,44804.0,44819.0,44735.0,44761.0,21051.0
2024-01-02 14:11:00,44752.0,44937.0,44747.0,44920.0,22022.0
2024-01-02 14:12:00,44928.0,45145.0,44923.0,45136.0,9438.0
2024-01-02 14:13:00,45119.0,45431.0,45103.0,45426.0,18568.0
2024-01-02 14:14:00,45424.0,45576.0,45421.0,45564.0,9362.0
2024-01-02 14:15:00,45561.0,45792.0,45558.0,45789.0,10827.0
2024-01-02 14:16:00,45787.0,45887.0,45780.0,45852.0,18627.0
2024-01-02 14:17:00,45857.0,46248.0,45848.0,46243.0,19041.0
2024-01-02 14:18:00,46237.0,46262.0,46122.0,46151.0,8853.0
2024-01-02 14:19:00,46155.0,46181.0,45908.0,45952.0,9896.0
2024-01-02 14:20:00,45970.0,45986.0,45848.0,45871.0,4196.0
2024-01-02 14:21:00,45885.0,45902.0,45709.0,45717.0,18659.0
2024-01-02 14:22:00,45706.0,45722.0,45607.0,45648.0,9885.0
2024-01-02 14:23:00,45639.0,45639.0,45523.0,45530.0,5017.0
2024-01-02 14:24:00,45533.0,45575.0,45515.0,45574.0,18122.0
2024-01-02 14:25:00,45573.0,45751.0,45560.0,45722.0,20802.0
2024-01-02 14:26:00,45724.0,45749.0,45534.0,45575.0,9087.0
2024-01-02 14:27:00,45568.0,45759.0,45561.0,45724.0,20359.0
2024-01-02 14:28:00,45716.0,45754.0,45712.0,45743.0,17774.0
2024-01-02 14:29:00,45743.0,45767.0,45565.0,45600.0,11013.0
2024-01-02 14:30:00,45608.0,45622.0,45515.0,45532.0,14036.0
2024-01-02 14:31:00,45532.0,45545.0,45435.0,45452.0,8712.0
2024-01-02 14:32:00,45440.0,45441.0,45356.0,45367.0,7321.0
2024-01-02 14:33:00,45353.0,45380.0,45176.0,45191.0,22280.0
2024-01-02 14:34:00,45175.0,45198.0,44804.0,44825.0,18507.0
2024-01-02 14:35:00,44824.0,44847.0,44764.0,44768.0,17139.0
2024-01-02 14:36:00,44752.0,44829.0,44746.0,44807.0,10722.0
2024-01-02 14:37:00,44801.0,45108.0,44788.0,45064.0,18500.0
2024-01-02 14:38:00,45071.0,45287.0,45068.0,45260.0,15075.0
2024-01-02 14:39:00,45261.0,45401.0,45239.0,45374.0,11430.0
2024-01-02 14:40:00,45372.0,45498.0,45347.0,45496.0,19559.0
2024-01-02 14:41:00,45500.0,45742.0,45485.0,45719.0,12279.0
2024-01-02 14:42:00,45729.0,45735.0,45541.0,45560.0,15849.0
2024-01-02 14:43:00,45555.0,45559.0,45437.0,45469.0,14029.0
2024-01-02 14:44:00,45468.0,45483.0,45386.0,45390.0,20971.0
2024-01-02 14:45:00,45379.0,45464.0,45357.0,45421.0,14105.0
2024-01-02 14:46:00,45440.0,45449.0,45340.0,45368.0,17360.0
2024-01-02 14:47:00,45376.0,45553.0,45366.0,45509.0,11896.0
2024-01-02 14:48:00,45498.0,45514.0,45296.0,45302.0,13461.0
2024-01-02 14:49:00,45309.0,45512.0,45297.0,45504.0,7585.0
2024-01-02 14:50:00,45503.0,45512.0,45216.0,45234.0,10240.0
2024-01-02 14:51:00,45239.0,45320.0,45227.0,45284.0,8481.0
2024-01-02 14:52:00,45292.0,45492.0,45290.0,45462.0,11776.0
2024-01-02 14:53:00,45449.0,45464.0,45356.0,45366.0,21901.0
2024-01-02 14:54:00,45367.0,45378.0,45286.0,45306.0,5460.0
2024-01-02 14:55:00,45298.0,45315.0,45174.0,45177.0,8944.0
2024-01-02 14:56:00,45185.0,45254.0,45161.0,45220.0,10992.0
2024-01-02 14:57:00,45214.0,45230.0,45065.0,45099.0,21426.0
2024-01-02 14:58:00,45096.0,45198.0,45086.0,45182.0,20808.0
2024-01-02 14:59:00,45175.0,45210.0,45163.0,45180.0,19854.0
2024-01-02 15:00:00,45165.0,45188.0,45055.0,45096.0,8960.0
2024-01-02 15:01:00,45099.0,45200.0,45074.0,45183.0,14530.0
2024-01-02 15:02:00,45171.0,45249.0,45146.0,45246.0,19984.0
2024-01-02 15:03:00,45254.0,45259.0,44867.0,44892.0,21322.0
2024-01-02 15:04:00,44893.0,45016.0,44891.0,45010.0,17830.0
2024-01-02 15:05:00,45009.0,45039.0,45007.0,45038.0,10389.0
2024-01-02 15:06:00,45043.0,45254.0,45041.0,45218.0,19619.0
2024-01-02 15:07:00,45219.0,45284.0,45194.0,45252.0,22293.0
2024-01-02 15:08:00,45255.0,45282.0,45150.0,45187.0,12205.0
2024-01-02 15:09:00,45183.0,45203.0,45100.0,45102.0,21210.0
2024-01-02 15:10:00,45090.0,45258.0,45080.0,45221.0,21345.0
2024-01-02 15:11:00,45220.0,45424.0,45200.0,45414.0,7246.0
2024-01-02 15:12:00,45401.0,45427.0,45366.0,45371.0,7461.0
2024-01-02 15:13:00,45366.0,45481.0,45340.0,45441.0,4075.0
2024-01-02 15:14:00,45442.0,45463.0,45083.0,45124.0,18579.0
2024-01-02 15:15:00,45122.0,45130.0,44772.0,44815.0,12243.0
2024-01-02 15:16:00,44814.0,44927.0,44789.0,44892.0,15259.0
2024-01-02 15:17:00,44893.0,44914.0,44862.0,44882.0,9552.0
2024-01-02 15:18:00,44879.0,45108.0,44870.0,45069.0,22067.0
2024-01-02 15:19:00,45069.0,45075.0,44884.0,44915.0,17528.0
2024-01-02 15:20:00,44934.0,44988.0,44919.0,44950.0,7764.0
2024-01-02 15:21:00,44972.0,45135.0,44947.0,45103.0,18062.0
2024-01-02 15:22:00,45103.0,45199.0,45094.0,45186.0,6268.0
2024-01-02 15:23:00,45180.0,45191.0,44880.0,44907.0,4249.0
2024-01-02 15:24:00,44906.0,44918.0,44785.0,44816.0,9808.0
2024-01-02 15:25:00,44799.0,44808.0,44527.0,44544.0,14728.0
2024-01-02 15:26:00,44551.0,44570.0,44392.0,44430.0,12640.0
2024-01-02 15:27:00,44434.0,44652.0,44418.0,44633.0,7300.0
2024-01-02 15:28:00,44626.0,44651.0,44543.0,44585.0,19585.0
2024-01-02 15:29:00,44597.0,44768.0,44595.0,44735.0,4304.0
2024-01-02 15:30:00,44744.0,44750.0,44589.0,44624.0,18702.0
2024-01-02 15:31:00,44625.0,44643.0,44469.0,44470.0,6960.0
2024-01-02 15:32:00,44467.0,44475.0,44167.0,44186.0,19357.0
2024-01-02 15:33:00,44190.0,44199.0,44067.0,44086.0,18182.0
2024-01-02 15:34:00,44113.0,44390.0,44092.0,44373.0,13373.0
2024-01-02 15:35:00,44373.0,44383.0,44312.0,44341.0,7639.0
2024-01-02 15:36:00,44335.0,44351.0,44173.0,44196.0,11889.0
2024-01-02 15:37:00,44182.0,44202.0,44174.0,44194.0,10566.0
2024-01-02 15:38:00,44190.0,44218.0,44170.0,44211.0,18611.0
2024-01-02 15:39:00,44217.0,44551.0,44200.0,44520.0,16527.0
2024-01-02 15:40:00,44504.0,44904.0,44487.0,44898.0,14406.0
2024-01-02 15:41:00,44893.0,44910.0,44830.0,44872.0,11264.0
2024-01-02 15:42:00,44877.0,44900.0,44772.0,44801.0,21418.0
2024-01-02 15:43:00,44796.0,44888.0,44775.0,44887.0,20522.0
2024-01-02 15:44:00,44890.0,44901.0,44831.0,44872.0,15532.0
2024-01-02 15:45:00,44874.0,45222.0,44862.0,45214.0,4297.0
2024-01-02 15:46:00,45219.0,45300.0,45215.0,45274.0,6087.0
2024-01-02 15:47:00,45280.0,45304.0,45185.0,45194.0,7187.0
2024-01-02 15:48:00,45191.0,45218.0,44894.0,44933.0,21096.0
2024-01-02 15:49:00,44924.0,44943.0,44886.0,44898.0,9803.0
2024-01-02 15:50:00,44896.0,45072.0,44881.0,45066.0,5729.0
2024-01-02 15:51:00,45062.0,45080.0,44945.0,44971.0,18553.0
2024-01-02 15:52:00,44971.0,44975.0,44806.0,44808.0,14297.0
2024-01-02 15:53:00,44814.0,45088.0,44791.0,45063.0,5724.0
2024-01-02 15:54:00,45066.0,45071.0,45011.0,45054.0,4667.0
2024-01-02 15:55:00,45059.0,45061.0,44937.0,44973.0,21909.0
2024-01-02 15:56:00,44961.0,44966.0,44696.0,44723.0,5311.0
2024-01-02 15:57:00,44710.0,44796.0,44684.0,44760.0,13307.0
2024-01-02 15:58:00,44779.0,44955.0,44756.0,44928.0,5401.0
2024-01-02 15:59:00,44928.0,44963.0,44922.0,44946.0,18608.0
2024-01-02 16:00:00,44930.0,44952.0,44744.0,44765.0,16145.0
2024-01-02 16:01:00,44754.0,44770.0,44595.0,44633.0,20113.0
2024-01-02 16:02:00,44647.0,44733.0,44645.0,44702.0,6634.0
2024-01-02 16:03:00,44695.0,44947.0,44680.0,44908.0,5305.0
2024-01-02 16:04:00,44908.0,44911.0,44786.0,44800.0,18358.0
2024-01-02 16:05:00,44800.0,44814.0,44762.0,44785.0,7545.0
2024-01-02 16:06:00,44791.0,44984.0,44785.0,44940.0,13904.0
2024-01-02 16:07:00,44938.0,45012.0,44916.0,44986.0,4018.0
2024-01-02 16:08:00,45001.0,45206.0,44995.0,45203.0,5531.0
2024-01-02 16:09:00,45216.0,45270.0,45211.0,45243.0,6595.0
2024-01-02 16:10:00,45265.0,45374.0,45252.0,45340.0,14831.0
2024-01-02 16:11:00,45325.0,45328.0,45286.0,45300.0,9655.0
2024-01-02 16:12:00,45305.0,45382.0,45294.0,45341.0,11798.0
2024-01-02 16:13:00,45339.0,45527.0,45330.0,45526.0,7378.0
2024-01-02 16:14:00,45500.0,45517.0,45406.0,45422.0,17700.0
2024-01-02 16:15:00,45426.0,45430.0,45197.0,45224.0,19389.0
2024-01-02 16:16:00,45234.0,45246.0,45231.0,45246.0,4864.0
2024-01-02 16:17:00,45256.0,45265.0,45099.0,45106.0,6545.0
2024-01-02 16:18:00,45097.0,45147.0,45091.0,45130.0,4957.0
2024-01-02 16:19:00,45127.0,45368.0,45125.0,45352.0,4733.0
2024-01-02 16:20:00,45367.0,45569.0,45352.0,45546.0,5825.0
2024-01-02 16:21:00,45549.0,45566.0,45496.0,45529.0,10456.0
2024-01-02 16:22:00,45523.0,45554.0,45503.0,45545.0,4654.0
2024-01-02 16:23:00,45543.0,45552.0,45314.0,45332.0,17705.0
2024-01-02 16:24:00,45340.0,45342.0,45122.0,45154.0,11407.0
2024-01-02 16:25:00,45168.0,45207.0,45153.0,45168.0,7010.0
2024-01-02 16:26:00,45174.0,45234.0,45160.0,45208.0,17979.0
2024-01-02 16:27:00,45212.0,45364.0,45189.0,45328.0,12911.0
2024-01-02 16:28:00,45340.0,45385.0,45315.0,45376.0,16617.0
2024-01-02 16:29:00,45384.0,45404.0,45292.0,45312.0,6808.0
2024-01-02 16:30:00,45321.0,45342.0,45138.0,45160.0,9294.0
2024-01-02 16:31:00,45160.0,45348.0,45143.0,45322.0,10052.0
2024-01-02 16:32:00,45329.0,45497.0,45305.0,45467.0,4707.0
2024-01-02 16:33:00,45460.0,45652.0,45449.0,45615.0,17347.0
2024-01-02 16:34:00,45607.0,45901.0,45584.0,45866.0,21178.0
2024-01-02 16:35:00,45865.0,46024.0,45856.0,46009.0,9628.0
2024-01-02 16:36:00,46005.0,46008.0,45864.0,45897.0,12075.0
2024-01-02 16:37:00,45908.0,45913.0,45762.0,45787.0,7274.0
2024-01-02 16:38:00,45782.0,45809.0,45602.0,45646.0,14316.0
2024-01-02 16:39:00,45644.0,45650.0,45567.0,45594.0,15648.0
2024-01-02 16:40:00,45596.0,45606.0,45575.0,45584.0,5425.0
2024-01-02 16:41:00,45584.0,45587.0,45556.0,45562.0,4726.0
2024-01-02 16:42:00,45548.0,45568.0,45540.0,45551.0,14284.0
2024-01-02 16:43:00,45543.0,45549.0,45379.0,45399.0,12217.0
2024-01-02 16:44:00,45402.0,45476.0,45390.0,45460.0,11718.0
2024-01-02 16:45:00,45453.0,45620.0,45438.0,45576.0,7579.0
2024-01-02 16:46:00,45583.0,45598.0,45493.0,45506.0,9599.0
2024-01-02 16:47:00,45510.0,45579.0,45484.0,45558.0,13003.0
2024-01-02 16:48:00,45552.0,45555.0,45526.0,45552.0,16568.0
2024-01-02 16:49:00,45544.0,45618.0,45528.0,45608.0,6175.0
2024-01-02 16:50:00,45616.0,45885.0,45599.0,45842.0,13433.0
2024-01-02 16:51:00,45845.0,46083.0,45824.0,46079.0,22133.0
2024-01-02 16:52:00,46064.0,46139.0,46041.0,46102.0,13803.0
2024-01-02 16:53:00,46104.0,46114.0,46011.0,46036.0,14109.0
2024-01-02 16:54:00,46029.0,46198.0,46016.0,46187.0,4766.0
2024-01-02 16:55:00,46181.0,46261.0,46164.0,46251.0,9996.0
2024-01-02 16:56:00,46245.0,46266.0,46152.0,46163.0,4091.0
2024-01-02 16:57:00,46170.0,46187.0,45939.0,45965.0,7369.0
2024-01-02 16:58:00,45974.0,45984.0,45877.0,45914.0,17461.0
2024-01-02 16:59:00,45913.0,46108.0,45896.0,46103.0,13711.0
2024-01-02 17:00:00,46103.0,46113.0,45930.0,45955.0,17662.0
2024-01-02 17:01:00,45961.0,45974.0,45823.0,45846.0,16164.0
2024-01-02 17:02:00,45844.0,45853.0,45774.0,45815.0,3835.0
2024-01-02 17:03:00,45809.0,45917.0,45803.0,45892.0,6064.0
2024-01-02 17:04:00,45889.0,45900.0,45755.0,45769.0,10146.0
2024-01-02 17:05:00,45780.0,46076.0,45764.0,46072.0,19439.0
2024-01-02 17:06:00,46073.0,46324.0,46048.0,46299.0,11611.0
2024-01-02 17:07:00,46296.0,46303.0,46081.0,46122.0,17820.0
2024-01-02 17:08:00,46128.0,46232.0,46109.0,46200.0,11400.0
2024-01-02 17:09:00,46202.0,46211.0,45910.0,45924.0,12445.0
2024-01-02 17:10:00,45925.0,46215.0,45899.0,46191.0,11735.0
2024-01-02 17:11:00,46198.0,46354.0,46186.0,46329.0,15605.0
2024-01-02 17:12:00,46324.0,46340.0,46102.0,46136.0,12069.0
2024-01-02 17:13:00,46140.0,46156.0,45988.0,46016.0,5290.0
2024-01-02 17:14:00,46029.0,46030.0,45750.0,45773.0,18179.0
2024-01-02 17:15:00,45779.0,45803.0,45689.0,45712.0,5798.0
2024-01-02 17:16:00,45716.0,45800.0,45696.0,45776.0,11535.0
2024-01-02 17:17:00,45782.0,46080.0,45780.0,46035.0,6790.0
2024-01-02 17:18:00,46038.0,46416.0,46020.0,46409.0,14267.0
2024-01-02 17:19:00,46413.0,46413.0,46311.0,46338.0,12515.0
2024-01-02 17:20:00,46325.0,46344.0,46145.0,46186.0,8489.0
2024-01-02 17:21:00,46183.0,46192.0,46007.0,46052.0,7696.0
2024-01-02 17:22:00,46057.0,46081.0,45757.0,45793.0,5499.0
2024-01-02 17:23:00,45797.0,45832.0,45775.0,45817.0,19857.0
2024-01-02 17:24:00,45830.0,45841.0,45775.0,45790.0,10147.0
2024-01-02 17:25:00,45787.0,45823.0,45761.0,45800.0,22121.0
2024-01-02 17:26:00,45797.0,45853.0,45783.0,45838.0,11919.0
2024-01-02 17:27:00,45852.0,45868.0,45761.0,45802.0,21187.0
2024-01-02 17:28:00,45796.0,45803.0,45651.0,45662.0,15774.0
2024-01-02 17:29:00,45653.0,45912.0,45635.0,45870.0,6738.0
2024-01-02 17:30:00,45866.0,45867.0,45712.0,45753.0,16182.0
2024-01-02 17:31:00,45766.0,45928.0,45761.0,45913.0,21181.0
2024-01-02 17:32:00,45910.0,46060.0,45885.0,46034.0,21713.0
2024-01-02 17:33:00,46033.0,46047.0,45898.0,45930.0,22420.042578514818
2024-01-02 17:34:00,45930.0,46142.0,45906.0,46108.0,17354.0
2024-01-02 17:35:00,46094.0,46270.0,46083.0,46268.0,4586.0
2024-01-02 17:36:00,46267.0,46279.0,46010.0,46030.0,6906.0
2024-01-02 17:37:00,46034.0,46196.0,46026.0,46168.0,10798.0
2024-01-02 17:38:00,46174.0,46200.0,45983.0,46013.0,8696.0
2024-01-02 17:39:00,46006.0,46017.0,45876.0,45899.0,17866.0
2024-01-02 17:40:00,45907.0,45919.0,45335.0,45364.0,4246.0
2024-01-02 17:41:00,45357.0,45423.0,45351.0,45421.0,13503.0
2024-01-02 17:42:00,45435.0,45592.0,45424.0,45549.0,20492.0
2024-01-02 17:43:00,45532.0,45540.0,45401.0,45420.0,9589.0
2024-01-02 17:44:00,45408.0,45432.0,45395.0,45425.0,8020.0
2024-01-02 17:45:00,45426.0,45438.0,45368.0,45382.0,6009.0
2024-01-02 17:46:00,45402.0,45412.0,45290.0,45294.0,9253.0
2024-01-02 17:47:00,45293.0,45301.0,45183.0,45224.0,15610.0
2024-01-02 17:48:00,45227.0,45334.0,45224.0,45291.0,10391.0
2024-01-02 17:49:00,45301.0,45348.0,45292.0,45316.0,18799.0
2024-01-02 17:50:00,45298.0,45323.0,45282.0,45308.0,17104.0
2024-01-02 17:51:00,45316.0,45361.0,45313.0,45334.0,14526.0
2024-01-02 17:52:00,45352.0,45364.0,45129.0,45134.0,9873.0
2024-01-02 17:53:00,45133.0,45168.0,45129.0,45134.0,20455.0
2024-01-02 17:54:00,45127.0,45146.0,45124.0,45125.0,14003.0
2024-01-02 17:55:00,45119.0,45137.0,44944.0,44989.0,17303.0
2024-01-02 17:56:00,44988.0,46371.558,44951.0,44988.0,37632.0
2024-01-02 17:57:00,44966.0,45107.0,44824.123,44993.832,14984.0
2024-01-02 17:58:00,45084.0,45181.0,44935.787,45056.706,18940.0
2024-01-02 17:59:00,45168.0,45387.0,45013.553,45286.246,4453.0
2024-01-02 18:00:00,45377.0,45398.0,45132.195999999996,45199.42,10104.0
2024-01-02 18:01:00,45281.0,45293.0,45200.0,45225.0,19116.0
2024-01-02 18:02:00,45222.0,45253.0,45209.0,45223.0,4600.0
2024-01-02 18:03:00,45229.0,45238.0,45048.0,45092.0,8384.0
2024-01-02 18:04:00,45116.0,45180.0,45102.0,45141.0,7062.0
2024-01-02 18:05:00,45152.0,45163.0,44948.0,44989.0,17680.0
2024-01-02 18:06:00,44980.0,45038.0,44970.0,45016.0,19127.0
2024-01-02 18:07:00,45019.0,45044.0,44918.0,44929.0,21723.0
2024-01-02 18:08:00,44931.0,45044.0,44923.0,45027.0,12467.0
2024-01-02 18:09:00,45022.0,45218.0,45017.0,45178.0,20062.0
2024-01-02 18:10:00,45167.0,45440.0,45157.0,45423.0,12835.0
2024-01-02 18:11:00,45436.0,45460.0,45197.0,45201.0,5725.0
2024-01-02 18:12:00,45199.0,45208.0,45131.0,45172.0,7457.0
2024-01-02 18:13:00,45154.0,45200.0,45140.0,45182.0,6345.0
2024-01-02 18:14:00,45160.0,45183.0,45138.0,45170.0,16745.0
2024-01-02 18:15:00,45189.0,45213.0,44903.0,44933.0,14698.0
2024-01-02 18:16:00,44940.0,44965.0,44633.0,44677.0,8451.0
2024-01-02 18:17:00,44682.0,44749.0,44679.0,44723.0,21784.0
2024-01-02 18:18:00,44739.0,44974.0,44736.0,44957.0,10624.0
2024-01-02 18:19:00,44963.0,45062.0,44942.0,45032.0,14564.0
2024-01-02 18:20:00,45046.0,45051.0,44994.0,45038.0,22314.0
2024-01-02 18:21:00,45043.0,45199.0,45029.0,45158.0,5151.0
2024-01-02 18:22:00,45151.0,45255.0,45146.0,45220.0,3952.0
2024-01-02 18:23:00,45228.0,45250.0,45200.0,45206.0,10914.0
2024-01-02 18:24:00,45185.0,45189.0,45051.0,45056.0,11047.0
2024-01-02 18:25:00,45057.0,45177.0,45038.0,45168.0,16902.0
2024-01-02 18:26:00,45172.0,45307.0,45168.0,45269.0,13282.0
2024-01-02 18:27:00,45276.0,45280.0,45159.0,45200.0,7748.0
2024-01-02 18:28:00,45201.0,45209.0,45030.0,45037.0,6700.0
2024-01-02 18:29:00,45037.0,45065.0,45035.0,45051.0,15764.0
2024-01-02 18:30:00,45059.0,45085.0,44955.0,44968.0,15366.0
2024-01-02 18:31:00,44970.0,45272.0,44962.0,45240.0,5738.0
2024-01-02 18:32:00,45239.0,45246.0,44972.0,44998.0,18649.0
2024-01-02 18:33:00,45001.0,45011.0,44833.0,44862.0,9214.0
2024-01-02 18:34:00,44874.0,44876.0,44698.0,44708.0,11321.0
2024-01-02 18:35:00,44703.0,44713.0,44493.0,44517.0,18127.0
2024-01-02 18:36:00,44505.0,44566.0,44492.0,44560.0,10831.0
2024-01-02 18:37:00,44561.0,44578.0,44402.0,44432.0,9635.0
2024-01-02 18:38:00,44422.0,44447.0,44198.0,44199.0,12089.0
2024-01-02 18:39:00,44209.0,44225.0,44086.0,44093.0,21179.0
2024-01-02 18:40:00,44100.0,44380.0,44083.0,44338.0,14049.0
2024-01-02 18:41:00,44338.0,44480.0,44330.0,44465.0,3931.0
2024-01-02 18:42:00,44468.0,44479.0,44365.0,44374.0,19235.0
2024-01-02 18:43:00,44380.0,44513.0,44377.0,44509.0,4053.0
2024-01-02 18:44:00,44509.0,44571.0,44489.0,44534.0,14150.0
2024-01-02 18:45:00,44529.0,44721.0,44526.0,44687.0,19216.0
2024-01-02 18:46:00,44676.0,44687.0,44562.0,44571.0,20343.0
2024-01-02 18:47:00,44561.0,44575.0,44399.0,44423.0,6545.0
2024-01-02 18:48:00,44414.0,44466.0,44397.0,44436.0,21273.0
2024-01-02 18:49:00,44437.0,44469.0,44426.0,44455.0,4662.0
2024-01-02 18:50:00,44448.0,44461.0,44258.0,44285.0,14675.0
2024-01-02 18:51:00,44283.0,44390.0,44269.0,44366.0,12150.0
2024-01-02 18:52:00,44379.0,44422.0,44363.0,44400.0,21919.0
2024-01-02 18:53:00,44394.0,44607.0,44391.0,44594.0,14152.0
2024-01-02 18:54:00,44590.0,44905.0,44567.0,44861.0,12652.0
2024-01-02 18:55:00,44865.0,44881.0,44780.0,44809.0,5662.0
2024-01-02 18:56:00,44811.0,44837.0,44717.0,44755.0,4472.0
2024-01-02 18:57:00,44756.0,44773.0,44612.0,44628.0,22032.0
2024-01-02 18:58:00,44636.0,44662.0,44530.0,44549.0,19436.0
2024-01-02 18:59:00,44554.0,44667.0,44543.0,44629.0,20076.0
2024-01-02 19:00:00,44644.0,44652.0,44476.0,44492.0,7737.0
2024-01-02 19:01:00,44488.0,44570.0,44480.0,44566.0,17954.0
2024-01-02 19:02:00,44570.0,44632.0,44563.0,44593.0,20115.0
2024-01-02 19:03:00,44589.0,44603.0,44410.0,44437.0,12062.0
2024-01-02 19:04:00,44425.0,44555.0,44413.0,44518.0,6216.0
2024-01-02 19:05:00,44515.0,44533.0,44250.0,44293.0,12735.0
2024-01-02 19:06:00,44294.0,44336.0,44279.0,44324.0,9138.0
2024-01-02 19:07:00,44329.0,44335.0,44228.0,44265.0,8145.0
2024-01-02 19:08:00,44278.0,44411.0,44262.0,44400.0,15617.0
2024-01-02 19:09:00,44397.0,44406.0,44280.0,44313.0,21203.0
2024-01-02 19:10:00,44308.0,44313.0,44182.0,44206.0,6234.0
2024-01-02 19:11:00,44199.0,44339.0,44175.0,44310.0,8077.0
2024-01-02 19:12:00,44296.0,44313.0,43996.0,43999.0,4892.0
2024-01-02 19:13:00,43993.0,43994.0,43791.0,43811.0,3997.0
2024-01-02 19:14:00,43804.0,43820.0,43760.0,43764.0,11447.0
2024-01-02 19:15:00,43752.0,43771.0,43705.0,43726.0,19262.0
2024-01-02 19:16:00,43728.0,43751.0,43612.0,43645.0,22256.0
2024-01-02 19:17:00,43642.0,43753.0,43625.0,43713.0,20191.0
2024-01-02 19:18:00,43700.0,43722.0,43670.0,43693.0,19189.0
2024-01-02 19:19:00,43683.0,43700.0,43604.0,43611.0,8882.0
2024-01-02 19:20:00,43611.0,43852.0,43599.0,43818.0,7968.0
2024-01-02 19:21:00,43812.0,43860.0,43794.0,43842.0,20710.0
2024-01-02 19:22:00,43839.0,43852.0,43734.0,43766.0,9367.0
2024-01-02 19:23:00,43785.0,43793.0,43721.0,43749.0,12930.0
2024-01-02 19:24:00,43740.0,43757.0,43647.0,43659.0,17496.0
2024-01-02 19:25:00,43659.0,43758.0,43656.0,43719.0,21046.0
2024-01-02 19:26:00,43714.0,43777.0,43707.0,43774.0,8865.0
2024-01-02 19:27:00,43769.0,43954.0,43747.0,43935.0,14532.0
2024-01-02 19:28:00,43943.0,44043.0,43931.0,44034.0,6518.0
2024-01-02 19:29:00,44046.0,44053.0,43885.0,43916.0,18839.0
2024-01-02 19:30:00,43916.0,43922.0,43798.0,43819.0,5550.0
2024-01-02 19:31:00,43816.0,43842.0,43799.0,43824.0,12108.0
2024-01-02 19:32:00,43829.0,43885.0,43824.0,43871.0,5481.0
2024-01-02 19:33:00,43866.0,43875.0,43776.0,43805.0,4796.0
2024-01-02 19:34:00,43801.0,43827.0,43615.0,43658.0,14248.0
2024-01-02 19:35:00,43664.0,43686.0,43438.0,43479.0,5505.0
2024-01-02 19:36:00,43486.0,43507.0,43386.0,43410.0,13615.0
2024-01-02 19:37:00,43417.0,43439.0,43385.0,43391.0,12381.0
2024-01-02 19:38:00,43401.0,43434.0,43377.0,43408.0,21393.0
2024-01-02 19:39:00,43421.0,43431.0,43402.0,43427.0,3963.0
2024-01-02 19:40:00,43425.0,43427.0,43265.0,43267.0,17391.0
2024-01-02 19:41:00,43281.0,43406.0,43264.0,43367.0,10608.0
2024-01-02 19:42:00,43364.0,43487.0,43364.0,43454.0,11836.0
2024-01-02 19:43:00,43433.0,43455.0,43228.0,43264.0,6470.0
2024-01-02 19:44:00,43258.0,43282.0,43148.0,43182.0,15579.0
2024-01-02 19:45:00,43191.0,43204.0,43012.0,43052.0,18034.0
2024-01-02 19:46:00,43059.0,43063.0,43055.0,43056.0,20301.0
2024-01-02 19:47:00,43051.0,43055.0,43036.0,43048.0,5169.0
2024-01-02 19:48:00,43044.0,43059.0,42960.0,42997.0,19557.0
2024-01-02 19:49:00,43001.0,43026.0,42718.0,42741.0,5118.0
2024-01-02 19:50:00,42743.0,42782.0,42740.0,42772.0,11708.0
2024-01-02 19:51:00,42772.0,42875.0,42754.0,42845.0,18903.0
2024-01-02 19:52:00,42848.0,42971.0,42833.0,42969.0,9035.0
2024-01-02 19:53:00,42961.0,43083.0,42958.0,43061.0,16464.0
2024-01-02 19:54:00,43051.0,43072.0,42929.0,42957.0,20441.0
2024-01-02 19:55:00,42947.0,42950.0,42797.0,42810.0,16320.0
2024-01-02 19:56:00,42795.0,42795.0,42677.0,42680.0,7817.0
2024-01-02 19:57:00,42683.0,42848.0,42661.0,42844.0,11961.0
2024-01-02 19:58:00,42835.0,42891.0,42829.0,42865.0,17328.0
2024-01-02 19:59:00,42876.0,43021.0,42868.0,43006.0,16396.0
2024-01-02 20:00:00,43000.0,43046.0,42997.0,43027.0,9948.0
2024-01-02 20:01:00,43028.0,43093.0,43003.0,43053.0,10981.0
2024-01-02 20:02:00,43048.0,43346.0,43038.0,43345.0,12283.0
2024-01-02 20:03:00,43328.0,43336.0,43059.0,43075.0,19643.0
2024-01-02 20:04:00,43075.0,43076.0,42945.0,42973.0,13413.0
2024-01-02 20:05:00,42979.0,43000.0,42977.0,42983.0,7304.0
2024-01-02 20:06:00,42973.0,43042.0,42952.0,43041.0,17352.0
2024-01-02 20:07:00,43047.0,43277.0,43032.0,43257.0,4411.0
2024-01-02 20:08:00,43250.0,43319.0,43227.0,43304.0,13432.0
2024-01-02 20:09:00,43283.0,43334.0,43262.0,43292.0,3847.0
2024-01-02 20:10:00,43281.0,43384.0,43266.0,43361.0,19302.0
2024-01-02 20:11:00,43341.0,43496.0,43340.0,43482.0,15804.0
2024-01-02 20:12:00,43481.0,43489.0,43406.0,43413.0,18388.0
2024-01-02 20:13:00,43434.0,43545.0,43428.0,43544.0,14977.0
2024-01-02 20:14:00,43533.0,43543.0,43275.0,43277.0,10170.0
2024-01-02 20:15:00,43268.0,43288.0,43255.0,43287.0,16931.0
2024-01-02 20:16:00,43286.0,43364.0,43271.0,43344.0,4928.0
2024-01-02 20:17:00,43329.0,43355.0,43142.0,43182.0,19218.0
2024-01-02 20:18:00,43180.0,43194.0,42845.0,42861.0,11471.0
2024-01-02 20:19:00,42862.0,42921.0,42861.0,42883.0,7351.0
2024-01-02 20:20:00,42887.0,43094.0,42868.0,43092.0,13441.0
2024-01-02 20:21:00,43090.0,43152.0,43090.0,43119.0,14196.0
2024-01-02 20:22:00,43127.0,43133.0,42935.0,42966.0,10054.0
2024-01-02 20:23:00,42963.0,43098.0,42956.0,43085.0,17995.0
2024-01-02 20:24:00,43084.0,43123.0,43062.0,43118.0,6857.0
2024-01-02 20:25:00,43118.0,43124.0,42926.0,42967.0,4351.0
2024-01-02 20:26:00,42964.0,42967.0,42883.0,42920.0,19871.0
2024-01-02 20:27:00,42928.0,42942.0,42790.0,42826.0,14294.0
2024-01-02 20:28:00,42825.0,42837.0,42744.0,42780.0,22457.0
2024-01-02 20:29:00,42766.0,42827.0,42752.0,42789.0,21079.0
2024-01-02 20:30:00,42777.0,42798.0,42630.0,42668.0,5603.0
2024-01-02 20:31:00,42669.0,42870.0,42669.0,42849.0,9543.0
2024-01-02 20:32:00,42851.0,42989.0,42831.0,42953.0,11079.0
2024-01-02 20:33:00,42948.0,42952.0,42885.0,42901.0,8925.0
2024-01-02 20:34:00,42904.0,43113.0,42892.0,43078.0,14201.0
2024-01-02 20:35:00,43067.0,43153.0,43060.0,43123.0,12227.0
2024-01-02 20:36:00,43117.0,43119.0,43067.0,43067.0,13962.0
2024-01-02 20:37:00,43070.0,43120.0,43048.0,43107.0,17212.0
2024-01-02 20:38:00,43110.0,43295.0,43085.0,43291.0,21468.0
2024-01-02 20:39:00,43281.0,43377.0,43275.0,43337.0,4539.0
2024-01-02 20:40:00,43341.0,43398.0,43332.0,43355.0,18069.0
2024-01-02 20:41:00,43358.0,43401.0,43354.0,43390.0,21467.0
2024-01-02 20:42:00,43387.0,43458.0,43362.0,43426.0,4088.0
2024-01-02 20:43:00,43421.0,43441.0,43344.0,43344.0,4451.0
2024-01-02 20:44:00,43344.0,43391.0,43333.0,43388.0,10940.0
2024-01-02 20:45:00,43372.0,43393.0,43320.0,43345.0,14716.0
2024-01-02 20:46:00,43354.0,43408.0,43353.0,43398.0,8530.0
2024-01-02 20:47:00,43394.0,43543.0,43371.0,43542.0,9163.0
2024-01-02 20:48:00,43547.0,43690.0,43542.0,43656.0,14397.0
2024-01-02 20:49:00,43652.0,43657.0,43437.0,43468.0,10337.0
2024-01-02 20:50:00,43460.0,43547.0,43452.0,43509.0,12380.0
2024-01-02 20:51:00,43504.0,43732.0,43498.0,43730.0,10497.0
2024-01-02 20:52:00,43714.0,43721.0,43638.0,43653.0,11505.0
2024-01-02 20:53:00,43647.0,43670.0,43595.0,43633.0,13626.0
2024-01-02 20:54:00,43650.0,43836.0,43630.0,43808.0,6522.0
2024-01-02 20:55:00,43815.0,43835.0,43779.0,43784.0,11867.0
2024-01-02 20:56:00,43783.0,43921.0,43774.0,43890.0,4387.0
2024-01-02 20:57:00,43911.0,43917.0,43760.0,43762.0,4699.0
2024-01-02 20:58:00,43754.0,43765.0,43446.0,43483.0,11361.0
2024-01-02 20:59:00,43475.0,43793.0,43474.0,43753.0,15788.0
2024-01-02 21:00:00,43739.0,43751.0,43616.0,43639.0,5682.0
2024-01-02 21:01:00,43646.0,43823.0,43628.0,43790.0,5957.0
2024-01-02 21:02:00,43773.0,43945.0,43753.0,43943.0,9725.0
2024-01-02 21:03:00,43951.0,44139.0,43927.0,44100.0,4278.0
2024-01-02 21:04:00,44093.0,44193.0,44080.0,44176.0,17186.0
2024-01-02 21:05:00,44170.0,44314.0,44149.0,44313.0,16392.0
2024-01-02 21:06:00,44310.0,44325.0,43969.0,43983.0,14183.0
2024-01-02 21:07:00,43992.0,44412.0,43972.0,44390.0,22016.0
2024-01-02 21:08:00,44389.0,44396.0,44288.0,44318.0,19426.0
2024-01-02 21:09:00,44312.0,44421.0,44287.0,44391.0,10893.0
2024-01-02 21:10:00,44397.0,44421.0,44043.0,44075.0,21211.0
2024-01-02 21:11:00,44073.0,44114.0,44066.0,44095.0,4287.0
2024-01-02 21:12:00,44091.0,44106.0,43977.0,44015.0,20527.0
2024-01-02 21:13:00,44008.0,44167.0,43995.0,44165.0,80326.04449184581
2024-01-02 21:14:00,44167.0,44168.0,43886.0,43923.0,18768.0
2024-01-02 21:15:00,43916.0,43941.0,43623.0,43651.0,14864.0
2024-01-02 21:16:00,43646.0,43657.0,43578.0,43592.0,11838.0
2024-01-02 21:17:00,43614.0,43711.0,43590.0,43672.0,12639.0
2024-01-02 21:18:00,43673.0,43675.0,43613.0,43643.0,16922.0
2024-01-02 21:19:00,43659.0,43674.0,43533.0,43547.0,4706.0
2024-01-02 21:20:00,43543.0,43549.0,43441.0,43475.0,22367.0
2024-01-02 21:21:00,43460.0,43471.0,43189.0,43203.0,6296.0
2024-01-02 21:22:00,43198.0,43311.0,43190.0,43310.0,21884.0
2024-01-02 21:23:00,43307.0,43331.0,43262.0,43293.0,11233.0
2024-01-02 21:24:00,43306.0,43616.0,43302.0,43591.0,12310.0
2024-01-02 21:25:00,43595.0,43608.0,43505.0,43508.0,13566.0
2024-01-02 21:26:00,43502.0,43526.0,43411.0,43415.0,15785.0
2024-01-02 21:27:00,43410.0,43435.0,43394.0,43425.0,12348.0
2024-01-02 21:28:00,43416.0,43418.0,43204.0,43226.0,19549.0
2024-01-02 21:29:00,43222.0,43291.0,43206.0,43282.0,19580.0
2024-01-02 21:30:00,43287.0,43310.0,43217.0,43224.0,12607.0
2024-01-02 21:31:00,43223.0,43227.0,43146.0,43159.0,18689.0
2024-01-02 21:32:00,43150.0,43164.0,42891.0,42899.0,5760.0
2024-01-02 21:33:00,42876.0,43094.0,42856.0,43071.0,14525.0
2024-01-02 21:34:00,43074.0,43082.0,42831.0,42840.0,7614.0
2024-01-02 21:35:00,42836.0,42881.0,42830.0,42854.0,13204.0
2024-01-02 21:36:00,42846.0,42867.0,42720.0,42752.0,19495.0
2024-01-02 21:37:00,42757.0,42891.0,42752.0,42858.0,4624.0
2024-01-02 21:38:00,42858.0,42869.0,42704.0,42734.0,15803.0
2024-01-02 21:39:00,42727.0,42824.0,42708.0,42782.0,5704.0
2024-01-02 21:40:00,42785.0,42794.0,42737.0,42745.0,19782.0
2024-01-02 21:41:00,42736.0,42818.0,42725.0,42805.0,13036.0
2024-01-02 21:42:00,42812.0,42823.0,42620.0,42655.0,15589.0
2024-01-02 21:43:00,42666.0,42727.0,42663.0,42688.0,15958.0
2024-01-02 21:44:00,42692.0,42763.0,42683.0,42737.0,12485.0
2024-01-02 21:45:00,42759.0,42816.0,42738.0,42798.0,11133.0
2024-01-02 21:46:00,42791.0,42999.0,42781.0,42980.0,4755.0
2024-01-02 21:47:00,42991.0,43028.0,42978.0,43008.0,21749.0
2024-01-02 21:48:00,43003.0,43029.0,42979.0,43028.0,16167.0
2024-01-02 21:49:00,43027.0,43175.0,43014.0,43168.0,7022.0
2024-01-02 21:50:00,43171.0,43338.0,43163.0,43324.0,22177.0
2024-01-02 21:51:00,43316.0,43319.0,43274.0,43303.0,9554.0
2024-01-02 21:52:00,43301.0,43323.0,43073.0,43105.0,12387.0
2024-01-02 21:53:00,43115.0,43125.0,43069.0,43094.0,20275.0
2024-01-02 21:54:00,43099.0,43220.0,43098.0,43203.0,18556.0
2024-01-02 21:55:00,43198.0,43201.0,42988.0,43025.0,17013.0
2024-01-02 21:56:00,43034.0,43139.0,43026.0,43112.0,14517.0
2024-01-02 21:57:00,43117.0,43129.0,43091.0,43099.0,9472.0
2024-01-02 21:58:00,43100.0,43111.0,43032.0,43045.0,18564.0
2024-01-02 21:59:00,43043.0,43059.0,42963.0,42971.0,21487.0
2024-01-02 22:00:00,42972.0,42981.0,42950.0,42950.0,6994.0
2024-01-02 22:01:00,42950.0,42973.0,42842.0,42881.0,7913.0
2024-01-02 22:02:00,42882.0,42904.0,42846.0,42871.0,9026.0
2024-01-02 22:03:00,42865.0,42895.0,42840.0,42885.0,5322.0
2024-01-02 22:04:00,42879.0,42899.0,42855.0,42887.0,6070.0
2024-01-02 22:05:00,42889.0,43042.0,42872.0,43009.0,14271.0
2024-01-02 22:06:00,43001.0,43148.0,42987.0,43140.0,4959.0
2024-01-02 22:07:00,43131.0,43133.0,43077.0,43110.0,11001.0
2024-01-02 22:08:00,43117.0,43119.0,43026.0,43046.0,3893.0
2024-01-02 22:09:00,43043.0,43054.0,43003.0,43013.0,12314.0
2024-01-02 22:10:00,43009.0,43173.0,42992.0,43167.0,12213.0
2024-01-02 22:11:00,43176.0,43200.0,43170.0,43197.0,2837.0
2024-01-02 22:12:00,43210.0,43245.0,43208.0,43235.0,14162.0
2024-01-02 22:13:00,43232.0,43242.0,42981.0,43013.0,14584.0
2024-01-02 22:14:00,43012.0,43043.0,43012.0,43019.0,4635.0
2024-01-02 22:15:00,43012.0,43034.0,42818.0,42861.0,13479.0
2024-01-02 22:16:00,42857.0,42866.0,42834.0,42841.0,13185.0
2024-01-02 22:17:00,42856.0,42962.0,42835.0,42941.0,7301.0
2024-01-02 22:18:00,42954.0,42971.0,42941.0,42970.0,9554.0
2024-01-02 22:19:00,42961.0,43017.0,42953.0,42995.0,10366.0
2024-01-02 22:20:00,42976.0,43106.0,42960.0,43071.0,6859.0
2024-01-02 22:21:00,43071.0,43094.0,43070.0,43088.0,11834.0
2024-01-02 22:22:00,43091.0,43105.0,43022.0,43033.0,3453.0
2024-01-02 22:23:00,43023.0,43173.0,43015.0,43146.0,13405.0
2024-01-02 22:24:00,43142.0,43163.0,43116.0,43137.0,14748.0
2024-01-02 22:25:00,43139.0,43282.0,43123.0,43254.0,2649.0
2024-01-02 22:26:00,43244.0,43267.0,43130.0,43146.0,4619.0
2024-01-02 22:27:00,43145.0,43165.0,43128.0,43141.0,10121.0
2024-01-02 22:28:00,43125.0,43145.0,43032.0,43046.0,10776.0
2024-01-02 22:29:00,43046.0,43055.0,42926.0,42943.0,14357.0
2024-01-02 22:30:00,42941.0,42986.0,42930.0,42954.0,7121.0
2024-01-02 22:31:00,42952.0,43064.0,42948.0,43042.0,8117.0
2024-01-02 22:32:00,43043.0,43052.0,42981.0,42987.0,4930.0
2024-01-02 22:33:00,42991.0,42996.0,42968.0,42994.0,7608.0
2024-01-02 22:34:00,42997.0,43002.0,42945.0,42953.0,3796.0
2024-01-02 22:35:00,42947.0,43018.0,42939.0,42993.0,5081.0
2024-01-02 22:36:00,43001.0,43019.0,42962.0,42997.0,13520.0
2024-01-02 22:37:00,43003.0,43018.0,43003.0,43017.0,8609.0
2024-01-02 22:38:00,43010.0,43031.0,42866.0,42904.0,14299.0
2024-01-02 22:39:00,42909.0,42970.0,42905.0,42938.0,14290.0
2024-01-02 22:40:00,42947.0,42970.0,42787.0,42797.0,3651.0
2024-01-02 22:41:00,42792.0,42880.0,42787.0,42861.0,13781.0
2024-01-02 22:42:00,42871.0,42888.0,42749.0,42778.0,12801.0
2024-01-02 22:43:00,42783.0,42849.0,42770.0,42842.0,7536.0
2024-01-02 22:44:00,42850.0,42859.0,42806.0,42828.0,6010.0
2024-01-02 22:45:00,42827.0,42939.0,42814.0,42931.0,11373.0
2024-01-02 22:46:00,42918.0,43059.0,42894.0,43027.0,5129.0
2024-01-02 22:47:00,43031.0,43038.0,42907.0,42949.0,13674.0
2024-01-02 22:48:00,42963.0,43112.0,42948.0,43107.0,13128.0
2024-01-02 22:49:00,43090.0,43095.0,43022.0,43058.0,4203.0
2024-01-02 22:50:00,43053.0,43104.0,43033.0,43084.0,14202.0
2024-01-02 22:51:00,43093.0,43116.0,42991.0,43008.0,8064.0
2024-01-02 22:52:00,43011.0,43019.0,42983.0,43003.0,14653.0
2024-01-02 22:53:00,42999.0,43095.0,42973.0,43070.0,7117.0
2024-01-02 22:54:00,43070.0,43137.0,43068.0,43134.0,8152.0
2024-01-02 22:55:00,43139.0,43153.0,43082.0,43102.0,8711.0
2024-01-02 22:56:00,43104.0,43119.0,43040.0,43050.0,4631.0
2024-01-02 22:57:00,43050.0,43097.0,43044.0,43082.0,5297.0
2024-01-02 22:58:00,43089.0,43251.0,43076.0,43209.0,10970.0
2024-01-02 22:59:00,43203.0,43220.0,43084.0,43086.0,10696.0
2024-01-02 23:00:00,43077.0,43095.0,43033.0,43070.0,12133.0
2024-01-02 23:01:00,43086.0,43170.0,43081.0,43152.0,14072.0
2024-01-02 23:02:00,43155.0,43195.0,43153.0,43168.0,13871.0
2024-01-02 23:03:00,43177.0,43189.0,43132.0,43147.0,5072.0
2024-01-02 23:04:00,43146.0,43209.0,43139.0,43183.0,10047.0
2024-01-02 23:05:00,43183.0,43280.0,43176.0,43258.0,5594.0
2024-01-02 23:06:00,43261.0,43281.0,43219.0,43248.0,2652.0
2024-01-02 23:07:00,43239.0,43340.0,43233.0,43337.0,5419.0
2024-01-02 23:08:00,43319.0,43325.0,43144.0,43166.0,3926.0
2024-01-02 23:09:00,43170.0,43277.0,43166.0,43265.0,13659.0
2024-01-02 23:10:00,43272.0,43322.0,43247.0,43292.0,6841.0
2024-01-02 23:11:00,43305.0,43325.0,43079.0,43120.0,13910.0
2024-01-02 23:12:00,43129.0,43151.0,43106.0,43137.0,2735.0
2024-01-02 23:13:00,43132.0,43143.0,43118.0,43129.0,13036.0
2024-01-02 23:14:00,43129.0,43153.0,43095.0,43121.0,9436.0
2024-01-02 23:15:00,43120.0,43151.0,43113.0,43134.0,14438.0
2024-01-02 23:16:00,43136.0,43146.0,43058.0,43088.0,6950.0
2024-01-02 23:17:00,43100.0,43121.0,43023.0,43053.0,11182.0
2024-01-02 23:18:00,43054.0,43106.0,43031.0,43099.0,14985.0
2024-01-02 23:19:00,43075.0,43116.0,43068.0,43115.0,5468.0
2024-01-02 23:20:00,43100.0,43212.0,43081.0,43201.0,3711.0
2024-01-02 23:21:00,43211.0,43234.0,43133.0,43162.0,3135.0
2024-01-02 23:22:00,43181.0,43196.0,43125.0,43155.0,9215.0
2024-01-02 23:23:00,43145.0,43145.0,43035.0,43056.0,5232.0
2024-01-02 23:24:00,43067.0,43114.0,43048.0,43079.0,9084.0
2024-01-02 23:25:00,43075.0,43083.0,43011.0,43047.0,7248.0
2024-01-02 23:26:00,43041.0,43052.0,43006.0,43027.0,14412.0
2024-01-02 23:27:00,43019.0,43042.0,42912.0,42916.0,12164.0
2024-01-02 23:28:00,42934.0,42985.0,42929.0,42981.0,3313.0
2024-01-02 23:29:00,42991.0,43034.0,42973.0,43033.0,7719.0
2024-01-02 23:30:00,43040.0,43054.0,42991.0,43007.0,9160.0
2024-01-02 23:31:00,42992.0,42997.0,42796.0,42822.0,3809.0
2024-01-02 23:32:00,42812.0,42984.0,42806.0,42951.0,7767.0
2024-01-02 23:33:00,42937.0,42978.0,42915.0,42947.0,6415.0
2024-01-02 23:34:00,42951.0,42968.0,42921.0,42930.0,9889.0
2024-01-02 23:35:00,42944.0,42947.0,42939.0,42944.0,12297.0
2024-01-02 23:36:00,42916.0,43113.0,42900.0,43088.0,12723.0
2024-01-02 23:37:00,43087.0,43199.0,43069.0,43173.0,12168.0
2024-01-02 23:38:00,43179.0,43359.0,43161.0,43331.0,7073.0
2024-01-02 23:39:00,43322.0,43322.0,43263.0,43284.0,14409.0
2024-01-02 23:40:00,43282.0,43466.0,43278.0,43455.0,11984.0
2024-01-02 23:41:00,43452.0,43505.0,43433.0,43495.0,7488.0
2024-01-02 23:42:00,43496.0,43512.0,43478.0,43498.0,7970.0
2024-01-02 23:43:00,43506.0,43516.0,43456.0,43484.0,3320.0
2024-01-02 23:44:00,43482.0,43501.0,43414.0,43431.0,14943.0
2024-01-02 23:45:00,43440.0,43455.0,43420.0,43434.0,6351.0
2024-01-02 23:46:00,43427.0,43434.0,43300.0,43331.0,10460.0
2024-01-02 23:47:00,43338.0,43339.0,43270.0,43300.0,9881.0
2024-01-02 23:48:00,43296.0,43375.0,43276.0,43354.0,8056.0
2024-01-02 23:49:00,43344.0,43357.0,43197.0,43222.0,13188.0
2024-01-02 23:50:00,43221.0,43235.0,43200.0,43226.0,14348.0
2024-01-02 23:51:00,43227.0,43337.0,43219.0,43318.0,7432.0
2024-01-02 23:52:00,43321.0,43325.0,43250.0,43284.0,13363.0
2024-01-02 23:53:00,43276.0,43378.0,43273.0,43373.0,11846.0
2024-01-02 23:54:00,43380.0,43386.0,43360.0,43386.0,3659.0
2024-01-02 23:55:00,43389.0,43521.0,43379.0,43500.0,9409.0
2024-01-02 23:56:00,43503.0,43506.0,43347.0,43355.0,5724.0
2024-01-02 23:57:00,43361.0,43488.0,43345.0,43484.0,14725.0
2024-01-02 23:58:00,43478.0,43566.0,43467.0,43528.0,6016.0
2024-01-02 23:59:00,43515.0,43560.0,43511.0,43525.0,6541.0
2024-01-03 00:00:00,43522.0,43547.0,43413.0,43439.0,9736.0
2024-01-03 00:01:00,43427.0,43452.0,43418.0,43436.0,5638.0
2024-01-03 00:02:00,43430.0,43519.0,43416.0,43512.0,14504.0
2024-01-03 00:03:00,43502.0,43504.0,43309.0,43315.0,13663.0
2024-01-03 00:04:00,43318.0,43325.0,43238.0,43246.0,12421.0
2024-01-03 00:05:00,43240.0,43279.0,43229.0,43246.0,12538.0
2024-01-03 00:06:00,43238.0,43319.0,43232.0,43282.0,6294.0
2024-01-03 00:07:00,43282.0,43359.0,43257.0,43346.0,4535.0
2024-01-03 00:08:00,43345.0,43482.0,43321.0,43470.0,12074.0
2024-01-03 00:09:00,43467.0,43484.0,43378.0,43397.0,3279.0
2024-01-03 00:10:00,43405.0,43488.0,43398.0,43448.0,12059.0
2024-01-03 00:11:00,43446.0,43476.0,43440.0,43463.0,4429.0
2024-01-03 00:12:00,43455.0,43658.0,43453.0,43637.0,14276.0
2024-01-03 00:13:00,43648.0,43732.0,43636.0,43714.0,11465.0
2024-01-03 00:14:00,43716.0,43720.0,43589.0,43592.0,3329.0
2024-01-03 00:15:00,43577.0,43713.0,43558.0,43682.0,7802.0
2024-01-03 00:16:00,43686.0,43701.0,43645.0,43663.0,2699.0
2024-01-03 00:17:00,43654.0,43675.0,43549.0,43578.0,13537.0
2024-01-03 00:18:00,43576.0,43578.0,43458.0,43495.0,14267.0
2024-01-03 00:19:00,43508.0,43532.0,43501.0,43520.0,12039.0
2024-01-03 00:20:00,43507.0,43520.0,43382.0,43421.0,9524.0
2024-01-03 00:21:00,43415.0,43552.0,43395.0,43521.0,5353.0
2024-01-03 00:22:00,43515.0,43524.0,43485.0,43493.0,6188.0
2024-01-03 00:23:00,43520.0,43533.0,43452.0,43477.0,6460.0
2024-01-03 00:24:00,43479.0,43574.0,43456.0,43545.0,4983.0
2024-01-03 00:25:00,43555.0,43574.0,43540.0,43564.0,14353.0
2024-01-03 00:26:00,43573.0,43609.0,43547.0,43585.0,6105.0
2024-01-03 00:27:00,43580.0,43583.0,43433.0,43467.0,10581.0
2024-01-03 00:28:00,43463.0,43546.0,43445.0,43512.0,14672.0
2024-01-03 00:29:00,43500.0,43545.0,43475.0,43541.0,3548.0
2024-01-03 00:30:00,43545.0,43552.0,43483.0,43498.0,5797.0
2024-01-03 00:31:00,43489.0,43675.0,43483.0,43652.0,5159.0
2024-01-03 00:32:00,43644.0,43646.0,43620.0,43634.0,10637.0
2024-01-03 00:33:00,43640.0,43647.0,43633.0,43639.0,5622.0
2024-01-03 00:34:00,43635.0,43669.0,43630.0,43640.0,14024.0
2024-01-03 00:35:00,43643.0,43667.0,43596.0,43608.0,9856.0
2024-01-03 00:36:00,43603.0,43605.0,43484.0,43513.0,9775.0
2024-01-03 00:37:00,43522.0,43610.0,43514.0,43572.0,4876.0
2024-01-03 00:38:00,43557.0,43562.0,43475.0,43488.0,9459.0
2024-01-03 00:39:00,43495.0,43499.0,43365.0,43398.0,11549.0
2024-01-03 00:40:00,43415.0,43425.0,43377.0,43405.0,13177.0
2024-01-03 00:41:00,43418.0,43497.0,43406.0,43457.0,7736.0
2024-01-03 00:42:00,43457.0,43532.0,43441.0,43499.0,12115.0
2024-01-03 00:43:00,43503.0,43528.0,43491.0,43494.0,3246.0
2024-01-03 00:44:00,43488.0,43495.0,43449.0,43450.0,11683.0
2024-01-03 00:45:00,43458.0,43478.0,43446.0,43468.0,4783.0
2024-01-03 00:46:00,43470.0,43493.0,43447.0,43460.0,7399.0
2024-01-03 00:47:00,43468.0,43563.0,43456.0,43521.0,2682.0
2024-01-03 00:48:00,43520.0,43535.0,43511.0,43535.0,13664.0
2024-01-03 00:49:00,43540.0,43544.0,43433.0,43453.0,10502.0
2024-01-03 00:50:00,43443.0,43457.0,43371.0,43393.0,9338.0
2024-01-03 00:51:00,43379.0,43383.0,43322.0,43324.0,2648.0
2024-01-03 00:52:00,43316.0,43366.0,43301.0,43326.0,11153.0
2024-01-03 00:53:00,43336.0,43430.0,43333.0,43405.0,7429.0
2024-01-03 00:54:00,43406.0,43510.0,43398.0,43487.0,10915.0
2024-01-03 00:55:00,43483.0,43607.0,43474.0,43576.0,5113.0
2024-01-03 00:56:00,43571.0,43581.0,43549.0,43563.0,4401.0
2024-01-03 00:57:00,43571.0,43732.0,43570.0,43730.0,5430.0
2024-01-03 00:58:00,43724.0,43732.0,43651.0,43678.0,12899.0
2024-01-03 00:59:00,43657.0,43713.0,43638.0,43708.0,5887.0
2024-01-03 01:00:00,43710.0,43715.0,43574.0,43576.0,10001.0
2024-01-03 01:01:00,43572.0,43577.0,43320.0,43362.0,7727.0
2024-01-03 01:02:00,43357.0,43450.0,43333.0,43414.0,2761.0
2024-01-03 01:03:00,43429.0,43502.0,43417.0,43485.0,14160.0
2024-01-03 01:04:00,43488.0,43533.0,43462.0,43510.0,7540.0
2024-01-03 01:05:00,43500.0,43519.0,43418.0,43425.0,2882.0
2024-01-03 01:06:00,43419.0,43508.0,43394.0,43490.0,9965.0
2024-01-03 01:07:00,43488.0,43491.0,43469.0,43482.0,9817.0
2024-01-03 01:08:00,43469.0,43510.0,43448.0,43500.0,3574.0
2024-01-03 01:09:00,43496.0,43500.0,43427.0,43433.0,13399.0
2024-01-03 01:10:00,43433.0,43440.0,43332.0,43373.0,4895.0
2024-01-03 01:11:00,43372.0,43434.0,43368.0,43423.0,6409.0
2024-01-03 01:12:00,43415.0,43476.0,43396.0,43473.0,4967.0
2024-01-03 01:13:00,43464.0,43486.0,43391.0,43394.0,9080.0
2024-01-03 01:14:00,43404.0,43430.0,43314.0,43352.0,10305.0
2024-01-03 01:15:00,43349.0,43370.0,43326.0,43358.0,3251.0
2024-01-03 01:16:00,43375.0,43408.0,43365.0,43378.0,6674.0
2024-01-03 01:17:00,43376.0,43385.0,43275.0,43284.0,15273.023845930707
2024-01-03 01:18:00,43291.0,43365.0,43270.0,43358.0,12867.0
2024-01-03 01:19:00,43352.0,43421.0,43327.0,43414.0,4943.0
2024-01-03 01:20:00,43412.0,43465.0,43399.0,43454.0,7047.0
2024-01-03 01:21:00,43456.0,43462.0,43448.0,43457.0,2693.0
2024-01-03 01:22:00,43441.0,43544.0,43422.0,43534.0,6062.0
2024-01-03 01:23:00,43532.0,43546.0,43477.0,43513.0,6071.0
2024-01-03 01:24:00,43514.0,43551.0,43491.0,43527.0,12341.0
2024-01-03 01:25:00,43531.0,43629.0,43512.0,43591.0,6833.0
2024-01-03 01:26:00,43584.0,43722.0,43564.0,43683.0,2887.0
2024-01-03 01:27:00,43686.0,43824.0,43661.0,43791.0,4535.0
2024-01-03 01:28:00,43790.0,43803.0,43766.0,43769.0,4941.0
2024-01-03 01:29:00,43761.0,43771.0,43692.0,43707.0,9160.0
2024-01-03 01:30:00,43697.0,43746.0,43674.0,43706.0,9779.0
2024-01-03 01:31:00,43714.0,43729.0,43561.0,43575.0,5677.0
2024-01-03 01:32:00,43588.0,43603.0,43403.0,43432.0,9201.0
2024-01-03 01:33:00,43427.0,43489.0,43414.0,43473.0,10928.0
2024-01-03 01:34:00,43472.0,43492.0,43321.0,43340.0,5323.0
2024-01-03 01:35:00,43339.0,43362.0,43173.0,43203.0,12118.0
2024-01-03 01:36:00,43215.0,43240.0,43133.0,43138.0,4632.0
2024-01-03 01:37:00,43129.0,43147.0,43082.0,43107.0,3954.0
2024-01-03 01:38:00,43116.0,43118.0,43052.0,43091.0,13553.0
2024-01-03 01:39:00,43088.0,43092.0,43044.0,43068.0,8544.0
2024-01-03 01:40:00,43051.0,43300.0,43036.0,43267.0,11526.0
2024-01-03 01:41:00,43257.0,43329.0,43239.0,43289.0,11189.0
2024-01-03 01:42:00,43293.0,43379.0,43289.0,43371.0,10373.0
2024-01-03 01:43:00,43380.0,43423.0,43357.0,43415.0,12528.0
2024-01-03 01:44:00,43424.0,43464.0,43399.0,43441.0,13582.0
2024-01-03 01:45:00,43425.0,43442.0,43341.0,43378.0,6507.0
2024-01-03 01:46:00,43376.0,43486.0,43372.0,43480.0,2967.0
2024-01-03 01:47:00,43480.0,43535.0,43472.0,43518.0,12236.0
2024-01-03 01:48:00,43512.0,43519.0,43355.0,43393.0,6626.0
2024-01-03 01:49:00,43394.0,43418.0,43330.0,43333.0,13841.0
2024-01-03 01:50:00,43341.0,43349.0,43258.0,43298.0,5509.0
2024-01-03 01:51:00,43303.0,43356.0,43299.0,43341.0,9473.0
2024-01-03 01:52:00,43343.0,43345.0,43295.0,43313.0,3216.0
2024-01-03 01:53:00,43328.0,43335.0,43290.0,43313.0,2814.0
2024-01-03 01:54:00,43316.0,43327.0,43296.0,43312.0,3396.0
2024-01-03 01:55:00,43305.0,43445.0,43285.0,43435.0,5008.0
2024-01-03 01:56:00,43439.0,43455.0,43369.0,43386.0,9082.0
2024-01-03 01:57:00,43380.0,43418.0,43365.0,43405.0,9588.0
2024-01-03 01:58:00,43402.0,43412.0,43231.0,43265.0,14890.0
2024-01-03 01:59:00,43257.0,43332.0,43240.0,43293.0,11103.0
2024-01-03 02:00:00,43284.0,43419.0,43262.0,43403.0,8268.0
2024-01-03 02:01:00,43409.0,43465.0,43402.0,43429.0,12624.0
2024-01-03 02:02:00,43435.0,43437.0,43329.0,43350.0,4828.0
2024-01-03 02:03:00,43356.0,43453.0,43333.0,43425.0,11212.0
2024-01-03 02:04:00,43433.0,43519.0,43425.0,43494.0,5613.0
2024-01-03 02:05:00,43504.0,43507.0,43279.0,43300.0,12086.0
2024-01-03 02:06:00,43303.0,43313.0,43175.0,43199.0,5306.0
2024-01-03 02:07:00,43179.0,43257.0,43171.0,43222.0,12512.0
2024-01-03 02:08:00,43240.0,43241.0,43194.0,43230.0,5575.0
2024-01-03 02:09:00,43244.0,43248.0,43232.0,43246.0,6889.0
2024-01-03 02:10:00,43247.0,43261.0,43125.0,43137.0,33908.68955695443
2024-01-03 02:11:00,43156.0,43162.0,43049.0,43068.0,5679.0
2024-01-03 02:12:00,43073.0,43086.0,42946.0,42980.0,4200.0
2024-01-03 02:13:00,42985.0,42990.0,42983.0,42984.0,2603.0
2024-01-03 02:14:00,42974.0,42989.0,42861.0,42898.0,7789.0
2024-01-03 02:15:00,42914.0,43034.0,42902.0,43011.0,5896.0
2024-01-03 02:16:00,43001.0,43017.0,42924.0,42931.0,11931.0
2024-01-03 02:17:00,42941.0,42966.0,42781.0,42791.0,14956.0
2024-01-03 02:18:00,42800.0,42825.0,42630.0,42656.0,8090.0
2024-01-03 02:19:00,42651.0,42659.0,42509.0,42536.0,5320.0
2024-01-03 02:20:00,42542.0,42552.0,42477.0,42499.0,5693.0
2024-01-03 02:21:00,42491.0,42499.0,42452.0,42461.0,4465.0
2024-01-03 02:22:00,42477.0,42502.0,42464.0,42480.0,13006.0
2024-01-03 02:23:00,42481.0,42506.0,42410.0,42424.0,6015.0
2024-01-03 02:24:00,42422.0,42432.0,42382.0,42391.0,11485.0
2024-01-03 02:25:00,42374.0,42386.0,42346.0,42366.0,3432.0
2024-01-03 02:26:00,42366.0,42471.0,42359.0,42462.0,10424.0
2024-01-03 02:27:00,42461.0,42523.0,42443.0,42517.0,12627.0
2024-01-03 02:28:00,42505.0,42519.0,42381.0,42403.0,6785.0
2024-01-03 02:29:00,42392.0,42416.0,42347.0,42351.0,3078.0
2024-01-03 02:30:00,42344.0,42354.0,42287.0,42308.0,4866.0
2024-01-03 02:31:00,42306.0,42330.0,42158.0,42190.0,7816.0
2024-01-03 02:32:00,42194.0,42202.0,42005.0,42014.0,9732.0
2024-01-03 02:33:00,42011.0,42029.0,41950.0,41964.0,11512.0
2024-01-03 02:34:00,41960.0,41972.0,41883.0,41884.0,6001.0
2024-01-03 02:35:00,41889.0,41900.0,41803.0,41842.0,8701.0
2024-01-03 02:36:00,41842.0,41877.0,41823.0,41877.0,6324.0
2024-01-03 02:37:00,41863.0,41865.0,41793.0,41809.0,13629.0
2024-01-03 02:38:00,41807.0,41818.0,41754.0,41774.0,13737.0
2024-01-03 02:39:00,41780.0,41792.0,41627.0,41656.0,12443.0
2024-01-03 02:40:00,41651.0,41734.0,41638.0,41721.0,6186.0
2024-01-03 02:41:00,41721.0,41725.0,41679.0,41699.0,5729.0
2024-01-03 02:42:00,41695.0,41706.0,41644.0,41673.0,8400.0
2024-01-03 02:43:00,41662.0,41775.0,41652.0,41740.0,10228.0
2024-01-03 02:44:00,41745.0,41785.0,41744.0,41762.0,14413.0
2024-01-03 02:45:00,41757.0,41781.0,41672.0,41692.0,5240.0
2024-01-03 02:46:00,41691.0,41694.0,41644.0,41681.0,7355.0
2024-01-03 02:47:00,41685.0,41701.0,41627.0,41655.0,11407.0
2024-01-03 02:48:00,41646.0,41655.0,41633.0,41648.0,14598.0
2024-01-03 02:49:00,41645.0,41686.0,41643.0,41667.0,4373.0
2024-01-03 02:50:00,41658.0,41712.0,41634.0,41685.0,10690.0
2024-01-03 02:51:00,41666.0,41758.0,41646.0,41723.0,13646.0
2024-01-03 02:52:00,41726.0,41832.0,41720.0,41796.0,13146.0
2024-01-03 02:53:00,41799.0,41843.0,41783.0,41803.0,9664.0
2024-01-03 02:54:00,41796.0,41806.0,41677.0,41707.0,9548.0
2024-01-03 02:55:00,41696.0,41706.0,41646.0,41650.0,6838.0
2024-01-03 02:56:00,41623.0,41646.0,41436.0,41458.0,12925.0
2024-01-03 02:57:00,41450.0,41689.0,41427.0,41671.0,7047.0
2024-01-03 02:58:00,41682.0,41735.0,41680.0,41707.0,4933.0
2024-01-03 02:59:00,41713.0,41947.0,41706.0,41938.0,9658.0
2024-01-03 03:00:00,41948.0,42005.0,41947.0,41970.0,6940.0
2024-01-03 03:01:00,41965.0,42112.0,41964.0,42105.0,13304.0
2024-01-03 03:02:00,42113.0,42133.0,42067.0,42099.0,14029.0
2024-01-03 03:03:00,42095.0,42112.0,42006.0,42014.0,3469.0
2024-01-03 03:04:00,42025.0,42043.0,41919.0,41939.0,12027.0
2024-01-03 03:05:00,41938.0,42001.0,41917.0,41994.0,7085.0
2024-01-03 03:06:00,41981.0,42139.0,41966.0,42101.0,6734.0
2024-01-03 03:07:00,42099.0,42109.0,41924.0,41928.0,8474.0
2024-01-03 03:08:00,41931.0,41932.0,41898.0,41927.0,3128.0
2024-01-03 03:09:00,41930.0,42054.0,41919.0,42029.0,60021.9571079695
2024-01-03 03:10:00,42041.0,42079.0,42039.0,42060.0,13732.0
2024-01-03 03:11:00,42058.0,42072.0,41834.0,41869.0,10353.0
2024-01-03 03:12:00,41865.0,41906.0,41855.0,41889.0,11051.0
2024-01-03 03:13:00,41888.0,41976.0,41879.0,41973.0,11338.0
2024-01-03 03:14:00,41972.0,41992.0,41938.0,41939.0,13348.0
2024-01-03 03:15:00,41933.0,42010.0,41920.0,41990.0,4266.0
2024-01-03 03:16:00,41981.0,42129.0,41966.0,42112.0,12864.0
2024-01-03 03:17:00,42110.0,42135.0,42029.0,42052.0,10276.0
2024-01-03 03:18:00,42057.0,42060.0,41940.0,41973.0,14820.0
2024-01-03 03:19:00,41970.0,41971.0,41930.0,41944.0,4228.0
2024-01-03 03:20:00,41948.0,42083.0,41931.0,42049.0,13301.0
2024-01-03 03:21:00,42052.0,42237.0,42033.0,42199.0,12045.0
2024-01-03 03:22:00,42197.0,42205.0,42171.0,42197.0,8589.0
2024-01-03 03:23:00,42201.0,42205.0,42160.0,42182.0,10477.0
2024-01-03 03:24:00,42193.0,42196.0,42142.0,42161.0,11881.0
2024-01-03 03:25:00,42183.0,42197.0,42005.0,42041.0,7421.0
2024-01-03 03:26:00,42031.0,42038.0,41830.0,41867.0,13149.0
2024-01-03 03:27:00,41874.0,41877.0,41838.0,41872.0,14339.0
2024-01-03 03:28:00,41873.0,41882.0,41795.0,41796.0,8480.0
2024-01-03 03:29:00,41797.0,41806.0,41691.0,41727.0,7220.0
2024-01-03 03:30:00,41734.0,41770.0,41730.0,41758.0,13765.0
2024-01-03 03:31:00,41761.0,41890.0,41757.0,41855.0,13803.0
2024-01-03 03:32:00,41850.0,41944.0,41844.0,41943.0,12831.0
2024-01-03 03:33:00,41950.0,41972.0,41939.0,41966.0,12402.0
2024-01-03 03:34:00,41961.0,42043.0,41947.0,42003.0,3953.0
2024-01-03 03:35:00,41985.0,42072.0,41962.0,42063.0,7078.0
2024-01-03 03:36:00,42074.0,42163.0,42053.0,42148.0,2739.0
2024-01-03 03:37:00,42147.0,42230.0,42123.0,42222.0,7478.0
2024-01-03 03:38:00,42224.0,42299.0,42205.0,42260.0,7792.0
2024-01-03 03:39:00,42249.0,42490.0,42235.0,42458.0,2979.0
2024-01-03 03:40:00,42462.0,42539.0,42448.0,42534.0,13331.0
2024-01-03 03:41:00,42518.0,42588.0,42508.0,42546.0,9746.0
2024-01-03 03:42:00,42554.0,42565.0,42360.0,42368.0,13147.0
2024-01-03 03:43:00,42383.0,42410.0,42363.0,42389.0,8917.0
2024-01-03 03:44:00,42395.0,42432.0,42390.0,42415.0,10304.0
2024-01-03 03:45:00,42408.0,42506.0,42387.0,42485.0,13815.0
2024-01-03 03:46:00,42484.0,42536.0,42469.0,42504.0,5804.0
2024-01-03 03:47:00,42509.0,42531.0,42424.0,42432.0,5431.0
2024-01-03 03:48:00,42418.0,42584.0,42417.0,42563.0,3998.0
2024-01-03 03:49:00,42569.0,42696.0,42558.0,42686.0,12915.0
2024-01-03 03:50:00,42688.0,42704.0,42587.0,42606.0,9024.0
2024-01-03 03:51:00,42602.0,42650.0,42578.0,42624.0,11207.0
2024-01-03 03:52:00,42627.0,42629.0,42514.0,42548.0,8613.0
2024-01-03 03:53:00,42550.0,42599.0,42526.0,42571.0,6557.0
2024-01-03 03:54:00,42565.0,42588.0,42422.0,42447.0,12134.0
2024-01-03 03:55:00,42449.0,42474.0,42360.0,42368.0,13223.0
2024-01-03 03:56:00,42366.0,42600.0,42352.0,42572.0,3199.0
2024-01-03 03:57:00,42574.0,42764.0,42559.0,42730.0,7663.0
2024-01-03 03:58:00,42724.0,42769.0,42712.0,42753.0,14742.0
2024-01-03 03:59:00,42732.0,42757.0,42684.0,42726.0,14202.0
2024-01-03 04:00:00,42728.0,42771.0,42721.0,42749.0,10149.0
2024-01-03 04:01:00,42750.0,42767.0,42564.0,42597.0,13176.0
2024-01-03 04:02:00,42599.0,42617.0,42447.0,42473.0,8111.0
2024-01-03 04:03:00,42480.0,42622.0,42457.0,42590.0,2882.0
2024-01-03 04:04:00,42595.0,42719.0,42576.0,42706.0,14519.0
2024-01-03 04:05:00,42720.0,42743.0,42624.0,42637.0,7920.0
2024-01-03 04:06:00,42643.0,42706.0,42636.0,42663.0,2592.0
2024-01-03 04:07:00,42666.0,42685.0,42496.0,42505.0,14864.0
2024-01-03 04:08:00,42502.0,42516.0,42458.0,42480.0,3823.0
2024-01-03 04:09:00,42474.0,42516.0,42452.0,42474.0,10066.0
2024-01-03 04:10:00,42464.0,42534.0,42459.0,42521.0,4235.0
2024-01-03 04:11:00,42526.0,42542.0,42516.0,42526.0,7071.0
2024-01-03 04:12:00,42532.0,42545.0,42439.0,42450.0,6212.0
2024-01-03 04:13:00,42453.0,42460.0,42376.0,42389.0,10340.0
2024-01-03 04:14:00,42383.0,42405.0,42376.0,42381.0,3285.0
2024-01-03 04:15:00,42376.0,42460.0,42360.0,42455.0,4076.0
2024-01-03 04:16:00,42459.0,42473.0,42383.0,42413.0,13656.0
2024-01-03 04:17:00,42410.0,42415.0,42238.0,42264.0,12748.0
2024-01-03 04:18:00,42267.0,42273.0,42156.0,42160.0,11620.0
2024-01-03 04:19:00,42158.0,42159.0,42059.0,42064.0,13119.0
2024-01-03 04:20:00,42056.0,42095.0,42036.0,42072.0,13976.0
2024-01-03 04:21:00,42062.0,42067.0,41981.0,42005.0,13225.0
2024-01-03 04:22:00,42007.0,42022.0,41950.0,41981.0,12824.0
2024-01-03 04:23:00,41976.0,42056.0,41975.0,42017.0,9770.0
2024-01-03 04:24:00,42007.0,42061.0,42004.0,42045.0,12333.0
2024-01-03 04:25:00,42046.0,42100.0,42041.0,42083.0,8182.0
2024-01-03 04:26:00,42092.0,42098.0,42048.0,42063.0,14609.0
2024-01-03 04:27:00,42057.0,42062.0,41985.0,42005.0,9091.0
2024-01-03 04:28:00,42005.0,42028.0,41848.0,41866.0,4860.0
2024-01-03 04:29:00,41888.0,42002.0,41887.0,41962.0,10497.0
2024-01-03 04:30:00,41966.0,42061.0,41966.0,42028.0,11599.0
2024-01-03 04:31:00,42033.0,42059.0,42015.0,42035.0,8699.0
2024-01-03 04:32:00,42031.0,42061.0,42009.0,42053.0,4765.0
2024-01-03 04:33:00,42056.0,42063.0,41961.0,41977.0,6154.0
2024-01-03 04:34:00,41983.0,42190.0,41960.0,42159.0,9544.0
2024-01-03 04:35:00,42143.0,42144.0,42052.0,42064.0,7471.0
2024-01-03 04:36:00,42074.0,42155.0,42065.0,42143.0,4342.0
2024-01-03 04:37:00,42151.0,42162.0,42057.0,42076.0,13303.0
2024-01-03 04:38:00,42075.0,42292.0,42053.0,42275.0,3517.0
2024-01-03 04:39:00,42284.0,42329.0,42266.0,42299.0,6453.0
2024-01-03 04:40:00,42311.0,42325.0,42201.0,42219.0,5032.0
2024-01-03 04:41:00,42223.0,42258.0,42209.0,42231.0,8463.0
2024-01-03 04:42:00,42227.0,42364.0,42216.0,42328.0,3565.0
2024-01-03 04:43:00,42325.0,42481.0,42316.0,42453.0,10635.0
2024-01-03 04:44:00,42436.0,42448.0,42337.0,42344.0,5478.0
2024-01-03 04:45:00,42335.0,42360.0,42221.0,42233.0,4533.0
2024-01-03 04:46:00,42236.0,42347.0,42215.0,42327.0,2589.0
2024-01-03 04:47:00,42335.0,42375.0,42327.0,42366.0,6318.0
2024-01-03 04:48:00,42376.0,42455.0,42360.0,42444.0,4605.0
2024-01-03 04:49:00,42462.0,42518.0,42447.0,42492.0,6256.0
2024-01-03 04:50:00,42486.0,42558.0,42467.0,42522.0,14587.0
2024-01-03 04:51:00,42507.0,42562.0,42484.0,42548.0,11168.0
2024-01-03 04:52:00,42562.0,42668.0,42544.0,42640.0,13744.0
2024-01-03 04:53:00,42637.0,42659.0,42618.0,42642.0,6487.0
2024-01-03 04:54:00,42646.0,42690.0,42632.0,42685.0,6136.0
2024-01-03 04:55:00,42688.0,42772.0,42679.0,42745.0,6805.0
2024-01-03 04:56:00,42753.0,42757.0,42711.0,42722.0,2987.0
2024-01-03 04:57:00,42714.0,42802.0,42691.0,42760.0,6304.0
2024-01-03 04:58:00,42770.0,42770.0,42701.0,42718.0,8643.0
2024-01-03 04:59:00,42735.0,42929.0,42721.0,42898.0,9651.0
2024-01-03 05:00:00,42902.0,42907.0,42851.0,42861.0,10176.0
2024-01-03 05:01:00,42846.0,43061.0,42829.0,43043.0,10084.0
2024-01-03 05:02:00,43045.0,43061.0,43013.0,43022.0,11232.0
2024-01-03 05:03:00,43013.0,43033.0,42971.0,43002.0,10111.0
2024-01-03 05:04:00,43012.0,43095.0,42993.0,43078.0,7025.0
2024-01-03 05:05:00,43075.0,43118.0,43057.0,43084.0,10531.0
2024-01-03 05:06:00,43074.0,43177.0,43069.0,43162.0,2503.0
2024-01-03 05:07:00,43158.0,43180.0,43015.0,43032.0,5923.0
2024-01-03 05:08:00,43033.0,43178.0,43022.0,43143.0,4958.0
2024-01-03 05:09:00,43137.0,43159.0,43120.0,43132.0,12616.0
2024-01-03 05:10:00,43136.0,43182.0,43117.0,43149.0,2543.0
2024-01-03 05:11:00,43146.0,43201.0,43136.0,43182.0,12315.0
2024-01-03 05:12:00,43161.0,43333.0,43154.0,43303.0,14066.0
2024-01-03 05:13:00,43315.0,43316.0,43206.0,43248.0,8762.0
2024-01-03 05:14:00,43245.0,43313.0,43240.0,43307.0,8347.0
2024-01-03 05:15:00,43321.0,43449.0,43300.0,43446.0,14141.0
2024-01-03 05:16:00,43458.0,43474.0,43310.0,43338.0,5996.0
2024-01-03 05:17:00,43336.0,43352.0,43185.0,43198.0,10987.0
2024-01-03 05:18:00,43202.0,43219.0,43171.0,43174.0,2733.0
2024-01-03 05:19:00,43157.0,43178.0,42967.0,43000.0,4663.0
2024-01-03 05:20:00,42991.0,42992.0,42881.0,42917.0,8937.0
2024-01-03 05:21:00,42926.0,43061.0,42925.0,43041.0,13967.0
2024-01-03 05:22:00,43028.0,43028.0,42983.0,42990.0,5276.0
2024-01-03 05:23:00,42974.0,42991.0,42971.0,42977.0,10731.0
2024-01-03 05:24:00,42969.0,43111.0,42945.0,43089.0,10034.0
2024-01-03 05:25:00,43092.0,43106.0,43055.0,43066.0,7434.0
2024-01-03 05:26:00,43057.0,43083.0,43018.0,43020.0,13254.0
2024-01-03 05:27:00,43021.0,43274.0,43018.0,43238.0,9989.0
2024-01-03 05:28:00,43246.0,43270.0,43229.0,43232.0,2699.0
2024-01-03 05:29:00,43234.0,43409.0,43228.0,43370.0,12097.0
2024-01-03 05:30:00,43359.0,43574.0,43349.0,43540.0,10168.0
2024-01-03 05:31:00,43527.0,43719.0,43513.0,43692.0,5565.0
2024-01-03 05:32:00,43681.0,43690.0,43440.0,43480.0,9583.0
2024-01-03 05:33:00,43491.0,43507.0,43377.0,43390.0,10815.0
2024-01-03 05:34:00,43402.0,43484.0,43390.0,43476.0,11320.0
2024-01-03 05:35:00,43477.0,43487.0,43419.0,43431.0,8387.0
2024-01-03 05:36:00,43431.0,43452.0,43393.0,43413.0,9726.0
2024-01-03 05:37:00,43411.0,43437.0,43395.0,43429.0,3781.0
2024-01-03 05:38:00,43437.0,43445.0,43099.0,43110.0,11233.0
2024-01-03 05:39:00,43120.0,43239.0,43110.0,43199.0,13068.0
2024-01-03 05:40:00,43191.0,43198.0,43172.0,43195.0,12525.0
2024-01-03 05:41:00,43196.0,43216.0,43151.0,43193.0,3730.0
2024-01-03 05:42:00,43192.0,43204.0,43145.0,43169.0,7104.0
2024-01-03 05:43:00,43191.0,43230.0,43182.0,43215.0,13134.0
2024-01-03 05:44:00,43225.0,43324.0,43205.0,43289.0,5407.0
2024-01-03 05:45:00,43286.0,43362.0,43268.0,43340.0,9895.0
2024-01-03 05:46:00,43354.0,43415.0,43335.0,43412.0,14597.0
2024-01-03 05:47:00,43412.0,43430.0,43282.0,43307.0,8542.0
2024-01-03 05:48:00,43308.0,43319.0,43163.0,43164.0,5318.0
2024-01-03 05:49:00,43164.0,43186.0,43049.0,43058.0,4347.0
2024-01-03 05:50:00,43069.0,43074.0,42998.0,43038.0,10991.0
2024-01-03 05:51:00,43036.0,43046.0,42967.0,42994.0,3341.0
2024-01-03 05:52:00,42988.0,43002.0,42811.0,42812.0,3449.0
2024-01-03 05:53:00,42813.0,42879.0,42797.0,42874.0,4982.0
2024-01-03 05:54:00,42872.0,42878.0,42703.0,42716.0,11346.0
2024-01-03 05:55:00,42724.0,42746.0,42700.0,42737.0,13239.0
2024-01-03 05:56:00,42723.0,42776.0,42700.0,42744.0,7200.0
2024-01-03 05:57:00,42755.0,42774.0,42675.0,42686.0,5008.0
2024-01-03 05:58:00,42680.0,42702.0,42536.0,42544.0,10715.0
2024-01-03 05:59:00,42534.0,42764.0,42530.0,42753.0,2713.0
2024-01-03 06:00:00,42756.0,42786.0,42746.0,42771.0,3978.0
2024-01-03 06:01:00,42771.0,42777.0,42685.0,42726.0,13861.0
2024-01-03 06:02:00,42730.0,42883.0,42726.0,42847.0,6029.0
2024-01-03 06:03:00,42841.0,42975.0,42832.0,42960.0,12460.0
2024-01-03 06:04:00,42960.0,43085.0,42956.0,43049.0,14418.0
2024-01-03 06:05:00,43044.0,43049.0,42918.0,42953.0,11498.0
2024-01-03 06:06:00,42957.0,42960.0,42885.0,42907.0,11687.0
2024-01-03 06:07:00,42900.0,43022.0,42898.0,42994.0,6938.0
2024-01-03 06:08:00,42993.0,43125.0,42980.0,43113.0,11555.0
2024-01-03 06:09:00,43119.0,43244.0,43099.0,43236.0,9403.0
2024-01-03 06:10:00,43238.0,43339.0,43223.0,43300.0,3992.0
2024-01-03 06:11:00,43292.0,43371.0,43279.0,43365.0,8576.0
2024-01-03 06:12:00,43361.0,43388.0,43340.0,43377.0,6366.0
2024-01-03 06:13:00,43393.0,43446.0,43368.0,43417.0,4498.0
2024-01-03 06:14:00,43400.0,43422.0,43352.0,43372.0,12329.0
2024-01-03 06:15:00,43368.0,43386.0,43219.0,43249.0,13468.0
2024-01-03 06:16:00,43257.0,43289.0,43255.0,43271.0,13992.0
2024-01-03 06:17:00,43265.0,43383.0,43250.0,43340.0,5960.0
2024-01-03 06:18:00,43348.0,43368.0,43229.0,43270.0,11095.0
2024-01-03 06:19:00,43268.0,43274.0,43131.0,43141.0,5298.0
2024-01-03 06:20:00,43133.0,43218.0,43130.0,43197.0,4550.0
2024-01-03 06:21:00,43204.0,43215.0,43190.0,43212.0,13405.0
2024-01-03 06:22:00,43217.0,43232.0,43150.0,43159.0,4851.0
2024-01-03 06:23:00,43160.0,43204.0,43150.0,43169.0,3283.0
2024-01-03 06:24:00,43177.0,43177.0,43008.0,43051.0,7902.0
2024-01-03 06:25:00,43065.0,43082.0,42746.0,42783.0,12582.0
2024-01-03 06:26:00,42784.0,42849.0,42761.0,42810.0,13107.0
2024-01-03 06:27:00,42811.0,42907.0,42809.0,42895.0,6671.0
2024-01-03 06:28:00,42888.0,42914.0,42869.0,42909.0,8543.0
2024-01-03 06:29:00,42894.0,42919.0,42861.0,42893.0,3876.0
2024-01-03 06:30:00,42878.0,42889.0,42799.0,42839.0,10382.0
2024-01-03 06:31:00,42854.0,42862.0,42805.0,42823.0,6235.0
2024-01-03 06:32:00,42822.0,42837.0,42797.0,42802.0,5542.0
2024-01-03 06:33:00,42814.0,42834.0,42750.0,42767.0,3434.0
2024-01-03 06:34:00,42774.0,42960.0,42774.0,42940.0,13379.0
2024-01-03 06:35:00,42942.0,43023.0,42918.0,42996.0,6410.0
2024-01-03 06:36:00,43003.0,43046.0,42981.0,43043.0,10841.0
2024-01-03 06:37:00,43052.0,43141.0,43035.0,43119.0,14785.0
2024-01-03 06:38:00,43113.0,43149.0,43105.0,43136.0,5907.0
2024-01-03 06:39:00,43138.0,43139.0,43101.0,43106.0,9669.0
2024-01-03 06:40:00,43112.0,43133.0,43104.0,43112.0,53204.100298204605
2024-01-03 06:41:00,43112.0,43116.0,43054.0,43078.0,6629.0
2024-01-03 06:42:00,43077.0,43184.0,43073.0,43177.0,6844.0
2024-01-03 06:43:00,43168.0,43184.0,43146.0,43166.0,6905.0
2024-01-03 06:44:00,43168.0,43187.0,43145.0,43146.0,4013.0
2024-01-03 06:45:00,43131.0,43198.0,43122.0,43176.0,10584.0
2024-01-03 06:46:00,43177.0,43189.0,43049.0,43090.0,12814.0
2024-01-03 06:47:00,43097.0,43117.0,42976.0,42982.0,4716.0
2024-01-03 06:48:00,42984.0,43042.0,42980.0,43009.0,2573.0
2024-01-03 06:49:00,43014.0,43026.0,43007.0,43016.0,4826.0
2024-01-03 06:50:00,43015.0,43027.0,42957.0,42985.0,6755.0
2024-01-03 06:51:00,42976.0,42993.0,42848.0,42889.0,7630.0
2024-01-03 06:52:00,42894.0,42912.0,42802.0,42842.0,9267.0
2024-01-03 06:53:00,42844.0,42858.0,42819.0,42857.0,13247.0
2024-01-03 06:54:00,42861.0,42901.0,42846.0,42886.0,8605.0
2024-01-03 06:55:00,42889.0,42896.0,42863.0,42875.0,13203.0
2024-01-03 06:56:00,42871.0,42958.0,42865.0,42916.0,6020.0
2024-01-03 06:57:00,42914.0,43034.0,42900.0,43031.0,3056.0
2024-01-03 06:58:00,43030.0,43093.0,43017.0,43091.0,2944.0
2024-01-03 06:59:00,43102.0,43187.0,43091.0,43179.0,56885.88386960102
2024-01-03 07:00:00,43179.0,43198.0,43129.0,43142.0,2707.0
2024-01-03 07:01:00,43131.0,43186.0,43131.0,43154.0,3937.0
2024-01-03 07:02:00,43157.0,43181.0,43091.0,43118.0,13144.0
2024-01-03 07:03:00,43107.0,43126.0,43007.0,43044.0,5604.0
2024-01-03 07:04:00,43038.0,43071.0,43026.0,43043.0,4635.0
2024-01-03 07:05:00,43040.0,43064.0,43024.0,43024.0,4772.0
2024-01-03 07:06:00,43024.0,43240.0,43017.0,43201.0,11135.0
2024-01-03 07:07:00,43192.0,43213.0,42976.0,43018.0,8476.0
2024-01-03 07:08:00,43017.0,43115.0,43011.0,43085.0,9413.0
2024-01-03 07:09:00,43089.0,43113.0,43009.0,43048.0,8806.0
2024-01-03 07:10:00,43048.0,43195.0,43033.0,43184.0,9977.0
2024-01-03 07:11:00,43171.0,43176.0,42983.0,42995.0,14643.0
2024-01-03 07:12:00,42989.0,42997.0,42925.0,42961.0,3875.0
2024-01-03 07:13:00,42961.0,43099.0,42939.0,43069.0,12312.0
2024-01-03 07:14:00,43072.0,43123.0,43047.0,43121.0,3258.0
2024-01-03 07:15:00,43125.0,43161.0,43113.0,43145.0,5123.0
2024-01-03 07:16:00,43157.0,43179.0,43091.0,43121.0,8226.0
2024-01-03 07:17:00,43128.0,43131.0,43096.0,43127.0,11898.0
2024-01-03 07:18:00,43127.0,43151.0,43057.0,43091.0,13007.0
2024-01-03 07:19:00,43083.0,43219.0,43082.0,43210.0,7372.0
2024-01-03 07:20:00,43211.0,43275.0,43191.0,43259.0,12250.0
2024-01-03 07:21:00,43256.0,43307.0,43246.0,43281.0,10455.0
2024-01-03 07:22:00,43278.0,43286.0,43144.0,43175.0,2861.0
2024-01-03 07:23:00,43175.0,43194.0,43078.0,43094.0,5986.0
2024-01-03 07:24:00,43104.0,43156.0,43087.0,43137.0,6261.0
2024-01-03 07:25:00,43134.0,43204.0,43118.0,43204.0,63936.65305860258
2024-01-03 07:26:00,43184.0,43204.0,43176.0,43182.0,2838.0
2024-01-03 07:27:00,43177.0,43281.0,43160.0,43274.0,105102.16354228022
2024-01-03 07:28:00,43284.0,43307.0,43235.0,43277.0,85560.92994246261
2024-01-03 07:29:00,43275.0,43405.0,43256.0,43371.0,12437.0
2024-01-03 07:30:00,43376.0,43431.0,43353.0,43401.0,9824.0
2024-01-03 07:31:00,43407.0,43455.0,43396.0,43441.0,6642.0
2024-01-03 07:32:00,43428.0,43489.0,43422.0,43473.0,4489.0
2024-01-03 07:33:00,43462.0,43578.0,43448.0,43565.0,13028.0
2024-01-03 07:34:00,43564.0,43609.0,43563.0,43593.0,11589.0
2024-01-03 07:35:00,43580.0,43670.0,43556.0,43657.0,7843.0
2024-01-03 07:36:00,43663.0,43745.0,43638.0,43705.0,12643.0
2024-01-03 07:37:00,43712.0,43721.0,43684.0,43704.0,6570.0
2024-01-03 07:38:00,43703.0,43703.0,43675.0,43684.0,7989.0
2024-01-03 07:39:00,43684.0,43707.0,43578.0,43603.0,13991.0
2024-01-03 07:40:00,43593.0,43609.0,43535.0,43550.0,5044.0
2024-01-03 07:41:00,43550.0,43668.0,43528.0,43667.0,93746.09442954272
2024-01-03 07:42:00,43669.0,43749.0,43666.0,43723.0,10784.0
2024-01-03 07:43:00,43706.0,43892.0,43688.0,43872.0,2669.0
2024-01-03 07:44:00,43876.0,43894.0,43799.0,43800.0,8707.0
2024-01-03 07:45:00,43792.0,43811.0,43718.0,43730.0,10115.0
2024-01-03 07:46:00,43746.0,43775.0,43727.0,43770.0,11864.0
2024-01-03 07:47:00,43774.0,43796.0,43603.0,43631.0,10906.0
2024-01-03 07:48:00,43645.0,43656.0,43554.0,43596.0,11518.0
2024-01-03 07:49:00,43601.0,43704.0,43585.0,43665.0,14287.0
2024-01-03 07:50:00,43663.0,43814.0,43649.0,43773.0,10961.0
2024-01-03 07:51:00,43770.0,43780.0,43673.0,43716.0,2877.0
2024-01-03 07:52:00,43713.0,43765.0,43695.0,43741.0,14259.0
2024-01-03 07:53:00,43738.0,43800.0,43722.0,43791.0,10910.0
2024-01-03 07:54:00,43790.0,43903.0,43773.0,43889.0,13590.0
2024-01-03 07:55:00,43888.0,43996.0,43879.0,43988.0,12705.0
2024-01-03 07:56:00,43990.0,44002.0,43952.0,43955.0,3066.0
2024-01-03 07:57:00,43955.0,43966.0,43741.0,43777.0,8621.0
2024-01-03 07:58:00,43787.0,43912.0,43772.0,43879.0,3313.0
2024-01-03 07:59:00,43862.0,43873.0,43677.0,43719.0,14287.0
2024-01-03 08:00:00,43715.0,43729.0,43573.0,43593.0,14667.0
2024-01-03 08:01:00,43596.0,43787.0,43571.0,43746.0,20904.0
2024-01-03 08:02:00,43761.0,43767.0,43711.0,43734.0,4191.0
2024-01-03 08:03:00,43739.0,43884.0,43719.0,43857.0,18544.0
2024-01-03 08:04:00,43863.0,44023.0,43840.0,43990.0,5515.0
2024-01-03 08:05:00,43999.0,44002.0,43923.0,43966.0,15008.0
2024-01-03 08:06:00,43965.0,43975.0,43848.0,43879.0,13047.0
2024-01-03 08:07:00,43872.0,44061.0,43855.0,44021.0,16437.0
2024-01-03 08:08:00,44031.0,44188.0,44009.0,44180.0,12385.0
2024-01-03 08:09:00,44174.0,44402.0,44168.0,44363.0,10103.0
2024-01-03 08:10:00,44366.0,44385.0,44202.0,44212.0,21173.0
2024-01-03 08:11:00,44221.0,44256.0,44219.0,44232.0,11597.0
2024-01-03 08:12:00,44258.0,44327.0,44244.0,44283.0,7348.0
2024-01-03 08:13:00,44290.0,44397.0,44274.0,44377.0,7467.0
2024-01-03 08:14:00,44366.0,44374.0,44353.0,44366.0,11979.0
2024-01-03 08:15:00,44351.0,44620.0,44335.0,44588.0,19853.0
2024-01-03 08:16:00,44582.0,44688.0,44563.0,44679.0,6260.0
2024-01-03 08:17:00,44663.0,44864.0,44643.0,44864.0,10711.0
2024-01-03 08:18:00,44877.0,45076.0,44876.0,45043.0,7400.0
2024-01-03 08:19:00,45052.0,45068.0,44870.0,44897.0,8649.0
2024-01-03 08:20:00,44903.0,44992.0,44887.0,44971.0,6030.0
2024-01-03 08:21:00,44979.0,45067.0,44955.0,45030.0,6627.0
2024-01-03 08:22:00,45048.0,45061.0,44947.0,44991.0,12670.0
2024-01-03 08:23:00,44979.0,44999.0,44965.0,44999.0,6117.0
2024-01-03 08:24:00,44994.0,45003.0,44803.0,44816.0,16316.0
2024-01-03 08:25:00,44809.0,44970.0,44787.0,44928.0,7059.0
2024-01-03 08:26:00,44923.0,45139.0,44908.0,45139.0,21867.0
2024-01-03 08:27:00,45144.0,45201.0,45123.0,45191.0,19700.0
2024-01-03 08:28:00,45189.0,45190.0,45127.0,45148.0,12045.0
2024-01-03 08:29:00,45140.0,45178.0,45125.0,45176.0,10150.0
2024-01-03 08:30:00,45169.0,45265.0,45151.0,45241.0,4239.0
2024-01-03 08:31:00,45230.0,45254.0,45057.0,45092.0,4212.0
2024-01-03 08:32:00,45083.0,45140.0,45064.0,45139.0,8210.0
2024-01-03 08:33:00,45138.0,45147.0,44781.0,44812.0,20663.0
2024-01-03 08:34:00,44819.0,44839.0,44799.0,44816.0,9237.0
2024-01-03 08:35:00,44819.0,44821.0,44612.0,44632.0,6142.0
2024-01-03 08:36:00,44639.0,44646.0,44584.0,44625.0,11855.0
2024-01-03 08:37:00,44627.0,44761.0,44618.0,44728.0,18470.0
2024-01-03 08:38:00,44737.0,44755.0,44461.0,44480.0,15308.0
2024-01-03 08:39:00,44483.0,44489.0,44288.0,44312.0,13359.0
2024-01-03 08:40:00,44316.0,44422.0,44302.0,44378.0,4915.0
2024-01-03 08:41:00,44378.0,44385.0,44282.0,44326.0,11174.0
2024-01-03 08:42:00,44329.0,44456.0,44317.0,44423.0,11503.0
2024-01-03 08:43:00,44411.0,44420.0,44335.0,44363.0,7153.0
2024-01-03 08:44:00,44370.0,44377.0,44199.0,44239.0,8646.0
2024-01-03 08:45:00,44242.0,44347.0,44229.0,44309.0,15682.0
2024-01-03 08:46:00,44305.0,44543.0,44278.0,44514.0,16798.0
2024-01-03 08:47:00,44511.0,44536.0,44383.0,44388.0,6190.0
2024-01-03 08:48:00,44396.0,44415.0,44174.0,44180.0,11557.0
2024-01-03 08:49:00,44183.0,44273.0,44167.0,44236.0,18605.0
2024-01-03 08:50:00,44243.0,44265.0,44116.0,44130.0,7644.0
2024-01-03 08:51:00,44124.0,44422.0,44098.0,44417.0,19390.0
2024-01-03 08:52:00,44416.0,44562.0,44404.0,44547.0,17293.0
2024-01-03 08:53:00,44545.0,44569.0,44380.0,44418.0,6183.0
2024-01-03 08:54:00,44404.0,44411.0,44400.0,44407.0,9139.0
2024-01-03 08:55:00,44402.0,44424.0,44382.0,44424.0,19371.0
2024-01-03 08:56:00,44412.0,44438.0,44396.0,44432.0,12417.0
2024-01-03 08:57:00,44432.0,44643.0,44411.0,44641.0,4505.0
2024-01-03 08:58:00,44641.0,44653.0,44613.0,44616.0,5842.0
2024-01-03 08:59:00,44620.0,44677.0,44598.0,44647.0,22025.0
2024-01-03 09:00:00,44663.0,44685.0,44530.0,44546.0,11256.0
2024-01-03 09:01:00,44535.0,44546.0,44427.0,44470.0,6395.0
2024-01-03 09:02:00,44467.0,44468.0,44418.0,44453.0,12661.0
2024-01-03 09:03:00,44457.0,44473.0,44364.0,44370.0,6799.0
2024-01-03 09:04:00,44368.0,44406.0,44361.0,44386.0,7432.0
2024-01-03 09:05:00,44378.0,44401.0,44199.0,44229.0,7378.0
2024-01-03 09:06:00,44235.0,44265.0,44232.0,44262.0,20129.0
2024-01-03 09:07:00,44274.0,44280.0,44016.0,44044.0,14350.0
2024-01-03 09:08:00,44031.0,44035.0,43960.0,43980.0,14503.0
2024-01-03 09:09:00,43975.0,44097.0,43956.0,44058.0,19819.0
2024-01-03 09:10:00,44055.0,44072.0,43927.0,43970.0,7622.0
2024-01-03 09:11:00,43989.0,44128.0,43965.0,44090.0,20804.0
2024-01-03 09:12:00,44097.0,44115.0,43970.0,43981.0,10040.0
2024-01-03 09:13:00,43976.0,44001.0,43883.0,43891.0,4003.0
2024-01-03 09:14:00,43875.0,43980.0,43861.0,43964.0,10792.0
2024-01-03 09:15:00,43970.0,44050.0,43958.0,44033.0,18246.0
2024-01-03 09:16:00,44033.0,44210.0,44033.0,44192.0,8153.0
2024-01-03 09:17:00,44207.0,44207.0,44023.0,44063.0,7484.0
2024-01-03 09:18:00,44063.0,44082.0,43882.0,43926.0,12565.0
2024-01-03 09:19:00,43919.0,43923.0,43843.0,43846.0,7160.0
2024-01-03 09:20:00,43841.0,43861.0,43761.0,43801.0,16079.0
2024-01-03 09:21:00,43816.0,43930.0,43804.0,43888.0,14550.0
2024-01-03 09:22:00,43874.0,44076.0,43867.0,44051.0,9545.0
2024-01-03 09:23:00,44044.0,44067.0,43785.0,43813.0,16098.0
2024-01-03 09:24:00,43816.0,43883.0,43794.0,43851.0,13624.0
2024-01-03 09:25:00,43848.0,44004.0,43825.0,43967.0,21434.0
2024-01-03 09:26:00,43971.0,44369.0,43960.0,44330.0,17339.0
2024-01-03 09:27:00,44335.0,44398.0,44330.0,44383.0,12796.0
2024-01-03 09:28:00,44374.0,44657.0,44348.0,44651.0,20099.0
2024-01-03 09:29:00,44653.0,45024.0,44643.0,45014.0,5242.0
2024-01-03 09:30:00,45016.0,45043.0,44766.0,44769.0,4435.0
2024-01-03 09:31:00,44769.0,44790.0,44659.0,44701.0,6952.0
2024-01-03 09:32:00,44688.0,44691.0,44509.0,44552.0,5820.0
2024-01-03 09:33:00,44555.0,44646.0,44533.0,44613.0,21055.0
2024-01-03 09:34:00,44622.0,44637.0,44360.0,44374.0,21745.0
2024-01-03 09:35:00,44390.0,44391.0,44356.0,44367.0,17121.0
2024-01-03 09:36:00,44367.0,44456.0,44344.0,44451.0,4717.0
2024-01-03 09:37:00,44454.0,44467.0,44091.0,44133.0,21150.0
2024-01-03 09:38:00,44120.0,44129.0,43934.0,43937.0,7998.0
2024-01-03 09:39:00,43936.0,44029.0,43920.0,44010.0,10761.0
2024-01-03 09:40:00,44001.0,44006.0,43894.0,43921.0,8927.0
2024-01-03 09:41:00,43905.0,43917.0,43757.0,43801.0,5945.0
2024-01-03 09:42:00,43812.0,43899.0,43796.0,43891.0,18922.0
2024-01-03 09:43:00,43897.0,44111.0,43874.0,44078.0,12314.0
2024-01-03 09:44:00,44088.0,44098.0,44052.0,44063.0,13323.0
2024-01-03 09:45:00,44061.0,44077.0,44003.0,44041.0,7068.0
2024-01-03 09:46:00,44042.0,44264.0,44020.0,44254.0,15723.0
2024-01-03 09:47:00,44246.0,44265.0,44171.0,44177.0,13261.0
2024-01-03 09:48:00,44173.0,44238.0,44171.0,44232.0,10890.0
2024-01-03 09:49:00,44222.0,44438.0,44202.0,44397.0,6260.0
2024-01-03 09:50:00,44401.0,44519.0,44377.0,44488.0,9969.0
2024-01-03 09:51:00,44506.0,44531.0,44359.0,44400.0,7231.0
2024-01-03 09:52:00,44402.0,44485.0,44398.0,44478.0,16096.0
2024-01-03 09:53:00,44474.0,44796.0,44468.0,44785.0,10582.0
2024-01-03 09:54:00,44782.0,44786.0,44648.0,44657.0,8826.0
2024-01-03 09:55:00,44654.0,44856.0,44627.0,44832.0,6855.0
2024-01-03 09:56:00,44831.0,44841.0,44718.0,44759.0,17020.0
2024-01-03 09:57:00,44757.0,44767.0,44689.0,44710.0,9646.0
2024-01-03 09:58:00,44707.0,44734.0,44645.0,44666.0,16563.0
2024-01-03 09:59:00,44666.0,44706.0,44652.0,44692.0,11031.0
2024-01-03 10:00:00,44704.0,44737.0,44682.0,44723.0,10013.0
2024-01-03 10:01:00,44725.0,44743.0,44646.0,44675.0,9367.0
2024-01-03 10:02:00,44680.0,44698.0,44393.0,44427.0,5562.0
2024-01-03 10:03:00,44425.0,44603.0,44419.0,44591.0,15128.0
2024-01-03 10:04:00,44602.0,44636.0,44592.0,44619.0,4536.0
2024-01-03 10:05:00,44600.0,44621.0,44491.0,44493.0,17415.0
2024-01-03 10:06:00,44490.0,44501.0,44407.0,44442.0,10951.0
2024-01-03 10:07:00,44438.0,44622.0,44436.0,44616.0,17065.0
2024-01-03 10:08:00,44616.0,44637.0,44562.0,44600.0,14383.0
2024-01-03 10:09:00,44598.0,44728.0,44578.0,44717.0,6742.0
2024-01-03 10:10:00,44713.0,44994.0,44708.0,44960.0,9754.0
2024-01-03 10:11:00,44954.0,44959.0,44838.0,44853.0,18482.0
2024-01-03 10:12:00,44866.0,44925.0,44850.0,44924.0,17627.0
2024-01-03 10:13:00,44928.0,44930.0,44744.0,44778.0,4405.0
2024-01-03 10:14:00,44779.0,44944.0,44752.0,44926.0,13750.0
2024-01-03 10:15:00,44931.0,45134.0,44907.0,45090.0,6671.0
2024-01-03 10:16:00,45076.0,45196.0,45074.0,45185.0,9115.0
2024-01-03 10:17:00,45190.0,45215.0,45141.0,45178.0,5059.0
2024-01-03 10:18:00,45166.0,45167.0,45006.0,45043.0,16007.0
2024-01-03 10:19:00,45047.0,45147.0,45036.0,45128.0,7107.0
2024-01-03 10:20:00,45117.0,45129.0,45018.0,45053.0,21040.0
2024-01-03 10:21:00,45056.0,45073.0,44961.0,44999.0,15375.0
2024-01-03 10:22:00,45005.0,45017.0,44936.0,44951.0,4316.0
2024-01-03 10:23:00,44942.0,44963.0,44631.0,44636.0,11770.0
2024-01-03 10:24:00,44630.0,44652.0,44624.0,44639.0,7263.0
2024-01-03 10:25:00,44645.0,44669.0,44599.0,44613.0,12210.0
2024-01-03 10:26:00,44619.0,44634.0,44480.0,44512.0,14380.0
2024-01-03 10:27:00,44509.0,44560.0,44501.0,44537.0,16434.0
2024-01-03 10:28:00,44540.0,44583.0,44534.0,44567.0,5372.0
2024-01-03 10:29:00,44558.0,44667.0,44554.0,44631.0,15785.0
2024-01-03 10:30:00,44628.0,44649.0,44483.0,44496.0,11998.0
2024-01-03 10:31:00,44518.0,44712.0,44510.0,44704.0,69872.27672749861
2024-01-03 10:32:00,44704.0,44707.0,44635.0,44656.0,13926.0
2024-01-03 10:33:00,44654.0,44717.0,44651.0,44709.0,12247.0
2024-01-03 10:34:00,44721.0,44809.0,44718.0,44808.0,13384.0
2024-01-03 10:35:00,44808.0,45005.0,44792.0,44965.0,15819.0
2024-01-03 10:36:00,44950.0,44972.0,44748.0,44769.0,13971.0
2024-01-03 10:37:00,44759.0,44760.0,44652.0,44691.0,15882.0
2024-01-03 10:38:00,44694.0,44794.0,44680.0,44786.0,9765.0
2024-01-03 10:39:00,44785.0,44808.0,44752.0,44770.0,5690.0
2024-01-03 10:40:00,44760.0,44872.0,44738.0,44846.0,11888.0
2024-01-03 10:41:00,44850.0,44850.0,44775.0,44805.0,10445.0
2024-01-03 10:42:00,44800.0,44806.0,44524.0,44526.0,6829.0
2024-01-03 10:43:00,44535.0,44678.0,44528.0,44669.0,17804.0
2024-01-03 10:44:00,44669.0,44830.0,44653.0,44809.0,12939.0
2024-01-03 10:45:00,44816.0,44840.0,44754.0,44757.0,16191.0
2024-01-03 10:46:00,44766.0,44766.0,44725.0,44742.0,19000.0
2024-01-03 10:47:00,44747.0,44876.0,44732.0,44863.0,13396.0
2024-01-03 10:48:00,44851.0,44870.0,44831.0,44850.0,10337.0
2024-01-03 10:49:00,44850.0,44869.0,44799.0,44822.0,14462.0
2024-01-03 10:50:00,44812.0,44821.0,44702.0,44723.0,17120.0
2024-01-03 10:51:00,44728.0,44743.0,44624.0,44638.0,9772.0
2024-01-03 10:52:00,44621.0,44631.0,44525.0,44555.0,13533.0
2024-01-03 10:53:00,44556.0,44573.0,44477.0,44477.0,17541.0
2024-01-03 10:54:00,44467.0,44481.0,44382.0,44395.0,22491.0
2024-01-03 10:55:00,44386.0,44462.0,44379.0,44452.0,19652.0
2024-01-03 10:56:00,44450.0,44450.0,44381.0,44416.0,17874.0
2024-01-03 10:57:00,44425.0,44555.0,44407.0,44544.0,7442.0
2024-01-03 10:58:00,44546.0,44583.0,44528.0,44567.0,11679.0
2024-01-03 10:59:00,44557.0,44597.0,44545.0,44583.0,4426.0
2024-01-03 11:00:00,44568.0,44589.0,44558.0,44571.0,22498.0
2024-01-03 11:01:00,44591.0,44604.0,44499.0,44511.0,5052.0
2024-01-03 11:02:00,44505.0,44506.0,44476.0,44477.0,17223.0
2024-01-03 11:03:00,44476.0,44479.0,44427.0,44435.0,18129.0
2024-01-03 11:04:00,44443.0,44468.0,44397.0,44434.0,11114.0
2024-01-03 11:05:00,44434.0,44493.0,44427.0,44469.0,21680.0
2024-01-03 11:06:00,44460.0,44567.0,44458.0,44550.0,6836.0
2024-01-03 11:07:00,44559.0,44569.0,44409.0,44440.0,14543.0
2024-01-03 11:08:00,44440.0,44447.0,44332.0,44337.0,17256.0
2024-01-03 11:09:00,44328.0,44425.0,44316.0,44405.0,18721.0
2024-01-03 11:10:00,44402.0,44486.0,44400.0,44479.0,4283.0
2024-01-03 11:11:00,44491.0,44543.0,44484.0,44526.0,18517.0
2024-01-03 11:12:00,44528.0,44646.0,44526.0,44619.0,6174.0
2024-01-03 11:13:00,44618.0,44625.0,44368.0,44394.0,5019.0
2024-01-03 11:14:00,44389.0,44515.0,44378.0,44498.0,16620.0
2024-01-03 11:15:00,44501.0,44525.0,44495.0,44496.0,11386.0
2024-01-03 11:16:00,44499.0,44512.0,44447.0,44479.0,19316.0
2024-01-03 11:17:00,44491.0,44548.0,44487.0,44546.0,11513.0
2024-01-03 11:18:00,44529.0,44555.0,44392.0,44404.0,13658.0
2024-01-03 11:19:00,44384.0,44399.0,44167.0,44183.0,8250.0
2024-01-03 11:20:00,44172.0,44339.0,44164.0,44297.0,11098.0
2024-01-03 11:21:00,44313.0,44319.0,44200.0,44200.0,11440.0
2024-01-03 11:22:00,44200.0,44202.0,44051.0,44062.0,15485.0
2024-01-03 11:23:00,44061.0,44084.0,43924.0,43951.0,15279.0
2024-01-03 11:24:00,43938.0,43971.0,43914.0,43943.0,6009.0
2024-01-03 11:25:00,43944.0,44036.0,43936.0,43997.0,17705.0
2024-01-03 11:26:00,43996.0,44019.0,43803.0,43817.0,16642.0
2024-01-03 11:27:00,43824.0,43990.0,43817.0,43982.0,16873.0
2024-01-03 11:28:00,43982.0,44266.0,43967.0,44233.0,22431.0
2024-01-03 11:29:00,44232.0,44239.0,44171.0,44174.0,8491.0
2024-01-03 11:30:00,44170.0,44177.0,44144.0,44172.0,20495.0
2024-01-03 11:31:00,44176.0,44472.0,44152.0,44443.0,15565.0
2024-01-03 11:32:00,44442.0,44445.0,44331.0,44369.0,11231.0
2024-01-03 11:33:00,44365.0,44574.0,44339.0,44536.0,8587.0
2024-01-03 11:34:00,44553.0,44559.0,44477.0,44506.0,10829.0
2024-01-03 11:35:00,44497.0,44743.0,44475.0,44736.0,3993.0
2024-01-03 11:36:00,44733.0,45000.0,44719.0,44993.0,4260.0
2024-01-03 11:37:00,44996.0,45007.0,44960.0,44964.0,5477.0
2024-01-03 11:38:00,44980.0,44984.0,44752.0,44795.0,9818.0
2024-01-03 11:39:00,44809.0,44892.0,44799.0,44885.0,6482.0
2024-01-03 11:40:00,44881.0,44897.0,44801.0,44809.0,16753.0
2024-01-03 11:41:00,44802.0,44908.0,44787.0,44869.0,7800.0
2024-01-03 11:42:00,44855.0,44881.0,44813.0,44826.0,22178.0
2024-01-03 11:43:00,44819.0,44842.0,44797.0,44804.0,12770.0
2024-01-03 11:44:00,44796.0,44803.0,44738.0,44757.0,19504.0
2024-01-03 11:45:00,44768.0,44860.0,44758.0,44849.0,17553.0
2024-01-03 11:46:00,44859.0,44909.0,44835.0,44877.0,14923.0
2024-01-03 11:47:00,44892.0,44918.0,44764.0,44803.0,6511.0
2024-01-03 11:48:00,44804.0,44805.0,44678.0,44709.0,16282.0
2024-01-03 11:49:00,44710.0,44822.0,44704.0,44792.0,17459.0
2024-01-03 11:50:00,44799.0,45042.0,44775.0,45004.0,4681.0
2024-01-03 11:51:00,44992.0,45012.0,44878.0,44920.0,14044.0
2024-01-03 11:52:00,44910.0,44927.0,44869.0,44901.0,4947.0
2024-01-03 11:53:00,44895.0,44898.0,44648.0,44682.0,15914.0
2024-01-03 11:54:00,44692.0,44701.0,44411.0,44435.0,13140.0
2024-01-03 11:55:00,44437.0,44712.0,44433.0,44709.0,7643.0
2024-01-03 11:56:00,44713.0,44725.0,44548.0,44575.0,4691.0
2024-01-03 11:57:00,44583.0,44688.0,44560.0,44644.0,17237.0
2024-01-03 11:58:00,44633.0,44725.0,44628.0,44702.0,15187.0
2024-01-03 11:59:00,44708.0,45067.0,44702.0,45036.0,10141.0
2024-01-03 12:00:00,45034.0,45044.0,44669.0,44700.0,18486.0
2024-01-03 12:01:00,44705.0,44713.0,44622.0,44631.0,7475.0
2024-01-03 12:02:00,44613.0,44873.0,44611.0,44829.0,15462.0
2024-01-03 12:03:00,44821.0,44886.0,44806.0,44871.0,13196.0
2024-01-03 12:04:00,44873.0,44916.0,44850.0,44899.0,15074.0
2024-01-03 12:05:00,44897.0,45038.0,44892.0,44997.0,8380.0
2024-01-03 12:06:00,45004.0,45151.0,44977.0,45118.0,21721.0
2024-01-03 12:07:00,45108.0,45112.0,44981.0,44993.0,14939.0
2024-01-03 12:08:00,44997.0,45262.0,44996.0,45261.0,17924.0
2024-01-03 12:09:00,45268.0,45291.0,45014.0,45058.0,4636.0
2024-01-03 12:10:00,45072.0,45081.0,44901.0,44943.0,19657.0
2024-01-03 12:11:00,44950.0,44963.0,44897.0,44941.0,22413.0
2024-01-03 12:12:00,44947.0,45087.0,44926.0,45060.0,21813.0
2024-01-03 12:13:00,45043.0,45222.0,45023.0,45207.0,4509.0
2024-01-03 12:14:00,45202.0,45256.0,45201.0,45212.0,10408.0
2024-01-03 12:15:00,45213.0,45216.0,44806.0,44837.0,9512.0
2024-01-03 12:16:00,44849.0,45091.0,44840.0,45048.0,15169.0
2024-01-03 12:17:00,45047.0,45051.0,44971.0,45006.0,22383.0
2024-01-03 12:18:00,45004.0,45018.0,44993.0,45016.0,7339.0
2024-01-03 12:19:00,45015.0,45019.0,44942.0,44949.0,13026.0
2024-01-03 12:20:00,44950.0,44974.0,44927.0,44936.0,8624.0
2024-01-03 12:21:00,44957.0,44961.0,44914.0,44946.0,8110.0
2024-01-03 12:22:00,44946.0,44972.0,44931.0,44947.0,11503.0
2024-01-03 12:23:00,44938.0,44952.0,44896.0,44924.0,11136.0
2024-01-03 12:24:00,44912.0,44921.0,44889.0,44916.0,12454.0
2024-01-03 12:25:00,44913.0,44923.0,44843.0,44880.0,12587.0
2024-01-03 12:26:00,44897.0,44911.0,44760.0,44800.0,9238.0
2024-01-03 12:27:00,44784.0,44800.0,44780.0,44780.0,8445.0
2024-01-03 12:28:00,44797.0,45114.0,44774.0,45075.0,19586.0
2024-01-03 12:29:00,45077.0,45377.0,45060.0,45345.0,16276.0
2024-01-03 12:30:00,45341.0,45377.0,45317.0,45355.0,8205.0
2024-01-03 12:31:00,45363.0,45428.0,45357.0,45407.0,8634.0
2024-01-03 12:32:00,45410.0,45460.0,45397.0,45445.0,4143.0
2024-01-03 12:33:00,45459.0,45469.0,45283.0,45309.0,11200.0
2024-01-03 12:34:00,45305.0,45327.0,45088.0,45098.0,5598.0
2024-01-03 12:35:00,45081.0,45082.0,45001.0,45005.0,13538.0
2024-01-03 12:36:00,45008.0,45131.0,44994.0,45120.0,13688.0
2024-01-03 12:37:00,45119.0,45141.0,44905.0,44937.0,10963.0
2024-01-03 12:38:00,44931.0,44937.0,44660.0,44676.0,9367.0
2024-01-03 12:39:00,44681.0,44702.0,44618.0,44645.0,5974.0
2024-01-03 12:40:00,44637.0,44680.0,44630.0,44660.0,4328.0
2024-01-03 12:41:00,44651.0,44664.0,44468.0,44475.0,4056.0
2024-01-03 12:42:00,44471.0,44475.0,44418.0,44451.0,6487.0
2024-01-03 12:43:00,44453.0,44476.0,44327.0,44337.0,5145.0
2024-01-03 12:44:00,44346.0,44496.0,44328.0,44455.0,6843.0
2024-01-03 12:45:00,44466.0,44565.0,44461.0,44528.0,9611.0
2024-01-03 12:46:00,44530.0,44573.0,44504.0,44553.0,8714.0
2024-01-03 12:47:00,44557.0,44646.0,44554.0,44624.0,13129.0
2024-01-03 12:48:00,44618.0,44798.0,44597.0,44773.0,12433.0
2024-01-03 12:49:00,44763.0,44773.0,44540.0,44554.0,21215.0
2024-01-03 12:50:00,44551.0,44626.0,44551.0,44609.0,19882.0
2024-01-03 12:51:00,44617.0,44733.0,44615.0,44714.0,6402.0
2024-01-03 12:52:00,44728.0,44803.0,44724.0,44780.0,20798.0
2024-01-03 12:53:00,44789.0,44859.0,44770.0,44843.0,14875.0
2024-01-03 12:54:00,44840.0,44900.0,44825.0,44890.0,10478.0
2024-01-03 12:55:00,44902.0,45176.0,44901.0,45172.0,22094.0
2024-01-03 12:56:00,45169.0,45264.0,45168.0,45219.0,7553.0
2024-01-03 12:57:00,45237.0,45314.0,45216.0,45305.0,6829.0
2024-01-03 12:58:00,45296.0,45409.0,45285.0,45396.0,13309.0
2024-01-03 12:59:00,45404.0,45412.0,45374.0,45385.0,7121.0
2024-01-03 13:00:00,45388.0,45474.0,45385.0,45470.0,20500.0
2024-01-03 13:01:00,45487.0,45507.0,45262.0,45307.0,13769.0
2024-01-03 13:02:00,45306.0,45318.0,45076.0,45096.0,18584.0
2024-01-03 13:03:00,45089.0,45092.0,45045.0,45054.0,7290.0
2024-01-03 13:04:00,45032.0,45172.0,45016.0,45128.0,18408.0
2024-01-03 13:05:00,45138.0,45163.0,45100.0,45110.0,15486.0
2024-01-03 13:06:00,45105.0,45122.0,44865.0,44899.0,15446.0
2024-01-03 13:07:00,44887.0,44928.0,44883.0,44901.0,5083.0
2024-01-03 13:08:00,44897.0,44897.0,44875.0,44888.0,13851.0
2024-01-03 13:09:00,44903.0,44929.0,44863.0,44887.0,6323.0
2024-01-03 13:10:00,44898.0,45075.0,44874.0,45036.0,10823.0
2024-01-03 13:11:00,45038.0,45294.0,45016.0,45259.0,15374.0
2024-01-03 13:12:00,45260.0,45273.0,45159.0,45193.0,17754.0
2024-01-03 13:13:00,45193.0,45194.0,44996.0,45019.0,8363.0
2024-01-03 13:14:00,45017.0,45093.0,44998.0,45065.0,20820.0
2024-01-03 13:15:00,45060.0,45063.0,44987.0,45008.0,19879.0
2024-01-03 13:16:00,45013.0,45235.0,44986.0,45197.0,8051.0
2024-01-03 13:17:00,45204.0,45243.0,45203.0,45223.0,17878.0
2024-01-03 13:18:00,45229.0,45365.0,45227.0,45330.0,16469.0
2024-01-03 13:19:00,45336.0,45387.0,45310.0,45362.0,21243.0
2024-01-03 13:20:00,45379.0,45397.0,45290.0,45294.0,8842.0
2024-01-03 13:21:00,45302.0,45545.0,45276.0,45535.0,12584.0
2024-01-03 13:22:00,45546.0,45547.0,45504.0,45538.0,14238.0
2024-01-03 13:23:00,45540.0,45637.0,45535.0,45598.0,17987.0
2024-01-03 13:24:00,45613.0,45765.0,45613.0,45746.0,19215.0
2024-01-03 13:25:00,45748.0,45764.0,45656.0,45682.0,10977.0
2024-01-03 13:26:00,45683.0,45697.0,45532.0,45565.0,9062.0
2024-01-03 13:27:00,45552.0,45556.0,45490.0,45509.0,9282.0
2024-01-03 13:28:00,45518.0,45569.0,45510.0,45567.0,20187.0
2024-01-03 13:29:00,45575.0,45728.0,45562.0,45709.0,17291.0
2024-01-03 13:30:00,45701.0,45706.0,45595.0,45635.0,20257.0
2024-01-03 13:31:00,45640.0,45656.0,45368.0,45394.0,21468.0
2024-01-03 13:32:00,45397.0,45601.0,45379.0,45577.0,13098.0
2024-01-03 13:33:00,45575.0,45591.0,45396.0,45438.0,11564.0
2024-01-03 13:34:00,45431.0,45489.0,45415.0,45446.0,9825.0
2024-01-03 13:35:00,45435.0,45449.0,45330.0,45340.0,8752.0
2024-01-03 13:36:00,45323.0,45413.0,45298.0,45369.0,16288.0
2024-01-03 13:37:00,45351.0,45364.0,44963.0,44998.0,20116.0
2024-01-03 13:38:00,44996.0,45007.0,44783.0,44800.0,9083.0
2024-01-03 13:39:00,44796.0,44891.0,44786.0,44865.0,5400.0
2024-01-03 13:40:00,44858.0,44865.0,44511.0,44515.0,4522.0
2024-01-03 13:41:00,44520.0,44591.0,44494.0,44576.0,12180.0
2024-01-03 13:42:00,44571.0,44587.0,44470.0,44497.0,17957.0
2024-01-03 13:43:00,44486.0,44492.0,44364.0,44369.0,5581.0
2024-01-03 13:44:00,44388.0,44397.0,44297.0,44313.0,6649.0
2024-01-03 13:45:00,44309.0,44348.0,44297.0,44318.0,10887.0
2024-01-03 13:46:00,44311.0,44324.0,44142.0,44157.0,4534.0
2024-01-03 13:47:00,44160.0,44172.0,44115.0,44120.0,17976.0
2024-01-03 13:48:00,44110.0,44111.0,44058.0,44085.0,12196.0
2024-01-03 13:49:00,44083.0,44085.0,44008.0,44043.0,7274.0
2024-01-03 13:50:00,44038.0,44040.0,43995.0,44014.0,20320.0
2024-01-03 13:51:00,44015.0,44086.0,43998.0,44045.0,5137.0
2024-01-03 13:52:00,44034.0,44059.0,43973.0,43987.0,19743.0
2024-01-03 13:53:00,43982.0,43983.0,43843.0,43869.0,16159.0
2024-01-03 13:54:00,43880.0,43880.0,43859.0,43871.0,16843.0
2024-01-03 13:55:00,43876.0,44047.0,43856.0,44023.0,13687.0
2024-01-03 13:56:00,44025.0,44076.0,44019.0,44060.0,6050.0
2024-01-03 13:57:00,44072.0,44094.0,43801.0,43833.0,14152.0
2024-01-03 13:58:00,43842.0,43895.0,43822.0,43895.0,19556.0
2024-01-03 13:59:00,43890.0,43934.0,43889.0,43929.0,7817.0
2024-01-03 14:00:00,43938.0,43965.0,43925.0,43956.0,10707.0
2024-01-03 14:01:00,43939.0,43946.0,43818.0,43856.0,4382.0
2024-01-03 14:02:00,43847.0,43897.0,43842.0,43878.0,15401.0
2024-01-03 14:03:00,43871.0,43873.0,43690.0,43716.0,6199.0
2024-01-03 14:04:00,43722.0,43924.0,43702.0,43884.0,22029.0
2024-01-03 14:05:00,43888.0,43945.0,43884.0,43909.0,16587.0
2024-01-03 14:06:00,43906.0,43930.0,43808.0,43823.0,17098.0
2024-01-03 14:07:00,43823.0,43977.0,43814.0,43937.0,13570.0
2024-01-03 14:08:00,43950.0,43961.0,43868.0,43890.0,20451.0
2024-01-03 14:09:00,43895.0,44074.0,43875.0,44043.0,15382.0
2024-01-03 14:10:00,44040.0,44050.0,43990.0,44019.0,7524.0
2024-01-03 14:11:00,44026.0,44032.0,44009.0,44027.0,13335.0
2024-01-03 14:12:00,44042.0,44069.0,44025.0,44044.0,5724.0
2024-01-03 14:13:00,44040.0,44165.0,44038.0,44156.0,4782.0
2024-01-03 14:14:00,44138.0,44139.0,44028.0,44056.0,18210.0
2024-01-03 14:15:00,44058.0,44084.0,43854.0,43864.0,8283.0
2024-01-03 14:16:00,43864.0,43885.0,43668.0,43711.0,80759.41501988759
2024-01-03 14:17:00,43710.0,43719.0,43559.0,43578.0,11007.0
2024-01-03 14:18:00,43584.0,43682.0,43562.0,43670.0,14857.0
2024-01-03 14:19:00,43678.0,43680.0,43525.0,43540.0,21359.0
2024-01-03 14:20:00,43516.0,43660.0,43515.0,43618.0,20423.0
2024-01-03 14:21:00,43616.0,43628.0,43507.0,43540.0,17062.0
2024-01-03 14:22:00,43538.0,43549.0,43338.0,43381.0,9189.0
2024-01-03 14:23:00,43386.0,43470.0,43362.0,43446.0,6960.0
2024-01-03 14:24:00,43440.0,43526.0,43436.0,43520.0,21364.0
2024-01-03 14:25:00,43533.0,43547.0,43402.0,43442.0,11316.0
2024-01-03 14:26:00,43456.0,43465.0,43399.0,43436.0,20476.0
2024-01-03 14:27:00,43440.0,43462.0,43396.0,43414.0,14218.0
2024-01-03 14:28:00,43408.0,43414.0,43354.0,43374.0,8359.0
2024-01-03 14:29:00,43380.0,43453.0,43375.0,43435.0,8014.0
2024-01-03 14:30:00,43443.0,43448.0,42959.0,42988.0,17022.0
2024-01-03 14:31:00,42998.0,43085.0,42979.0,43065.0,17240.0
2024-01-03 14:32:00,43063.0,43171.0,43045.0,43161.0,7453.0
2024-01-03 14:33:00,43168.0,43175.0,43022.0,43061.0,18325.0
2024-01-03 14:34:00,43060.0,43162.0,43053.0,43124.0,17406.0
2024-01-03 14:35:00,43131.0,43146.0,43094.0,43130.0,8903.0
2024-01-03 14:36:00,43130.0,43150.0,43069.0,43098.0,11030.0
2024-01-03 14:37:00,43098.0,43142.0,43090.0,43126.0,8788.0
2024-01-03 14:38:00,43127.0,43179.0,43115.0,43152.0,14284.0
2024-01-03 14:39:00,43154.0,43160.0,42927.0,42968.0,18784.0
2024-01-03 14:40:00,42982.0,42994.0,42924.0,42957.0,16908.0
2024-01-03 14:41:00,42963.0,42981.0,42858.0,42892.0,17456.0
2024-01-03 14:42:00,42894.0,42909.0,42851.0,42873.0,14981.0
2024-01-03 14:43:00,42878.0,43048.0,42861.0,43025.0,13867.0
2024-01-03 14:44:00,43028.0,43033.0,42926.0,42936.0,7860.0
2024-01-03 14:45:00,42924.0,42945.0,42732.0,42765.0,5055.0
2024-01-03 14:46:00,42765.0,42785.0,42733.0,42739.0,7806.0
2024-01-03 14:47:00,42749.0,42757.0,42702.0,42741.0,15335.0
2024-01-03 14:48:00,42753.0,42767.0,42569.0,42607.0,21380.0
2024-01-03 14:49:00,42617.0,42624.0,42459.0,42475.0,9205.0
2024-01-03 14:50:00,42477.0,42489.0,42363.0,42398.0,17806.0
2024-01-03 14:51:00,42402.0,42426.0,42283.0,42290.0,11331.0
2024-01-03 14:52:00,42289.0,42291.0,42173.0,42212.0,16339.0
2024-01-03 14:53:00,42228.0,42275.0,42208.0,42250.0,8323.0
2024-01-03 14:54:00,42253.0,42271.0,42231.0,42253.0,12856.0
2024-01-03 14:55:00,42238.0,42255.0,42207.0,42231.0,4361.0
2024-01-03 14:56:00,42226.0,42249.0,42131.0,42144.0,16502.0
2024-01-03 14:57:00,42138.0,42147.0,42108.0,42118.0,12630.0
2024-01-03 14:58:00,42116.0,42198.0,42096.0,42193.0,15682.0
2024-01-03 14:59:00,42180.0,42280.0,42162.0,42256.0,6531.0
2024-01-03 15:00:00,42261.0,42446.0,42237.0,42426.0,17666.0
2024-01-03 15:01:00,42415.0,42422.0,42221.0,42245.0,22143.0
2024-01-03 15:02:00,42233.0,42454.0,42231.0,42428.0,7198.0
2024-01-03 15:03:00,42415.0,42434.0,42094.0,42134.0,12405.0
2024-01-03 15:04:00,42141.0,42339.0,42120.0,42324.0,15561.0
2024-01-03 15:05:00,42318.0,42404.0,42308.0,42367.0,16105.0
2024-01-03 15:06:00,42372.0,42443.0,42365.0,42407.0,12998.0
2024-01-03 15:07:00,42399.0,42411.0,42299.0,42314.0,7006.0
2024-01-03 15:08:00,42321.0,42399.0,42318.0,42381.0,7836.0
2024-01-03 15:09:00,42386.0,42403.0,42341.0,42346.0,20804.0
2024-01-03 15:10:00,42339.0,42534.0,42317.0,42494.0,14907.0
2024-01-03 15:11:00,42493.0,42503.0,42426.0,42452.0,12727.0
2024-01-03 15:12:00,42460.0,42466.0,42415.0,42420.0,20520.0
2024-01-03 15:13:00,42416.0,42480.0,42401.0,42466.0,10006.0
2024-01-03 15:14:00,42467.0,42562.0,42451.0,42542.0,13143.0
2024-01-03 15:15:00,42540.0,42781.0,42532.0,42754.0,9004.0
2024-01-03 15:16:00,42750.0,42911.0,42744.0,42904.0,14498.0
2024-01-03 15:17:00,42918.0,42922.0,42679.0,42722.0,15910.0
2024-01-03 15:18:00,42726.0,42749.0,42666.0,42666.0,22445.0
2024-01-03 15:19:00,42663.0,42780.0,42646.0,42779.0,7962.0
2024-01-03 15:20:00,42791.0,42804.0,42691.0,42696.0,16895.0
2024-01-03 15:21:00,42699.0,42706.0,42541.0,42575.0,14222.0
2024-01-03 15:22:00,42572.0,42602.0,42558.0,42595.0,17295.0
2024-01-03 15:23:00,42589.0,42609.0,42513.0,42537.0,3855.0
2024-01-03 15:24:00,42540.0,42558.0,42440.0,42476.0,9254.0
2024-01-03 15:25:00,42481.0,42573.0,42474.0,42538.0,12009.0
2024-01-03 15:26:00,42538.0,42560.0,42410.0,42433.0,19096.0
2024-01-03 15:27:00,42429.0,42444.0,42422.0,42438.0,5624.0
2024-01-03 15:28:00,42438.0,42555.0,42435.0,42547.0,19588.0
2024-01-03 15:29:00,42551.0,42604.0,42549.0,42592.0,11921.0
2024-01-03 15:30:00,42590.0,42595.0,42460.0,42488.0,9814.0
2024-01-03 15:31:00,42480.0,42494.0,42270.0,42300.0,5265.0
2024-01-03 15:32:00,42314.0,42325.0,42128.0,42168.0,9038.0
2024-01-03 15:33:00,42165.0,42183.0,42059.0,42074.0,12927.0
2024-01-03 15:34:00,42086.0,42438.0,42083.0,42403.0,20951.0
2024-01-03 15:35:00,42410.0,42564.0,42409.0,42553.0,6712.0
2024-01-03 15:36:00,42537.0,42579.0,42518.0,42553.0,5914.0
2024-01-03 15:37:00,42550.0,42676.0,42537.0,42673.0,13628.0
2024-01-03 15:38:00,42670.0,42690.0,42570.0,42602.0,4595.0
2024-01-03 15:39:00,42604.0,42788.0,42600.0,42755.0,7079.0
2024-01-03 15:40:00,42753.0,42769.0,42671.0,42686.0,7818.0
2024-01-03 15:41:00,42683.0,42787.0,42680.0,42778.0,19991.0
2024-01-03 15:42:00,42786.0,42803.0,42582.0,42622.0,15138.0
2024-01-03 15:43:00,42619.0,42721.0,42614.0,42703.0,15786.0
2024-01-03 15:44:00,42703.0,42765.0,42691.0,42749.0,16992.0
2024-01-03 15:45:00,42750.0,43003.0,42743.0,42998.0,20344.0
2024-01-03 15:46:00,43003.0,43026.0,42983.0,43008.0,21465.0
2024-01-03 15:47:00,43020.0,43239.0,43005.0,43226.0,10642.0
2024-01-03 15:48:00,43217.0,43414.0,43194.0,43371.0,18521.0
2024-01-03 15:49:00,43373.0,43651.0,43349.0,43614.0,11713.0
2024-01-03 15:50:00,43614.0,43629.0,43492.0,43535.0,6351.0
2024-01-03 15:51:00,43534.0,43552.0,43310.0,43314.0,14675.0
2024-01-03 15:52:00,43295.0,43300.0,43234.0,43254.0,12020.0
2024-01-03 15:53:00,43233.0,43306.0,43208.0,43287.0,12836.0
2024-01-03 15:54:00,43289.0,43311.0,43255.0,43288.0,19342.0
2024-01-03 15:55:00,43285.0,43290.0,43230.0,43268.0,9228.0
2024-01-03 15:56:00,43278.0,43514.0,43275.0,43475.0,8818.0
2024-01-03 15:57:00,43474.0,43498.0,43473.0,43492.0,16417.0
2024-01-03 15:58:00,43498.0,43517.0,43295.0,43305.0,20244.0
2024-01-03 15:59:00,43309.0,43320.0,43124.0,43133.0,21938.0
2024-01-03 16:00:00,43126.0,43380.0,43124.0,43356.0,11849.0
2024-01-03 16:01:00,43358.0,43405.0,43357.0,43399.0,18805.0
2024-01-03 16:02:00,43394.0,43406.0,43338.0,43345.0,4506.0
2024-01-03 16:03:00,43345.0,43366.0,43091.0,43130.0,19037.0
2024-01-03 16:04:00,43119.0,43325.0,43113.0,43292.0,10136.0
2024-01-03 16:05:00,43283.0,43306.0,42926.0,42959.0,20238.0
2024-01-03 16:06:00,42971.0,43032.0,42946.0,43007.0,20313.0
2024-01-03 16:07:00,42994.0,43001.0,42757.0,42789.0,4041.0
2024-01-03 16:08:00,42785.0,42889.0,42780.0,42883.0,10032.0
2024-01-03 16:09:00,42894.0,42905.0,42764.0,42798.0,5238.0
2024-01-03 16:10:00,42806.0,42812.0,42637.0,42662.0,7089.0
2024-01-03 16:11:00,42658.0,42744.0,42657.0,42719.0,5151.0
2024-01-03 16:12:00,42734.0,42839.0,42709.0,42835.0,18160.0
2024-01-03 16:13:00,42831.0,42956.0,42822.0,42923.0,6679.0
2024-01-03 16:14:00,42927.0,42945.0,42834.0,42876.0,8237.0
2024-01-03 16:15:00,42874.0,42880.0,42679.0,42715.0,19009.0
2024-01-03 16:16:00,42716.0,42929.0,42704.0,42912.0,7355.0
2024-01-03 16:17:00,42911.0,43121.0,42891.0,43099.0,11141.0
2024-01-03 16:18:00,43096.0,43215.0,43077.0,43206.0,7803.0
2024-01-03 16:19:00,43219.0,43225.0,43152.0,43177.0,6395.0
2024-01-03 16:20:00,43169.0,43270.0,43150.0,43239.0,38327.63345491765
2024-01-03 16:21:00,43244.0,43248.0,43056.0,43087.0,14021.0
2024-01-03 16:22:00,43081.0,43106.0,42861.0,42885.0,18963.0
2024-01-03 16:23:00,42895.0,42902.0,42701.0,42723.0,14251.0
2024-01-03 16:24:00,42737.0,42924.0,42732.0,42922.0,4039.0
2024-01-03 16:25:00,42924.0,42929.0,42757.0,42799.0,15450.0
2024-01-03 16:26:00,42791.0,42831.0,42774.0,42825.0,16971.0
2024-01-03 16:27:00,42838.0,42844.0,42633.0,42655.0,6685.0
2024-01-03 16:28:00,42644.0,42729.0,42622.0,42699.0,10963.0
2024-01-03 16:29:00,42693.0,42701.0,42437.0,42456.0,10118.0
2024-01-03 16:30:00,42454.0,42474.0,42302.0,42316.0,14722.0
2024-01-03 16:31:00,42303.0,42427.0,42297.0,42422.0,15942.0
2024-01-03 16:32:00,42421.0,42446.0,42187.0,42191.0,20846.0
2024-01-03 16:33:00,42197.0,42356.0,42175.0,42331.0,15385.0
2024-01-03 16:34:00,42340.0,42364.0,42217.0,42253.0,8002.0
2024-01-03 16:35:00,42242.0,42258.0,42030.0,42036.0,18328.0
2024-01-03 16:36:00,42048.0,42055.0,41864.0,41879.0,9003.0
2024-01-03 16:37:00,41886.0,42073.0,41885.0,42055.0,7877.0
2024-01-03 16:38:00,42052.0,42222.0,42033.0,42203.0,19683.0
2024-01-03 16:39:00,42205.0,42209.0,41947.0,41950.0,5965.0
2024-01-03 16:40:00,41960.0,42139.0,41950.0,42128.0,17649.0
2024-01-03 16:41:00,42127.0,42132.0,41985.0,41988.0,15744.0
2024-01-03 16:42:00,41991.0,42061.0,41987.0,42047.0,12298.0
2024-01-03 16:43:00,42051.0,42060.0,41770.0,41798.0,18041.0
2024-01-03 16:44:00,41793.0,41799.0,41732.0,41743.0,20898.0
2024-01-03 16:45:00,41735.0,41807.0,41725.0,41795.0,7834.0
2024-01-03 16:46:00,41799.0,41930.0,41777.0,41888.0,11771.0
2024-01-03 16:47:00,41885.0,41905.0,41705.0,41720.0,13600.0
2024-01-03 16:48:00,41716.0,41897.0,41710.0,41866.0,9456.0
2024-01-03 16:49:00,41869.0,41878.0,41793.0,41809.0,15440.0
2024-01-03 16:50:00,41800.0,41869.0,41790.0,41868.0,19466.0
2024-01-03 16:51:00,41855.0,41897.0,41843.0,41888.0,9794.0
2024-01-03 16:52:00,41893.0,41895.0,41853.0,41890.0,15473.0
2024-01-03 16:53:00,41904.0,41961.0,41880.0,41956.0,14299.0
2024-01-03 16:54:00,41967.0,42195.0,41959.0,42191.0,6334.0
2024-01-03 16:55:00,42184.0,42370.0,42174.0,42365.0,11293.0
2024-01-03 16:56:00,42357.0,42365.0,42247.0,42253.0,18561.0
2024-01-03 16:57:00,42254.0,42260.0,41933.0,41956.0,7112.0
2024-01-03 16:58:00,41967.0,42305.0,41966.0,42300.0,10866.0
2024-01-03 16:59:00,42301.0,42467.0,42290.0,42446.0,20897.0
2024-01-03 17:00:00,42453.0,42488.0,42441.0,42481.0,19776.0
2024-01-03 17:01:00,42478.0,42710.0,42463.0,42674.0,54516.3565884772
2024-01-03 17:02:00,42682.0,42692.0,42625.0,42663.0,10934.0
2024-01-03 17:03:00,42655.0,42656.0,42637.0,42650.0,18374.0
2024-01-03 17:04:00,42643.0,42763.0,42623.0,42723.0,9321.0
2024-01-03 17:05:00,42705.0,42724.0,42591.0,42629.0,22354.0
2024-01-03 17:06:00,42623.0,42712.0,42610.0,42688.0,9854.0
2024-01-03 17:07:00,42690.0,42845.0,42679.0,42837.0,22255.0
2024-01-03 17:08:00,42813.0,42818.0,42784.0,42812.0,10838.0
2024-01-03 17:09:00,42819.0,42821.0,42695.0,42711.0,17581.0
2024-01-03 17:10:00,42716.0,42725.0,42500.0,42537.0,46226.92767764047
2024-01-03 17:11:00,42534.0,42808.0,42514.0,42774.0,4826.0
2024-01-03 17:12:00,42778.0,43068.0,42765.0,43027.0,7969.0
2024-01-03 17:13:00,43039.0,43040.0,42874.0,42881.0,5966.0
2024-01-03 17:14:00,42879.0,42902.0,42853.0,42859.0,3964.0
2024-01-03 17:15:00,42855.0,43153.0,42844.0,43139.0,14496.0
2024-01-03 17:16:00,43136.0,43138.0,43124.0,43128.0,15665.0
2024-01-03 17:17:00,43125.0,43139.0,43120.0,43138.0,20463.0
2024-01-03 17:18:00,43130.0,43183.0,43106.0,43175.0,15785.0
2024-01-03 17:19:00,43195.0,43256.0,43182.0,43218.0,7785.0
2024-01-03 17:20:00,43229.0,43249.0,43018.0,43045.0,21689.0
2024-01-03 17:21:00,43040.0,43104.0,43015.0,43067.0,18763.0
2024-01-03 17:22:00,43073.0,43090.0,43053.0,43088.0,18384.0
2024-01-03 17:23:00,43087.0,43095.0,42976.0,42993.0,5308.0
2024-01-03 17:24:00,42988.0,42989.0,42804.0,42808.0,18209.0
2024-01-03 17:25:00,42822.0,42829.0,42622.0,42653.0,12367.0
2024-01-03 17:26:00,42653.0,42758.0,42652.0,42736.0,21398.0
2024-01-03 17:27:00,42722.0,42855.0,42719.0,42826.0,5792.0
2024-01-03 17:28:00,42826.0,42832.0,42736.0,42748.0,19892.0
2024-01-03 17:29:00,42741.0,42747.0,42567.0,42605.0,15168.0
2024-01-03 17:30:00,42611.0,42743.0,42592.0,42709.0,7828.0
2024-01-03 17:31:00,42704.0,42765.0,42688.0,42726.0,17718.0
2024-01-03 17:32:00,42738.0,42742.0,42725.0,42731.0,16132.0
2024-01-03 17:33:00,42731.0,42740.0,42656.0,42663.0,3839.0
2024-01-03 17:34:00,42636.0,42643.0,42517.0,42525.0,20047.0
2024-01-03 17:35:00,42533.0,42551.0,42474.0,42514.0,19692.0
2024-01-03 17:36:00,42501.0,42559.0,42486.0,42546.0,19202.0
2024-01-03 17:37:00,42548.0,42666.0,42534.0,42631.0,11051.0
2024-01-03 17:38:00,42627.0,42998.0,42615.0,42967.0,14815.0
2024-01-03 17:39:00,42965.0,42968.0,42924.0,42942.0,4962.0
2024-01-03 17:40:00,42952.0,43023.0,42938.0,43002.0,12620.0
2024-01-03 17:41:00,42997.0,43133.0,42984.0,43130.0,17430.0
2024-01-03 17:42:00,43134.0,43221.0,43129.0,43199.0,7648.0
2024-01-03 17:43:00,43208.0,43223.0,42981.0,43008.0,5491.0
2024-01-03 17:44:00,43015.0,43031.0,42962.0,42980.0,12164.0
2024-01-03 17:45:00,42974.0,43027.0,42962.0,43024.0,20956.0
2024-01-03 17:46:00,43016.0,43078.0,42995.0,43062.0,15377.0
2024-01-03 17:47:00,43065.0,43091.0,42973.0,42993.0,22277.0
2024-01-03 17:48:00,42998.0,43007.0,42829.0,42867.0,11700.0
2024-01-03 17:49:00,42865.0,42869.0,42742.0,42768.0,19561.0
2024-01-03 17:50:00,42774.0,42879.0,42766.0,42878.0,9150.0
2024-01-03 17:51:00,42871.0,42884.0,42785.0,42800.0,11696.0
2024-01-03 17:52:00,42787.0,42791.0,42722.0,42723.0,10055.0
2024-01-03 17:53:00,42730.0,42750.0,42511.0,42522.0,10710.0
2024-01-03 17:54:00,42521.0,42542.0,42433.0,42445.0,3824.0
2024-01-03 17:55:00,42440.0,42573.0,42430.0,42572.0,12495.0
2024-01-03 17:56:00,42568.0,42581.0,42563.0,42571.0,22247.0
2024-01-03 17:57:00,42555.0,42559.0,42186.0,42223.0,9115.0
2024-01-03 17:58:00,42211.0,42220.0,42188.0,42200.0,17258.0
2024-01-03 17:59:00,42190.0,42262.0,42166.0,42253.0,22179.0
2024-01-03 18:00:00,42262.0,42480.0,42262.0,42474.0,14394.0
2024-01-03 18:01:00,42486.0,42804.0,42477.0,42767.0,9646.0
2024-01-03 18:02:00,42764.0,42773.0,42710.0,42741.0,12704.0
2024-01-03 18:03:00,42731.0,42737.0,42639.0,42643.0,21372.0
2024-01-03 18:04:00,42631.0,42752.0,42627.0,42752.0,20846.0
2024-01-03 18:05:00,42753.0,42757.0,42680.0,42690.0,4653.0
2024-01-03 18:06:00,42690.0,42722.0,42670.0,42709.0,12348.0
2024-01-03 18:07:00,42708.0,42741.0,42700.0,42738.0,10097.0
2024-01-03 18:08:00,42730.0,42743.0,42611.0,42616.0,21307.0
2024-01-03 18:09:00,42622.0,42658.0,42603.0,42637.0,21877.0
2024-01-03 18:10:00,42619.0,42639.0,42606.0,42621.0,18798.0
2024-01-03 18:11:00,42602.0,42625.0,42378.0,42416.0,19486.0
2024-01-03 18:12:00,42418.0,42429.0,42153.0,42177.0,21817.0
2024-01-03 18:13:00,42173.0,42336.0,42153.0,42334.0,10956.0
2024-01-03 18:14:00,42337.0,42353.0,42217.0,42222.0,16040.0
2024-01-03 18:15:00,42217.0,42632.0,42203.0,42603.0,5849.0
2024-01-03 18:16:00,42598.0,42628.0,42579.0,42600.0,14066.0
2024-01-03 18:17:00,42596.0,42610.0,42369.0,42400.0,10054.0
2024-01-03 18:18:00,42405.0,42421.0,42395.0,42403.0,16119.0
2024-01-03 18:19:00,42399.0,42416.0,42242.0,42275.0,6040.0
2024-01-03 18:20:00,42275.0,42295.0,42069.0,42077.0,4809.0
2024-01-03 18:21:00,42079.0,42178.0,42075.0,42139.0,8842.0
2024-01-03 18:22:00,42143.0,42245.0,42126.0,42231.0,13469.0
2024-01-03 18:23:00,42227.0,42304.0,42211.0,42288.0,8137.0
2024-01-03 18:24:00,42298.0,42319.0,42148.0,42154.0,10391.0
2024-01-03 18:25:00,42152.0,42191.0,42146.0,42153.0,12075.0
2024-01-03 18:26:00,42143.0,42471.0,42132.0,42450.0,21493.0
2024-01-03 18:27:00,42452.0,42458.0,42426.0,42427.0,17775.0
2024-01-03 18:28:00,42432.0,42437.0,42229.0,42269.0,16491.0
2024-01-03 18:29:00,42261.0,42361.0,42244.0,42345.0,9482.0
2024-01-03 18:30:00,42355.0,42373.0,42298.0,42308.0,10089.0
2024-01-03 18:31:00,42311.0,42334.0,41977.0,41981.0,14684.0
2024-01-03 18:32:00,41970.0,42120.0,41962.0,42102.0,12953.0
2024-01-03 18:33:00,42105.0,42225.0,42090.0,42193.0,5140.0
2024-01-03 18:34:00,42200.0,42211.0,42171.0,42186.0,8762.0
2024-01-03 18:35:00,42185.0,42393.0,42176.0,42369.0,4216.0
2024-01-03 18:36:00,42358.0,42371.0,42245.0,42254.0,10083.0
2024-01-03 18:37:00,42269.0,42399.0,42260.0,42391.0,11116.0
2024-01-03 18:38:00,42378.0,42394.0,42216.0,42233.0,4128.0
2024-01-03 18:39:00,42237.0,42279.0,42237.0,42250.0,16225.0
2024-01-03 18:40:00,42250.0,42261.0,42246.0,42248.0,8951.0
2024-01-03 18:41:00,42244.0,42263.0,42091.0,42097.0,13301.0
2024-01-03 18:42:00,42102.0,42112.0,41911.0,41935.0,21107.0
2024-01-03 18:43:00,41940.0,41986.0,41923.0,41951.0,13245.0
2024-01-03 18:44:00,41951.0,42010.0,41944.0,41970.0,20107.0
2024-01-03 18:45:00,41967.0,41977.0,41877.0,41885.0,19694.0
2024-01-03 18:46:00,41888.0,41902.0,41866.0,41890.0,17934.0
2024-01-03 18:47:00,41872.0,42038.0,41855.0,42029.0,21119.0
2024-01-03 18:48:00,42037.0,42055.0,41826.0,41857.0,13699.0
2024-01-03 18:49:00,41872.0,42066.0,41856.0,42059.0,4984.0
2024-01-03 18:50:00,42059.0,42073.0,42056.0,42062.0,22159.0
2024-01-03 18:51:00,42076.0,42171.0,42065.0,42158.0,13105.0
2024-01-03 18:52:00,42163.0,42216.0,42138.0,42202.0,19997.0
2024-01-03 18:53:00,42196.0,42208.0,42176.0,42178.0,18449.0
2024-01-03 18:54:00,42190.0,42196.0,42103.0,42143.0,53346.942531326786
2024-01-03 18:55:00,42148.0,42200.0,42140.0,42174.0,20132.0
2024-01-03 18:56:00,42185.0,42219.0,42184.0,42188.0,20392.0
2024-01-03 18:57:00,42203.0,42209.0,42123.0,42148.0,8622.0
2024-01-03 18:58:00,42145.0,42153.0,42067.0,42099.0,18720.0
2024-01-03 18:59:00,42106.0,42175.0,42089.0,42150.0,21126.0
2024-01-03 19:00:00,42149.0,42250.0,42135.0,42211.0,16025.0
2024-01-03 19:01:00,42195.0,42207.0,41950.0,41975.0,4554.0
2024-01-03 19:02:00,41977.0,41983.0,41874.0,41899.0,12483.0
2024-01-03 19:03:00,41893.0,41984.0,41882.0,41946.0,17046.0
2024-01-03 19:04:00,41945.0,41962.0,41898.0,41934.0,20688.0
2024-01-03 19:05:00,41918.0,41997.0,41915.0,41995.0,14878.0
2024-01-03 19:06:00,41989.0,42057.0,41972.0,42023.0,16980.0
2024-01-03 19:07:00,42032.0,42049.0,41949.0,41977.0,12737.0
2024-01-03 19:08:00,41977.0,41996.0,41786.0,41806.0,11614.0
2024-01-03 19:09:00,41817.0,41840.0,41755.0,41767.0,9923.0
2024-01-03 19:10:00,41770.0,41788.0,41681.0,41692.0,9407.0
2024-01-03 19:11:00,41704.0,41706.0,41655.0,41691.0,6908.0
2024-01-03 19:12:00,41691.0,41762.0,41674.0,41720.0,4217.0
2024-01-03 19:13:00,41723.0,41760.0,41699.0,41734.0,14145.0
2024-01-03 19:14:00,41720.0,41860.0,41697.0,41841.0,4390.0
2024-01-03 19:15:00,41834.0,41835.0,41722.0,41741.0,17331.0
2024-01-03 19:16:00,41753.0,41772.0,41741.0,41751.0,13779.0
2024-01-03 19:17:00,41748.0,41770.0,41555.0,41572.0,14917.0
2024-01-03 19:18:00,41568.0,41721.0,41552.0,41682.0,15264.0
2024-01-03 19:19:00,41698.0,41877.0,41675.0,41838.0,20523.0
2024-01-03 19:20:00,41850.0,42072.0,41847.0,42045.0,15187.0
2024-01-03 19:21:00,42044.0,42086.0,42019.0,42076.0,20538.0
2024-01-03 19:22:00,42073.0,42249.0,42070.0,42248.0,16777.0
2024-01-03 19:23:00,42247.0,42282.0,42246.0,42271.0,9519.0
2024-01-03 19:24:00,42279.0,42288.0,42275.0,42278.0,10355.0
2024-01-03 19:25:00,42278.0,42292.0,42216.0,42233.0,14942.0
2024-01-03 19:26:00,42229.0,42252.0,42126.0,42143.0,6883.0
2024-01-03 19:27:00,42135.0,42332.0,42113.0,42294.0,20322.0
2024-01-03 19:28:00,42297.0,42303.0,42205.0,42233.0,9267.0
2024-01-03 19:29:00,42246.0,42268.0,42083.0,42119.0,14062.0
2024-01-03 19:30:00,42114.0,42166.0,42110.0,42133.0,7738.0
2024-01-03 19:31:00,42136.0,42315.0,42128.0,42285.0,11226.0
2024-01-03 19:32:00,42298.0,42310.0,42177.0,42181.0,8610.0
2024-01-03 19:33:00,42192.0,42225.0,42171.0,42217.0,9888.0
2024-01-03 19:34:00,42221.0,42519.0,42203.0,42488.0,9516.0
2024-01-03 19:35:00,42494.0,42518.0,42328.0,42367.0,15835.0
2024-01-03 19:36:00,42363.0,42426.0,42340.0,42396.0,4352.0
2024-01-03 19:37:00,42394.0,42401.0,42310.0,42342.0,12398.0
2024-01-03 19:38:00,42332.0,42617.0,42327.0,42579.0,6043.0
2024-01-03 19:39:00,42567.0,42594.0,42558.0,42590.0,21089.0
2024-01-03 19:40:00,42603.0,42617.0,42554.0,42576.0,17443.0
2024-01-03 19:41:00,42575.0,42750.0,42559.0,42727.0,11351.0
2024-01-03 19:42:00,42715.0,42845.0,42691.0,42819.0,12118.0
2024-01-03 19:43:00,42808.0,42817.0,42683.0,42693.0,18754.0
2024-01-03 19:44:00,42690.0,42939.0,42677.0,42897.0,11259.0
2024-01-03 19:45:00,42891.0,42896.0,42779.0,42804.0,96479.24652738441
2024-01-03 19:46:00,42788.0,42793.0,42440.0,42479.0,17246.0
2024-01-03 19:47:00,42463.0,42477.0,42325.0,42362.0,7550.0
2024-01-03 19:48:00,42360.0,42361.0,42045.0,42064.0,15059.0
2024-01-03 19:49:00,42070.0,42261.0,42056.0,42241.0,17371.0
2024-01-03 19:50:00,42244.0,42390.0,42221.0,42368.0,6166.0
2024-01-03 19:51:00,42368.0,42433.0,42359.0,42422.0,13469.0
2024-01-03 19:52:00,42425.0,42491.0,42411.0,42457.0,22206.0
2024-01-03 19:53:00,42462.0,42545.0,42459.0,42510.0,12312.0
2024-01-03 19:54:00,42520.0,42730.0,42508.0,42690.0,9110.0
2024-01-03 19:55:00,42682.0,42696.0,42537.0,42541.0,7959.0
2024-01-03 19:56:00,42532.0,42543.0,42479.0,42488.0,8107.0
2024-01-03 19:57:00,42494.0,42530.0,42469.0,42494.0,17025.0
2024-01-03 19:58:00,42493.0,42697.0,42486.0,42675.0,9953.0
2024-01-03 19:59:00,42667.0,42740.0,42667.0,42713.0,15338.0
2024-01-03 20:00:00,42712.0,42734.0,42647.0,42648.0,12465.0
2024-01-03 20:01:00,42631.0,42751.0,42614.0,42721.0,18550.0
2024-01-03 20:02:00,42704.0,42711.0,42397.0,42426.0,19663.0
2024-01-03 20:03:00,42424.0,42550.0,42408.0,42508.0,19582.0
2024-01-03 20:04:00,42499.0,42506.0,42187.0,42187.0,19337.0
2024-01-03 20:05:00,42184.0,42344.0,42168.0,42330.0,11150.0
2024-01-03 20:06:00,42321.0,42346.0,42188.0,42217.0,19630.0
2024-01-03 20:07:00,42230.0,42233.0,42183.0,42195.0,20437.0
2024-01-03 20:08:00,42189.0,42201.0,42158.0,42186.0,5760.0
2024-01-03 20:09:00,42191.0,42211.0,42176.0,42180.0,6914.0
2024-01-03 20:10:00,42188.0,42543.0,42174.0,42509.0,17364.0
2024-01-03 20:11:00,42502.0,42511.0,42312.0,42353.0,8817.0
2024-01-03 20:12:00,42350.0,42371.0,42270.0,42300.0,9624.0
2024-01-03 20:13:00,42287.0,42288.0,42149.0,42158.0,11487.0
2024-01-03 20:14:00,42174.0,42343.0,42155.0,42305.0,6554.0
2024-01-03 20:15:00,42318.0,42337.0,42205.0,42217.0,20954.0
2024-01-03 20:16:00,42209.0,42298.0,42196.0,42271.0,14921.0
2024-01-03 20:17:00,42276.0,42289.0,41999.0,42034.0,4270.0
2024-01-03 20:18:00,42033.0,42147.0,42015.0,42141.0,15231.0
2024-01-03 20:19:00,42138.0,42218.0,42137.0,42212.0,19943.0
2024-01-03 20:20:00,42225.0,42233.0,42164.0,42204.0,17815.0
2024-01-03 20:21:00,42206.0,42221.0,42182.0,42186.0,4476.0
2024-01-03 20:22:00,42192.0,42352.0,42174.0,42317.0,15705.0
2024-01-03 20:23:00,42320.0,42323.0,42220.0,42220.0,15723.0
2024-01-03 20:24:00,42234.0,42248.0,42196.0,42221.0,15976.0
2024-01-03 20:25:00,42236.0,42238.0,42102.0,42121.0,20621.0
2024-01-03 20:26:00,42136.0,42206.0,42129.0,42196.0,16336.0
2024-01-03 20:27:00,42188.0,42205.0,42128.0,42144.0,18389.0
2024-01-03 20:28:00,42141.0,42144.0,42051.0,42054.0,21602.0
2024-01-03 20:29:00,42055.0,42139.0,42054.0,42122.0,16124.0
2024-01-03 20:30:00,42130.0,42148.0,42108.0,42109.0,6143.0
2024-01-03 20:31:00,42111.0,42128.0,42020.0,42037.0,3893.0
2024-01-03 20:32:00,42035.0,42048.0,41936.0,41951.0,6134.0
2024-01-03 20:33:00,41949.0,41959.0,41758.0,41758.0,13832.0
2024-01-03 20:34:00,41758.0,41760.0,41674.0,41691.0,4696.0
2024-01-03 20:35:00,41681.0,41761.0,41671.0,41743.0,15087.0
2024-01-03 20:36:00,41737.0,41993.0,41727.0,41956.0,12556.0
2024-01-03 20:37:00,41967.0,41992.0,41801.0,41817.0,21751.0
2024-01-03 20:38:00,41817.0,41822.0,41719.0,41760.0,20975.0
2024-01-03 20:39:00,41766.0,41790.0,41675.0,41679.0,13401.0
2024-01-03 20:40:00,41678.0,41821.0,41674.0,41809.0,22262.0
2024-01-03 20:41:00,41809.0,41818.0,41558.0,41589.0,14493.0
2024-01-03 20:42:00,41610.0,41616.0,41490.0,41525.0,20654.0
2024-01-03 20:43:00,41518.0,41537.0,41425.0,41462.0,19588.0
2024-01-03 20:44:00,41470.0,41646.0,41465.0,41624.0,16099.0
2024-01-03 20:45:00,41634.0,41657.0,41611.0,41629.0,15447.0
2024-01-03 20:46:00,41622.0,41630.0,41532.0,41544.0,11108.0
2024-01-03 20:47:00,41554.0,41659.0,41546.0,41638.0,18108.0
2024-01-03 20:48:00,41631.0,41644.0,41580.0,41615.0,14068.0
2024-01-03 20:49:00,41617.0,41637.0,41522.0,41555.0,11474.0
2024-01-03 20:50:00,41558.0,41601.0,41546.0,41569.0,5728.0
2024-01-03 20:51:00,41564.0,41577.0,41396.0,41410.0,12096.0
2024-01-03 20:52:00,41424.0,41443.0,41326.0,41362.0,20731.0
2024-01-03 20:53:00,41365.0,41376.0,41333.0,41334.0,8158.0
2024-01-03 20:54:00,41328.0,41350.0,41312.0,41331.0,5545.0
2024-01-03 20:55:00,41331.0,41343.0,41255.0,41284.0,9399.0
2024-01-03 20:56:00,41286.0,41456.0,41284.0,41416.0,13423.0
2024-01-03 20:57:00,41409.0,41665.0,41399.0,41635.0,10440.0
2024-01-03 20:58:00,41640.0,41824.0,41637.0,41816.0,7276.0
2024-01-03 20:59:00,41824.0,41827.0,41725.0,41748.0,22241.0
2024-01-03 21:00:00,41732.0,41782.0,41724.0,41764.0,11903.0
2024-01-03 21:01:00,41750.0,41764.0,41598.0,41603.0,5815.0
2024-01-03 21:02:00,41611.0,41634.0,41508.0,41538.0,6165.0
2024-01-03 21:03:00,41547.0,41556.0,41433.0,41473.0,9098.0
2024-01-03 21:04:00,41468.0,41472.0,41227.0,41235.0,12579.0
2024-01-03 21:05:00,41243.0,41247.0,41079.0,41116.0,12475.0
2024-01-03 21:06:00,41114.0,41169.0,41101.0,41155.0,11442.0
2024-01-03 21:07:00,41166.0,41169.0,41056.0,41075.0,5277.0
2024-01-03 21:08:00,41067.0,41300.0,41049.0,41290.0,7253.0
2024-01-03 21:09:00,41284.0,41294.0,41175.0,41186.0,10899.0
2024-01-03 21:10:00,41179.0,41192.0,41026.0,41039.0,14937.0
2024-01-03 21:11:00,41043.0,41051.0,41008.0,41023.0,20256.0
2024-01-03 21:12:00,41031.0,41050.0,40832.0,40843.0,18192.0
2024-01-03 21:13:00,40837.0,41007.0,40833.0,40983.0,10782.0
2024-01-03 21:14:00,40988.0,41105.0,40970.0,41090.0,21784.0
2024-01-03 21:15:00,41081.0,41238.0,41080.0,41210.0,21848.0
2024-01-03 21:16:00,41210.0,41272.0,41198.0,41232.0,11241.0
2024-01-03 21:17:00,41226.0,41258.0,41221.0,41246.0,7119.0
2024-01-03 21:18:00,41249.0,41256.0,41208.0,41234.0,14343.0
2024-01-03 21:19:00,41236.0,41260.0,41233.0,41245.0,11175.0
2024-01-03 21:20:00,41255.0,41496.0,41255.0,41464.0,8617.0
2024-01-03 21:21:00,41472.0,41709.0,41462.0,41693.0,17906.0
2024-01-03 21:22:00,41696.0,41702.0,41516.0,41557.0,14550.0
2024-01-03 21:23:00,41563.0,41567.0,41240.0,41273.0,6923.0
2024-01-03 21:24:00,41265.0,41280.0,41181.0,41213.0,11900.0
2024-01-03 21:25:00,41216.0,41224.0,41157.0,41189.0,13976.0
2024-01-03 21:26:00,41191.0,41194.0,41041.0,41057.0,10385.0
2024-01-03 21:27:00,41033.0,41383.0,41016.0,41349.0,16243.0
2024-01-03 21:28:00,41346.0,41370.0,41187.0,41228.0,15241.0
2024-01-03 21:29:00,41215.0,41239.0,41043.0,41066.0,17340.0
2024-01-03 21:30:00,41081.0,41086.0,40937.0,40961.0,21166.0
2024-01-03 21:31:00,40965.0,40977.0,40903.0,40906.0,19164.0
2024-01-03 21:32:00,40901.0,40917.0,40821.0,40855.0,13706.0
2024-01-03 21:33:00,40870.0,40947.0,40854.0,40936.0,19110.0
2024-01-03 21:34:00,40934.0,41045.0,40927.0,41027.0,11668.0
2024-01-03 21:35:00,41032.0,41109.0,41032.0,41092.0,17795.0
2024-01-03 21:36:00,41078.0,41161.0,41066.0,41141.0,12336.0
2024-01-03 21:37:00,41152.0,41216.0,41143.0,41175.0,21508.0
2024-01-03 21:38:00,41183.0,41207.0,41000.0,41030.0,5130.0
2024-01-03 21:39:00,41044.0,41045.0,40857.0,40898.0,8242.0
2024-01-03 21:40:00,40890.0,40994.0,40889.0,40987.0,16904.0
2024-01-03 21:41:00,40964.0,40974.0,40960.0,40964.0,13709.0
2024-01-03 21:42:00,40971.0,41093.0,40951.0,41083.0,15686.0
2024-01-03 21:43:00,41087.0,41115.0,41066.0,41097.0,8181.0
2024-01-03 21:44:00,41110.0,41127.0,40885.0,40910.0,10916.0
2024-01-03 21:45:00,40905.0,40972.0,40900.0,40936.0,22301.0
2024-01-03 21:46:00,40930.0,40945.0,40759.0,40778.0,12449.0
2024-01-03 21:47:00,40777.0,40852.0,40765.0,40830.0,9472.0
2024-01-03 21:48:00,40833.0,40842.0,40832.0,40835.0,3952.0
2024-01-03 21:49:00,40834.0,40845.0,40788.0,40815.0,20408.0
2024-01-03 21:50:00,40808.0,40809.0,40744.0,40754.0,13923.0
2024-01-03 21:51:00,40749.0,40895.0,40737.0,40862.0,4830.0
2024-01-03 21:52:00,40869.0,40872.0,40833.0,40843.0,11571.0
2024-01-03 21:53:00,40822.0,40876.0,40818.0,40857.0,12715.0
2024-01-03 21:54:00,40869.0,40881.0,40623.0,40654.0,14608.0
2024-01-03 21:55:00,40648.0,40652.0,40601.0,40634.0,4318.0
2024-01-03 21:56:00,40632.0,40640.0,40411.0,40430.0,3969.0
2024-01-03 21:57:00,40428.0,40437.0,40395.0,40417.0,13427.0
2024-01-03 21:58:00,40418.0,40626.0,40410.0,40608.0,20538.0
2024-01-03 21:59:00,40614.0,40631.0,40363.0,40392.0,10640.0
2024-01-03 22:00:00,40389.0,40413.0,40209.0,40219.0,10683.0
2024-01-03 22:01:00,40207.0,40225.0,40160.0,40178.0,2675.0
2024-01-03 22:02:00,40170.0,40341.0,40169.0,40334.0,13504.0
2024-01-03 22:03:00,40338.0,40339.0,40294.0,40326.0,11791.0
2024-01-03 22:04:00,40322.0,40356.0,40318.0,40348.0,2819.0
2024-01-03 22:05:00,40340.0,40369.0,40337.0,40351.0,9625.0
2024-01-03 22:06:00,40351.0,40495.0,40341.0,40469.0,3532.0
2024-01-03 22:07:00,40479.0,40493.0,40384.0,40390.0,13019.0
2024-01-03 22:08:00,40382.0,40386.0,40319.0,40354.0,10093.0
2024-01-03 22:09:00,40352.0,40406.0,40340.0,40378.0,6640.0
2024-01-03 22:10:00,40382.0,40440.0,40371.0,40405.0,12958.0
2024-01-03 22:11:00,40398.0,40413.0,40346.0,40371.0,14668.0
2024-01-03 22:12:00,40373.0,40395.0,40361.0,40390.0,10670.0
2024-01-03 22:13:00,40396.0,40453.0,40384.0,40444.0,5442.0
2024-01-03 22:14:00,40448.0,40514.0,40447.0,40495.0,3050.0
2024-01-03 22:15:00,40487.0,40504.0,40258.0,40295.0,5438.0
2024-01-03 22:16:00,40307.0,40422.0,40286.0,40391.0,9347.0
2024-01-03 22:17:00,40391.0,40404.0,40237.0,40240.0,13902.0
2024-01-03 22:18:00,40240.0,40256.0,40223.0,40224.0,11009.0
2024-01-03 22:19:00,40238.0,40249.0,40223.0,40247.0,6882.0
2024-01-03 22:20:00,40246.0,40316.0,40223.0,40291.0,6006.0
2024-01-03 22:21:00,40293.0,40313.0,40090.0,40129.0,7315.0
2024-01-03 22:22:00,40128.0,40249.0,40120.0,40224.0,7883.0
2024-01-03 22:23:00,40228.0,40232.0,40199.0,40203.0,10196.0
2024-01-03 22:24:00,40202.0,40210.0,40045.0,40070.0,2563.0
2024-01-03 22:25:00,40068.0,40227.0,40050.0,40191.0,4879.0
2024-01-03 22:26:00,40194.0,40222.0,40181.0,40207.0,3358.0
2024-01-03 22:27:00,40201.0,40250.0,40182.0,40236.0,7464.0
2024-01-03 22:28:00,40290.25,40310.375,40270.125,40302.325,8814.0
2024-01-03 22:29:00,40081.0,40104.0,40001.0,40025.0,13075.0
2024-01-03 22:30:00,40039.0,40223.0,40026.0,40185.0,13488.0
2024-01-03 22:31:00,40179.0,40211.0,40159.0,40207.0,10590.0
2024-01-03 22:32:00,40192.0,40203.0,40104.0,40143.0,10288.0
2024-01-03 22:33:00,40138.0,40226.0,40122.0,40219.0,3282.0
2024-01-03 22:34:00,40224.0,40243.0,40071.0,40083.0,7565.0
2024-01-03 22:35:00,40084.0,40102.0,40072.0,40089.0,6695.0
2024-01-03 22:36:00,40082.0,40088.0,40046.0,40052.0,5609.0
2024-01-03 22:37:00,40057.0,40171.0,40049.0,40171.0,14725.0
2024-01-03 22:38:00,40175.0,40247.0,40174.0,40236.0,3100.0
2024-01-03 22:39:00,40237.0,40237.0,40133.0,40134.0,10521.882666495685
2024-01-03 22:40:00,40117.0,40120.0,40032.0,40036.0,5778.0
2024-01-03 22:41:00,40029.0,40052.0,40006.0,40024.0,3910.0
2024-01-03 22:42:00,40020.0,40034.0,39930.0,39932.0,9415.0
2024-01-03 22:43:00,39933.0,39993.0,39921.0,39954.0,12897.0
2024-01-03 22:44:00,39959.0,39975.0,39916.0,39941.0,7381.0
2024-01-03 22:45:00,39929.0,39948.0,39668.0,39677.0,13009.0
2024-01-03 22:46:00,39680.0,39814.0,39677.0,39807.0,13649.0
2024-01-03 22:47:00,39802.0,39853.0,39797.0,39836.0,3181.0
2024-01-03 22:48:00,39833.0,39856.0,39697.0,39723.0,7498.0
2024-01-03 22:49:00,39727.0,39735.0,39614.0,39622.0,12409.0
2024-01-03 22:50:00,39634.0,39654.0,39512.0,39539.0,3343.0
2024-01-03 22:51:00,39545.0,39880.0,39537.0,39845.0,13589.0
2024-01-03 22:52:00,39838.0,39858.0,39746.0,39767.0,5141.0
2024-01-03 22:53:00,39772.0,39796.0,39638.0,39648.0,5691.0
2024-01-03 22:54:00,39667.0,39778.0,39664.0,39738.0,7897.0
2024-01-03 22:55:00,39743.0,39766.0,39670.0,39701.0,8517.0
2024-01-03 22:56:00,39692.0,39711.0,39571.0,39602.0,13741.0
2024-01-03 22:57:00,39598.0,39675.0,39596.0,39648.0,4883.0
2024-01-03 22:58:00,39632.0,39717.0,39630.0,39702.0,10968.0
2024-01-03 22:59:00,39712.0,39893.0,39708.0,39877.0,14435.0
2024-01-03 23:00:00,39881.0,39884.0,39711.0,39711.0,12984.0
2024-01-03 23:01:00,39695.0,39714.0,39667.0,39686.0,5307.0
2024-01-03 23:02:00,39685.0,39690.0,39552.0,39573.0,5048.0
2024-01-03 23:03:00,39564.0,39588.0,39546.0,39572.0,3390.0
2024-01-03 23:04:00,39576.0,39745.0,39574.0,39737.0,5833.0
2024-01-03 23:05:00,39735.0,39738.0,39603.0,39636.0,5654.0
2024-01-03 23:06:00,39637.0,39658.0,39602.0,39624.0,6914.0
2024-01-03 23:07:00,39624.0,39647.0,39586.0,39598.0,54496.687510548356
2024-01-03 23:08:00,39595.0,39712.0,39584.0,39676.0,6147.0
2024-01-03 23:09:00,39663.0,39704.0,39641.0,39680.0,9885.0
2024-01-03 23:10:00,39680.0,39702.0,39606.0,39645.0,13973.0
2024-01-03 23:11:00,39637.0,39728.0,39617.0,39695.0,8809.0
2024-01-03 23:12:00,39697.0,39711.0,39615.0,39616.0,13705.0
2024-01-03 23:13:00,39610.0,39620.0,39380.0,39413.0,14190.0
2024-01-03 23:14:00,39399.0,39412.0,39239.0,39258.0,9947.0
2024-01-03 23:15:00,39249.0,39322.0,39227.0,39283.0,10268.0
2024-01-03 23:16:00,39298.0,39300.0,39121.0,39152.0,11486.0
2024-01-03 23:17:00,39148.0,39181.0,39130.0,39169.0,9146.0
2024-01-03 23:18:00,39168.0,39208.0,39164.0,39206.0,8702.0
2024-01-03 23:19:00,39203.0,39222.0,39140.0,39167.0,5909.0
2024-01-03 23:20:00,39178.0,39258.0,39160.0,39251.0,5298.0
2024-01-03 23:21:00,39246.0,39283.0,39235.0,39246.0,4491.0
2024-01-03 23:22:00,39236.0,39249.0,39184.0,39188.0,11785.0
2024-01-03 23:23:00,39200.0,39296.0,39191.0,39267.0,74288.23255878677
2024-01-03 23:24:00,39274.0,39316.0,39256.0,39302.0,3236.0
2024-01-03 23:25:00,39317.0,39339.0,39223.0,39247.0,4179.0
2024-01-03 23:26:00,39248.0,39378.0,39245.0,39369.0,8261.0
2024-01-03 23:27:00,39393.0,39442.0,39382.0,39423.0,7171.0
2024-01-03 23:28:00,39426.0,39468.0,39406.0,39436.0,11094.0
2024-01-03 23:29:00,39452.0,39460.0,39434.0,39447.0,8544.0
2024-01-03 23:30:00,39452.0,39591.0,39433.0,39580.0,3643.0
2024-01-03 23:31:00,39584.0,39681.0,39573.0,39678.0,4176.0
2024-01-03 23:32:00,39682.0,39934.0,39666.0,39897.0,10618.0
2024-01-03 23:33:00,39902.0,39972.0,39892.0,39938.0,12610.0
2024-01-03 23:34:00,39933.0,39944.0,39857.0,39869.0,94381.7677753877
2024-01-03 23:35:00,39881.0,39933.0,39877.0,39931.0,5992.0
2024-01-03 23:36:00,39938.0,39956.0,39878.0,39885.0,5655.0
2024-01-03 23:37:00,39901.0,39917.0,39878.0,39907.0,11829.0
2024-01-03 23:38:00,39899.0,39935.0,39875.0,39931.0,12683.0
2024-01-03 23:39:00,39919.0,39921.0,39816.0,39817.0,10775.0
2024-01-03 23:40:00,39809.0,39814.0,39763.0,39774.0,9256.0
2024-01-03 23:41:00,39766.0,39780.0,39741.0,39761.0,14570.0
2024-01-03 23:42:00,39757.0,39766.0,39602.0,39628.0,8704.0
2024-01-03 23:43:00,39627.0,39641.0,39576.0,39611.0,13800.0
2024-01-03 23:44:00,39606.0,39765.0,39596.0,39733.0,9544.0
2024-01-03 23:45:00,39734.0,39749.0,39731.0,39736.0,10643.0
2024-01-03 23:46:00,39735.0,39798.0,39715.0,39786.0,10014.0
2024-01-03 23:47:00,39763.0,39765.0,39722.0,39739.0,5548.0
2024-01-03 23:48:00,39734.0,39844.0,39720.0,39819.0,8195.0
2024-01-03 23:49:00,39808.0,39945.0,39802.0,39942.0,40267.99039213383
2024-01-03 23:50:00,39944.0,39952.0,39910.0,39941.0,3512.0
2024-01-03 23:51:00,39942.0,40015.0,39921.0,40008.0,6334.0
2024-01-03 23:52:00,40005.0,40014.0,39896.0,39902.0,12113.0
2024-01-03 23:53:00,39897.0,39900.0,39879.0,39893.0,6109.0
2024-01-03 23:54:00,39882.0,39900.0,39696.0,39732.0,4408.0
2024-01-03 23:55:00,39737.0,39752.0,39592.0,39619.0,7624.0
2024-01-03 23:56:00,39628.0,39631.0,39592.0,39615.0,3666.0
2024-01-03 23:57:00,39619.0,39628.0,39600.0,39620.0,2582.0
2024-01-03 23:58:00,39615.0,39634.0,39580.0,39611.0,11247.0
2024-01-03 23:59:00,39606.0,39624.0,39515.0,39554.0,10538.0
2024-01-04 00:00:00,39557.0,39575.0,39526.0,39544.0,4243.0
2024-01-04 00:01:00,39537.0,39577.0,39529.0,39554.0,10857.0
2024-01-04 00:02:00,39557.0,39579.0,39542.0,39567.0,2683.0
2024-01-04 00:03:00,39567.0,39660.0,39547.0,39644.0,12037.0
2024-01-04 00:04:00,39649.0,39660.0,39610.0,39647.0,9511.0
2024-01-04 00:05:00,39655.0,39671.0,39538.0,39548.0,10635.0
2024-01-04 00:06:00,39550.0,39567.0,39453.0,39485.0,6399.0
2024-01-04 00:07:00,39491.0,39498.0,39420.0,39440.0,8130.0
2024-01-04 00:08:00,39441.0,39450.0,39424.0,39441.0,11962.0
2024-01-04 00:09:00,39441.0,39505.0,39431.0,39469.0,4765.0
2024-01-04 00:10:00,39474.0,39482.0,39405.0,39435.0,10143.0
2024-01-04 00:11:00,39435.0,39437.0,39399.0,39412.0,9737.0
2024-01-04 00:12:00,39420.0,39585.0,39397.0,39581.0,10830.0
2024-01-04 00:13:00,39582.0,39600.0,39531.0,39535.0,12633.0
2024-01-04 00:14:00,39535.0,39617.0,39534.0,39588.0,6306.0
2024-01-04 00:15:00,39591.0,39601.0,39483.0,39522.0,10063.0
2024-01-04 00:16:00,39523.0,39547.0,39514.0,39529.0,6118.0
2024-01-04 00:17:00,39527.0,39539.0,39501.0,39501.0,4865.0
2024-01-04 00:18:00,39501.0,39555.0,39498.0,39535.0,14092.0
2024-01-04 00:19:00,39531.0,39534.0,39439.0,39440.0,14513.0
2024-01-04 00:20:00,39420.0,39468.0,39410.0,39436.0,13382.0
2024-01-04 00:21:00,39457.0,39603.0,39456.0,39573.0,10275.0
2024-01-04 00:22:00,39571.0,39642.0,39565.0,39631.0,3626.0
2024-01-04 00:23:00,39633.0,39639.0,39614.0,39623.0,9989.0
2024-01-04 00:24:00,39623.0,39762.0,39602.0,39747.0,9951.0
2024-01-04 00:25:00,39744.0,39824.0,39732.0,39824.0,12561.0
2024-01-04 00:26:00,39820.0,39830.0,39781.0,39789.0,10685.700044689758
2024-01-04 00:27:00,39794.0,39972.0,39773.0,39936.0,13480.0
2024-01-04 00:28:00,39945.0,40002.0,39929.0,39991.0,14021.0
2024-01-04 00:29:00,39988.0,40010.0,39921.0,39945.0,5335.0
2024-01-04 00:30:00,39957.0,39972.0,39875.0,39899.0,12433.0
2024-01-04 00:31:00,39911.0,39930.0,39758.0,39767.0,14515.0
2024-01-04 00:32:00,39771.0,39807.0,39759.0,39795.0,9544.0
2024-01-04 00:33:00,39805.0,39897.0,39802.0,39860.0,7738.0
2024-01-04 00:34:00,39857.0,40004.0,39847.0,39969.0,2845.0
2024-01-04 00:35:00,39959.0,39979.0,39798.0,39823.0,10404.0
2024-01-04 00:36:00,39807.0,39888.0,39790.0,39884.0,10339.0
2024-01-04 00:37:00,39881.0,39900.0,39693.0,39730.0,9151.0
2024-01-04 00:38:00,39735.0,39741.0,39676.0,39698.0,12835.0
2024-01-04 00:39:00,39707.0,39723.0,39585.0,39622.0,14179.0
2024-01-04 00:40:00,39621.0,39633.0,39598.0,39611.0,10456.0
2024-01-04 00:41:00,39625.0,39647.0,39519.0,39555.0,2868.0
2024-01-04 00:42:00,39553.0,39574.0,39394.0,39394.0,4765.0
2024-01-04 00:43:00,39393.0,39406.0,39360.0,39388.0,11675.0
2024-01-04 00:44:00,39390.0,39675.0,39388.0,39642.0,5332.0
2024-01-04 00:45:00,39648.0,39798.0,39633.0,39782.0,5944.0
2024-01-04 00:46:00,39800.0,39820.0,39711.0,39726.0,14518.0
2024-01-04 00:47:00,39721.0,39842.0,39698.0,39832.0,8073.0
2024-01-04 00:48:00,39838.0,39845.0,39709.0,39712.0,7309.0
2024-01-04 00:49:00,39704.0,39705.0,39666.0,39675.0,3395.0
2024-01-04 00:50:00,39670.0,39680.0,39603.0,39604.0,14458.0
2024-01-04 00:51:00,39614.0,39627.0,39526.0,39530.0,4087.0
2024-01-04 00:52:00,39533.0,39566.0,39519.0,39564.0,4885.0
2024-01-04 00:53:00,39567.0,39673.0,39555.0,39653.0,2727.0
2024-01-04 00:54:00,39653.0,39669.0,39632.0,39662.0,11124.0
2024-01-04 00:55:00,39657.0,39674.0,39616.0,39654.0,10799.0
2024-01-04 00:56:00,39640.0,39659.0,39462.0,39475.0,7687.0
2024-01-04 00:57:00,39485.0,39499.0,39344.0,39364.0,6404.0
2024-01-04 00:58:00,39364.0,39377.0,39343.0,39370.0,9767.0
2024-01-04 00:59:00,39360.0,39518.0,39350.0,39488.0,10828.0
2024-01-04 01:00:00,39495.0,39599.0,39487.0,39594.0,6588.0
2024-01-04 01:01:00,39594.0,39598.0,39402.0,39423.0,9145.0
2024-01-04 01:02:00,39409.0,39501.0,39396.0,39480.0,6186.0
2024-01-04 01:03:00,39488.0,39496.0,39440.0,39478.0,6829.0
2024-01-04 01:04:00,39479.0,39501.0,39462.0,39474.0,13047.0
2024-01-04 01:05:00,39463.0,39548.0,39462.0,39524.0,7832.0
2024-01-04 01:06:00,39540.0,39543.0,39398.0,39432.0,8231.0
2024-01-04 01:07:00,39436.0,39497.0,39417.0,39461.0,3331.0
2024-01-04 01:08:00,39457.0,39459.0,39365.0,39371.0,4951.0
2024-01-04 01:09:00,39361.0,39372.0,39293.0,39326.0,14937.0
2024-01-04 01:10:00,39325.0,39366.0,39304.0,39354.0,14164.0
2024-01-04 01:11:00,39345.0,39358.0,39323.0,39345.0,12936.0
2024-01-04 01:12:00,39356.0,39385.0,39345.0,39374.0,3382.0
2024-01-04 01:13:00,39368.0,39499.0,39345.0,39480.0,8355.0
2024-01-04 01:14:00,39480.0,39484.0,39418.0,39453.0,4228.0
2024-01-04 01:15:00,39454.0,39472.0,39367.0,39379.0,14247.0
2024-01-04 01:16:00,39390.0,39460.0,39370.0,39442.0,6312.0
2024-01-04 01:17:00,39427.0,39448.0,39383.0,39392.0,7439.0
2024-01-04 01:18:00,39405.0,39518.0,39390.0,39486.0,14111.0
2024-01-04 01:19:00,39491.0,39614.0,39482.0,39588.0,2983.0
2024-01-04 01:20:00,39589.0,39808.0,39580.0,39798.0,3199.0
2024-01-04 01:21:00,39806.0,39814.0,39656.0,39683.0,13958.0
2024-01-04 01:22:00,39685.0,39700.0,39607.0,39624.0,7111.0
2024-01-04 01:23:00,39629.0,39719.0,39611.0,39691.0,5005.0
2024-01-04 01:24:00,39691.0,39817.0,39679.0,39813.0,9310.0
2024-01-04 01:25:00,39805.0,39807.0,39723.0,39759.0,12179.0
2024-01-04 01:26:00,39755.0,39888.0,39742.0,39882.0,4428.0
2024-01-04 01:27:00,39876.0,39881.0,39819.0,39839.0,14563.0
2024-01-04 01:28:00,39839.0,39862.0,39829.0,39845.0,5330.0
2024-01-04 01:29:00,39830.0,39851.0,39766.0,39783.0,8993.0
2024-01-04 01:30:00,39790.0,39926.0,39767.0,39906.0,12369.0
2024-01-04 01:31:00,39918.0,39924.0,39858.0,39873.0,8157.0
2024-01-04 01:32:00,39871.0,39872.0,39781.0,39809.0,5440.0
2024-01-04 01:33:00,39815.0,39853.0,39808.0,39826.0,13103.0
2024-01-04 01:34:00,39826.0,39887.0,39821.0,39854.0,2962.0
2024-01-04 01:35:00,39857.0,39862.0,39786.0,39792.0,13659.0
2024-01-04 01:36:00,39771.0,39909.0,39755.0,39898.0,13376.0
2024-01-04 01:37:00,39894.0,39919.0,39881.0,39904.0,10605.0
2024-01-04 01:38:00,39908.0,40036.0,39904.0,40012.0,14421.0
2024-01-04 01:39:00,40005.0,40008.0,39951.0,39959.0,8213.0
2024-01-04 01:40:00,39964.0,39983.0,39904.0,39923.0,12079.0
2024-01-04 01:41:00,39919.0,40031.0,39902.0,40005.0,3334.0
2024-01-04 01:42:00,40015.0,40096.0,40008.0,40061.0,2629.0
2024-01-04 01:43:00,40068.0,40178.0,40060.0,40148.0,11367.0
2024-01-04 01:44:00,40154.0,40245.0,40131.0,40212.0,14568.0
2024-01-04 01:45:00,40217.0,40382.0,40195.0,40369.0,2976.0
2024-01-04 01:46:00,40365.0,40379.0,40232.0,40271.0,6697.0
2024-01-04 01:47:00,40268.0,40277.0,40161.0,40183.0,5724.0
2024-01-04 01:48:00,40181.0,40188.0,40094.0,40094.0,7802.0
2024-01-04 01:49:00,40103.0,40197.0,40088.0,40190.0,9815.0
2024-01-04 01:50:00,40186.0,40311.0,40185.0,40298.0,8013.0
2024-01-04 01:51:00,40298.0,40388.0,40282.0,40350.0,13043.0
2024-01-04 01:52:00,40349.0,40467.0,40346.0,40442.0,13645.0
2024-01-04 01:53:00,40434.0,40521.0,40422.0,40487.0,6647.0
2024-01-04 01:54:00,40490.0,40573.0,40487.0,40542.0,9036.0
2024-01-04 01:55:00,40557.0,40560.0,40494.0,40524.0,6435.0
2024-01-04 01:56:00,40520.0,40663.0,40504.0,40628.0,7919.0
2024-01-04 01:57:00,40633.0,40642.0,40361.0,40389.0,3007.0
2024-01-04 01:58:00,40395.0,40473.0,40386.0,40453.0,12296.0
2024-01-04 01:59:00,40445.0,40505.0,40439.0,40479.0,7381.0
2024-01-04 02:00:00,40482.0,40490.0,40290.0,40329.0,3326.0
2024-01-04 02:01:00,40329.0,40368.0,40323.0,40333.0,14808.0
2024-01-04 02:02:00,40332.0,40336.0,40252.0,40261.0,2932.0
2024-01-04 02:03:00,40254.0,40321.0,40249.0,40310.0,9222.0
2024-01-04 02:04:00,40321.0,40325.0,40305.0,40307.0,3608.0
2024-01-04 02:05:00,40310.0,40315.0,40192.0,40230.0,12830.0
2024-01-04 02:06:00,40241.0,40373.0,40224.0,40336.0,8398.0
2024-01-04 02:07:00,40335.0,40359.0,40240.0,40270.0,10536.0
2024-01-04 02:08:00,40276.0,40278.0,40246.0,40254.0,13363.0
2024-01-04 02:09:00,40253.0,40322.0,40242.0,40290.0,9270.0
2024-01-04 02:10:00,40279.0,40300.0,40138.0,40167.0,2958.0
2024-01-04 02:11:00,40159.0,40183.0,40092.0,40123.0,5402.0
2024-01-04 02:12:00,40116.0,40117.0,39985.0,40024.0,10422.0
2024-01-04 02:13:00,40034.0,40128.0,40031.0,40111.0,8747.0
2024-01-04 02:14:00,40116.0,40124.0,39986.0,40010.0,12773.0
2024-01-04 02:15:00,40012.0,40019.0,39988.0,39993.0,14526.0
2024-01-04 02:16:00,39989.0,40001.0,39931.0,39938.0,9204.0
2024-01-04 02:17:00,39945.0,39968.0,39943.0,39949.0,8479.0
2024-01-04 02:18:00,39941.0,39964.0,39917.0,39953.0,6371.0
2024-01-04 02:19:00,39936.0,39954.0,39868.0,39898.0,6423.0
2024-01-04 02:20:00,39883.0,39939.0,39874.0,39909.0,8132.0
2024-01-04 02:21:00,39916.0,39923.0,39896.0,39912.0,4201.0
2024-01-04 02:22:00,39917.0,39937.0,39857.0,39888.0,5717.0
2024-01-04 02:23:00,39885.0,39906.0,39839.0,39858.0,4497.0
2024-01-04 02:24:00,39854.0,39866.0,39783.0,39818.0,13539.0
2024-01-04 02:25:00,39832.0,39835.0,39712.0,39745.0,11619.0
2024-01-04 02:26:00,39746.0,39761.0,39612.0,39648.0,13751.0
2024-01-04 02:27:00,39649.0,39651.0,39549.0,39586.0,12317.0
2024-01-04 02:28:00,39606.0,39638.0,39596.0,39614.0,6528.0
2024-01-04 02:29:00,39619.0,39701.0,39600.0,39664.0,9068.0
2024-01-04 02:30:00,39659.0,39671.0,39577.0,39606.0,8139.0
2024-01-04 02:31:00,39606.0,39613.0,39530.0,39544.0,4175.0
2024-01-04 02:32:00,39541.0,39564.0,39495.0,39524.0,4108.0
2024-01-04 02:33:00,39532.0,39575.0,39521.0,39574.0,8299.0
2024-01-04 02:34:00,39593.0,39615.0,39547.0,39548.0,6841.0
2024-01-04 02:35:00,39544.0,39610.0,39531.0,39590.0,2576.0
2024-01-04 02:36:00,39599.0,39689.0,39592.0,39688.0,14368.0
2024-01-04 02:37:00,39688.0,39707.0,39544.0,39579.0,14825.0
2024-01-04 02:38:00,39579.0,39586.0,39527.0,39561.0,6492.0
2024-01-04 02:39:00,39562.0,39566.0,39517.0,39542.0,4994.0
2024-01-04 02:40:00,39548.0,39620.0,39541.0,39581.0,12779.0
2024-01-04 02:41:00,39590.0,39607.0,39554.0,39577.0,12579.0
2024-01-04 02:42:00,39573.0,39583.0,39548.0,39559.0,12728.0
2024-01-04 02:43:00,39558.0,39577.0,39517.0,39532.0,4721.0
2024-01-04 02:44:00,39531.0,39614.0,39526.0,39611.0,12397.0
2024-01-04 02:45:00,39614.0,39623.0,39503.0,39525.0,6963.0
2024-01-04 02:46:00,39527.0,39529.0,39464.0,39495.0,4224.0
2024-01-04 02:47:00,39491.0,39543.0,39472.0,39543.0,11692.0
2024-01-04 02:48:00,39546.0,39564.0,39498.0,39518.0,13718.0
2024-01-04 02:49:00,39516.0,39529.0,39340.0,39343.0,10378.0
2024-01-04 02:50:00,39350.0,39365.0,39199.0,39213.0,13830.0
2024-01-04 02:51:00,39212.0,39223.0,38988.0,39007.0,14766.0
2024-01-04 02:52:00,39012.0,39102.0,39006.0,39076.0,7906.0
2024-01-04 02:53:00,39073.0,39110.0,39055.0,39102.0,5794.0
2024-01-04 02:54:00,39093.0,39121.0,39091.0,39105.0,8641.0
2024-01-04 02:55:00,39099.0,39136.0,39094.0,39103.0,9150.0
2024-01-04 02:56:00,39115.0,39159.0,39092.0,39153.0,3730.0
2024-01-04 02:57:00,39157.0,39292.0,39151.0,39280.0,4363.0
2024-01-04 02:58:00,39267.0,39360.0,39244.0,39322.0,7467.0
2024-01-04 02:59:00,39315.0,39315.0,39223.0,39239.0,7912.0
2024-01-04 03:00:00,39239.0,39242.0,39142.0,39172.0,10677.0
2024-01-04 03:01:00,39184.0,39218.0,39169.0,39205.0,8643.0
2024-01-04 03:02:00,39204.0,39213.0,39105.0,39138.0,2527.0
2024-01-04 03:03:00,39133.0,39148.0,39117.0,39127.0,10334.0
2024-01-04 03:04:00,39143.0,39161.0,39104.0,39127.0,9099.0
2024-01-04 03:05:00,39121.0,39122.0,39033.0,39066.0,3962.0
2024-01-04 03:06:00,39069.0,39075.0,39057.0,39059.0,8496.0
2024-01-04 03:07:00,39066.0,39114.0,39045.0,39098.0,7555.0
2024-01-04 03:08:00,39097.0,39188.0,39089.0,39159.0,5042.0
2024-01-04 03:09:00,39155.0,39159.0,39109.0,39112.0,7797.0
2024-01-04 03:10:00,39110.0,39126.0,39033.0,39037.0,2732.0
2024-01-04 03:11:00,39046.0,39090.0,39033.0,39051.0,11743.0
2024-01-04 03:12:00,39056.0,39077.0,38964.0,38997.0,9643.0
2024-01-04 03:13:00,39007.0,39023.0,38850.0,38852.0,10690.0
2024-01-04 03:14:00,38856.0,38869.0,38759.0,38777.0,9788.0
2024-01-04 03:15:00,38792.0,38814.0,38733.0,38771.0,12015.0
2024-01-04 03:16:00,38769.0,38808.0,38758.0,38800.0,10239.0
2024-01-04 03:17:00,38792.0,38828.0,38791.0,38807.0,3697.0
2024-01-04 03:18:00,38808.0,38815.0,38785.0,38804.0,10139.0
2024-01-04 03:19:00,38805.0,38809.0,38721.0,38746.0,10493.0
2024-01-04 03:20:00,38747.0,38766.0,38683.0,38720.0,14138.0
2024-01-04 03:21:00,38724.0,38740.0,38681.0,38719.0,14474.0
2024-01-04 03:22:00,38707.0,38728.0,38591.0,38624.0,3671.0
2024-01-04 03:23:00,38619.0,38633.0,38600.0,38623.0,8010.0
2024-01-04 03:24:00,38629.0,38641.0,38625.0,38627.0,3157.0
2024-01-04 03:25:00,38626.0,38640.0,38500.0,38536.0,12647.0
2024-01-04 03:26:00,38526.0,38533.0,38448.0,38475.0,13231.0
2024-01-04 03:27:00,38468.0,38532.0,38447.0,38496.0,11648.0
2024-01-04 03:28:00,38499.0,38507.0,38387.0,38389.0,11890.0
2024-01-04 03:29:00,38386.0,38404.0,38310.0,38327.0,8800.0
2024-01-04 03:30:00,38330.0,38340.0,38261.0,38276.0,12834.0
2024-01-04 03:31:00,38287.0,38287.0,38283.0,38285.0,2980.0
2024-01-04 03:32:00,38283.0,38291.0,38197.0,38227.0,13480.0
2024-01-04 03:33:00,38207.0,38233.0,38204.0,38210.0,8522.0
2024-01-04 03:34:00,38211.0,38264.0,38190.0,38229.0,28828.118382120338
2024-01-04 03:35:00,38232.0,38242.0,38186.0,38223.0,9891.0
2024-01-04 03:36:00,38231.0,38275.0,38214.0,38246.0,25889.44518911527
2024-01-04 03:37:00,38243.0,38345.0,38222.0,38337.0,6506.0
2024-01-04 03:38:00,38340.0,38355.0,38207.0,38211.0,13912.0
2024-01-04 03:39:00,38210.0,38217.0,38203.0,38204.0,3834.0
2024-01-04 03:40:00,38200.0,38287.0,38188.0,38256.0,8020.0
2024-01-04 03:41:00,38244.0,38323.0,38224.0,38298.0,9352.0
2024-01-04 03:42:00,38290.0,38300.0,38232.0,38243.0,8842.0
2024-01-04 03:43:00,38249.0,38252.0,38200.0,38220.0,2709.0
2024-01-04 03:44:00,38222.0,38231.0,38179.0,38184.0,11193.0
2024-01-04 03:45:00,38185.0,38284.0,38185.0,38265.0,4998.0
2024-01-04 03:46:00,38275.0,38288.0,38232.0,38257.0,6471.0
2024-01-04 03:47:00,38276.0,38294.0,38133.0,38154.0,6274.0
2024-01-04 03:48:00,38155.0,38167.0,38033.0,38068.0,8487.0
2024-01-04 03:49:00,38066.0,38083.0,38025.0,38052.0,11894.0
2024-01-04 03:50:00,38046.0,38107.0,38036.0,38074.0,14818.0
2024-01-04 03:51:00,38082.0,38207.0,38077.0,38179.0,11116.0
2024-01-04 03:52:00,38180.0,38245.0,38167.0,38218.0,8355.0
2024-01-04 03:53:00,38217.0,38230.0,38129.0,38158.0,12077.0
2024-01-04 03:54:00,38166.0,38171.0,38122.0,38147.0,6027.0
2024-01-04 03:55:00,38157.0,38253.0,38156.0,38227.0,14511.0
2024-01-04 03:56:00,38240.0,38263.0,38230.0,38259.0,8544.0
2024-01-04 03:57:00,38256.0,38374.0,38236.0,38367.0,11124.0
2024-01-04 03:58:00,38363.0,38367.0,38361.0,38363.0,11157.0
2024-01-04 03:59:00,38355.0,38361.0,38284.0,38299.0,8829.0
2024-01-04 04:00:00,38311.0,38346.0,38296.0,38333.0,12390.0
2024-01-04 04:01:00,38320.0,38438.0,38317.0,38412.0,5605.0
2024-01-04 04:02:00,38420.0,38428.0,38329.0,38334.0,5669.0
2024-01-04 04:03:00,38330.0,38352.0,38281.0,38296.0,9057.0
2024-01-04 04:04:00,38298.0,38364.0,38288.0,38342.0,3105.0
2024-01-04 04:05:00,38327.0,38438.0,38316.0,38426.0,13886.0
2024-01-04 04:06:00,38412.0,38416.0,38403.0,38413.0,13885.0
2024-01-04 04:07:00,38412.0,38421.0,38404.0,38411.0,10497.0
2024-01-04 04:08:00,38407.0,38408.0,38383.0,38396.0,6850.0
2024-01-04 04:09:00,38390.0,38509.0,38373.0,38501.0,10172.0
2024-01-04 04:10:00,38502.0,38508.0,38485.0,38493.0,5983.0
2024-01-04 04:11:00,38494.0,38626.0,38472.0,38598.0,2639.0
2024-01-04 04:12:00,38607.0,38622.0,38485.0,38500.0,8332.0
2024-01-04 04:13:00,38506.0,38527.0,38496.0,38514.0,4644.0
2024-01-04 04:14:00,38509.0,38539.0,38495.0,38534.0,5711.0
2024-01-04 04:15:00,38524.0,38524.0,38440.0,38478.0,9937.0
2024-01-04 04:16:00,38471.0,38560.0,38450.0,38539.0,4800.0
2024-01-04 04:17:00,38536.0,38547.0,38466.0,38496.0,10469.0
2024-01-04 04:18:00,38511.0,38609.0,38500.0,38589.0,11496.0
2024-01-04 04:19:00,38591.0,38604.0,38485.0,38515.0,13376.0
2024-01-04 04:20:00,38502.0,38516.0,38444.0,38471.0,3800.0
2024-01-04 04:21:00,38455.0,38511.0,38451.0,38508.0,9122.0
2024-01-04 04:22:00,38518.0,38533.0,38420.0,38440.0,9203.0
2024-01-04 04:23:00,38449.0,38478.0,38446.0,38460.0,11060.0
2024-01-04 04:24:00,38452.0,38462.0,38365.0,38377.0,12773.0
2024-01-04 04:25:00,38379.0,38411.0,38374.0,38398.0,10636.0
2024-01-04 04:26:00,38396.0,38537.0,38383.0,38526.0,5628.0
2024-01-04 04:27:00,38513.0,38590.0,38504.0,38572.0,3788.0
2024-01-04 04:28:00,38579.0,38590.0,38547.0,38549.0,6027.0
2024-01-04 04:29:00,38532.0,38633.0,38521.0,38630.0,3481.0
2024-01-04 04:30:00,38633.0,38686.0,38632.0,38685.0,13242.0
2024-01-04 04:31:00,38686.0,38848.0,38672.0,38819.0,12304.0
2024-01-04 04:32:00,38820.0,38829.0,38697.0,38712.0,8238.0
2024-01-04 04:33:00,38701.0,38715.0,38619.0,38632.0,10802.0
2024-01-04 04:34:00,38631.0,38652.0,38558.0,38586.0,12800.0
2024-01-04 04:35:00,38585.0,38668.0,38566.0,38639.0,6702.0
2024-01-04 04:36:00,38635.0,38644.0,38521.0,38547.0,4950.0
2024-01-04 04:37:00,38551.0,38629.0,38541.0,38601.0,7806.0
2024-01-04 04:38:00,38611.0,38622.0,38533.0,38562.0,12158.0
2024-01-04 04:39:00,38562.0,38673.0,38556.0,38635.0,3855.0
2024-01-04 04:40:00,38648.0,38827.0,38641.0,38814.0,8538.0
2024-01-04 04:41:00,38815.0,38877.0,38798.0,38848.0,5191.0
2024-01-04 04:42:00,38844.0,38902.0,38829.0,38863.0,82446.603579145
2024-01-04 04:43:00,38862.0,38870.0,38799.0,38822.0,14605.0
2024-01-04 04:44:00,38812.0,38821.0,38757.0,38781.0,9786.0
2024-01-04 04:45:00,38794.0,38919.0,38790.0,38908.0,6212.0
2024-01-04 04:46:00,38917.0,38928.0,38871.0,38874.0,7835.0
2024-01-04 04:47:00,38870.0,38987.0,38867.0,38976.0,7324.0
2024-01-04 04:48:00,38978.0,38988.0,38934.0,38972.0,3190.0
2024-01-04 04:49:00,38976.0,39044.0,38955.0,39012.0,9686.0
2024-01-04 04:50:00,39003.0,39142.0,38981.0,39111.0,10698.0
2024-01-04 04:51:00,39113.0,39116.0,38984.0,38988.0,12606.0
2024-01-04 04:52:00,38994.0,39060.0,38973.0,39058.0,3723.0
2024-01-04 04:53:00,39077.0,39079.0,39021.0,39038.0,3888.0
2024-01-04 04:54:00,39039.0,39054.0,38893.0,38907.0,8979.0
2024-01-04 04:55:00,38917.0,38919.0,38844.0,38876.0,14357.0
2024-01-04 04:56:00,38873.0,39029.0,38861.0,39023.0,8903.0
2024-01-04 04:57:00,39014.0,39134.0,39001.0,39106.0,2622.0
2024-01-04 04:58:00,39110.0,39117.0,39093.0,39103.0,3733.0
2024-01-04 04:59:00,39103.0,39111.0,38989.0,39004.0,13066.0
2024-01-04 05:00:00,39001.0,39050.0,38995.0,39021.0,10554.0
2024-01-04 05:01:00,39010.0,39032.0,38989.0,39023.0,9743.0
2024-01-04 05:02:00,39033.0,39045.0,39001.0,39011.0,7460.0
2024-01-04 05:03:00,39007.0,39032.0,38991.0,39016.0,7912.0
2024-01-04 05:04:00,39019.0,39161.0,39013.0,39138.0,10951.0
2024-01-04 05:05:00,39128.0,39129.0,39083.0,39103.0,14650.0
2024-01-04 05:06:00,39112.0,39118.0,39041.0,39061.0,7993.0
2024-01-04 05:07:00,39064.0,39086.0,39063.0,39070.0,4451.0
2024-01-04 05:08:00,39065.0,39071.0,38981.0,38983.0,13407.0
2024-01-04 05:09:00,38971.0,38973.0,38864.0,38903.0,14454.0
2024-01-04 05:10:00,38908.0,39010.0,38889.0,38999.0,2711.0
2024-01-04 05:11:00,38997.0,39023.0,38979.0,39000.0,12771.0
2024-01-04 05:12:00,38984.0,38994.0,38810.0,38825.0,10377.0
2024-01-04 05:13:00,38838.0,38860.0,38753.0,38783.0,10265.0
2024-01-04 05:14:00,38777.0,38789.0,38724.0,38753.0,3739.0
2024-01-04 05:15:00,38759.0,38779.0,38660.0,38685.0,6894.0
2024-01-04 05:16:00,38677.0,38726.0,38663.0,38706.0,12152.0
2024-01-04 05:17:00,38702.0,38718.0,38640.0,38644.0,9009.0
2024-01-04 05:18:00,38649.0,38891.0,38639.0,38860.0,6138.0
2024-01-04 05:19:00,38846.0,38855.0,38684.0,38712.0,7828.0
2024-01-04 05:20:00,38724.0,38725.0,38692.0,38692.0,6102.0
2024-01-04 05:21:00,38683.0,38769.0,38680.0,38749.0,8112.0
2024-01-04 05:22:00,38751.0,38761.0,38705.0,38736.0,3369.0
2024-01-04 05:23:00,38738.0,38759.0,38719.0,38744.0,8544.0
2024-01-04 05:24:00,38754.0,38769.0,38639.0,38665.0,8586.0
2024-01-04 05:25:00,38668.0,38680.0,38577.0,38614.0,13894.0
2024-01-04 05:26:00,38613.0,38719.0,38608.0,38708.0,8636.0
2024-01-04 05:27:00,38704.0,38727.0,38664.0,38679.0,81121.81297823669
2024-01-04 05:28:00,38679.0,38695.0,38623.0,38629.0,8438.0
2024-01-04 05:29:00,38634.0,38724.0,38625.0,38695.0,2545.0
2024-01-04 05:30:00,38707.0,38713.0,38645.0,38657.0,6639.0
2024-01-04 05:31:00,38645.0,38650.0,38539.0,38541.0,12008.0
2024-01-04 05:32:00,38533.0,38609.0,38517.0,38589.0,4205.0
2024-01-04 05:33:00,38596.0,38615.0,38557.0,38579.0,4502.0
2024-01-04 05:34:00,38582.0,38598.0,38566.0,38574.0,12504.0
2024-01-04 05:35:00,38570.0,38585.0,38420.0,38449.0,6652.0
2024-01-04 05:36:00,38465.0,38509.0,38457.0,38489.0,6099.0
2024-01-04 05:37:00,38490.0,38553.0,38470.0,38535.0,4678.0
2024-01-04 05:38:00,38542.0,38644.0,38541.0,38641.0,14120.0
2024-01-04 05:39:00,38628.0,38628.0,38576.0,38580.0,12297.0
2024-01-04 05:40:00,38587.0,38605.0,38575.0,38582.0,13767.0
2024-01-04 05:41:00,38580.0,38609.0,38578.0,38584.0,4073.0
2024-01-04 05:42:00,38587.0,38703.0,38574.0,38697.0,10238.0
2024-01-04 05:43:00,38693.0,38705.0,38638.0,38670.0,6011.0
2024-01-04 05:44:00,38673.0,38701.0,38654.0,38693.0,13229.0
2024-01-04 05:45:00,38698.0,38702.0,38630.0,38633.0,4455.0
2024-01-04 05:46:00,38633.0,38643.0,38555.0,38566.0,10590.0
2024-01-04 05:47:00,38571.0,38587.0,38460.0,38497.0,2913.0
2024-01-04 05:48:00,38490.0,38491.0,38431.0,38463.0,10910.0
2024-01-04 05:49:00,38458.0,38551.0,38440.0,38547.0,12991.0
2024-01-04 05:50:00,38559.0,38572.0,38414.0,38448.0,14155.0
2024-01-04 05:51:00,38447.0,38453.0,38414.0,38441.0,10503.0
2024-01-04 05:52:00,38445.0,38450.0,38435.0,38445.0,10648.0
2024-01-04 05:53:00,38441.0,38496.0,38433.0,38483.0,7731.0
2024-01-04 05:54:00,38494.0,38510.0,38402.0,38423.0,11286.0
2024-01-04 05:55:00,38415.0,38433.0,38385.0,38386.0,7131.0
2024-01-04 05:56:00,38386.0,38416.0,38379.0,38393.0,9462.0
2024-01-04 05:57:00,38388.0,38416.0,38380.0,38389.0,3664.0
2024-01-04 05:58:00,38395.0,38397.0,38353.0,38374.0,11321.0
2024-01-04 05:59:00,38383.0,38465.0,38369.0,38457.0,10565.0
2024-01-04 06:00:00,38458.0,38602.0,38452.0,38591.0,5298.0
2024-01-04 06:01:00,38588.0,38648.0,38582.0,38647.0,14921.0
2024-01-04 06:02:00,38664.0,38680.0,38604.0,38637.0,5278.0
2024-01-04 06:03:00,38638.0,38716.0,38631.0,38695.0,14055.0
2024-01-04 06:04:00,38687.0,38713.0,38687.0,38711.0,8096.0
2024-01-04 06:05:00,38710.0,38778.0,38698.0,38755.0,9613.0
2024-01-04 06:06:00,38757.0,38773.0,38607.0,38613.0,8834.0
2024-01-04 06:07:00,38618.0,38638.0,38490.0,38520.0,9230.0
2024-01-04 06:08:00,38524.0,38545.0,38481.0,38494.0,9376.0
2024-01-04 06:09:00,38478.0,38541.0,38460.0,38517.0,11136.0
2024-01-04 06:10:00,38521.0,38525.0,38434.0,38451.0,8409.0
2024-01-04 06:11:00,38445.0,38457.0,38380.0,38414.0,11596.0
2024-01-04 06:12:00,38408.0,38542.0,38394.0,38537.0,13196.0
2024-01-04 06:13:00,38532.0,38668.0,38530.0,38632.0,6578.0
2024-01-04 06:14:00,38644.0,38657.0,38498.0,38530.0,7407.0
2024-01-04 06:15:00,38521.0,38655.0,38517.0,38641.0,2901.0
2024-01-04 06:16:00,38638.0,38645.0,38542.0,38570.0,12910.0
2024-01-04 06:17:00,38567.0,38578.0,38469.0,38498.0,8307.0
2024-01-04 06:18:00,38493.0,38495.0,38406.0,38435.0,8284.0
2024-01-04 06:19:00,38449.0,38466.0,38319.0,38321.0,13134.0
2024-01-04 06:20:00,38319.0,38373.0,38319.0,38338.0,14483.0
2024-01-04 06:21:00,38347.0,38347.0,38224.0,38256.0,6722.0
2024-01-04 06:22:00,38254.0,38344.0,38237.0,38311.0,6145.0
2024-01-04 06:23:00,38308.0,38387.0,38291.0,38378.0,9306.0
2024-01-04 06:24:00,38379.0,38482.0,38373.0,38457.0,11964.0
2024-01-04 06:25:00,38452.0,38468.0,38283.0,38285.0,4456.0
2024-01-04 06:26:00,38281.0,38302.0,38200.0,38205.0,13866.0
2024-01-04 06:27:00,38207.0,38215.0,38109.0,38127.0,6341.0
2024-01-04 06:28:00,38133.0,38309.0,38118.0,38306.0,14003.0
2024-01-04 06:29:00,38299.0,38321.0,38243.0,38279.0,5828.0
2024-01-04 06:30:00,38294.0,38471.0,38284.0,38451.0,9451.0
2024-01-04 06:31:00,38442.0,38450.0,38416.0,38416.0,13417.0
2024-01-04 06:32:00,38429.0,38448.0,38381.0,38382.0,5942.0
2024-01-04 06:33:00,38391.0,38444.0,38369.0,38415.0,9245.0
2024-01-04 06:34:00,38410.0,38413.0,38319.0,38357.0,4041.0
2024-01-04 06:35:00,38362.0,38407.0,38357.0,38372.0,7814.0
2024-01-04 06:36:00,38367.0,38383.0,38265.0,38276.0,12662.0
2024-01-04 06:37:00,38275.0,38302.0,38256.0,38300.0,9610.0
2024-01-04 06:38:00,38293.0,38338.0,38293.0,38318.0,9975.0
2024-01-04 06:39:00,38319.0,38354.0,38306.0,38352.0,11810.0
2024-01-04 06:40:00,38345.0,38390.0,38332.0,38382.0,11791.0
2024-01-04 06:41:00,38373.0,38591.0,38366.0,38587.0,4774.0
2024-01-04 06:42:00,38579.0,38593.0,38490.0,38511.0,4952.0
2024-01-04 06:43:00,38496.0,38501.0,38401.0,38403.0,14035.0
2024-01-04 06:44:00,38400.0,38407.0,38348.0,38379.0,2950.0
2024-01-04 06:45:00,38373.0,38437.0,38358.0,38429.0,9492.0
2024-01-04 06:46:00,38427.0,38569.0,38419.0,38548.0,7167.0
2024-01-04 06:47:00,38542.0,38556.0,38486.0,38496.0,9223.0
2024-01-04 06:48:00,38495.0,38583.0,38488.0,38571.0,14391.0
2024-01-04 06:49:00,38569.0,38630.0,38555.0,38605.0,14617.0
2024-01-04 06:50:00,38596.0,38621.0,38589.0,38604.0,4272.0
2024-01-04 06:51:00,38603.0,38632.0,38600.0,38606.0,6947.0
2024-01-04 06:52:00,38598.0,38599.0,38569.0,38593.0,12317.0
2024-01-04 06:53:00,38602.0,38632.0,38592.0,38611.0,6110.0
2024-01-04 06:54:00,38623.0,38668.0,38602.0,38659.0,4308.0
2024-01-04 06:55:00,38668.0,38685.0,38521.0,38531.0,5967.0
2024-01-04 06:56:00,38539.0,38562.0,38522.0,38524.0,3839.0
2024-01-04 06:57:00,38535.0,38542.0,38469.0,38491.0,7725.0
2024-01-04 06:58:00,38492.0,38499.0,38340.0,38350.0,5709.0
2024-01-04 06:59:00,38336.0,38350.0,38242.0,38279.0,9709.0
2024-01-04 07:00:00,38280.0,38528.0,38272.0,38495.0,13306.0
2024-01-04 07:01:00,38502.0,38577.0,38484.0,38542.0,5795.0
2024-01-04 07:02:00,38543.0,38544.0,38435.0,38450.0,6879.0
2024-01-04 07:03:00,38445.0,38486.0,38444.0,38449.0,3368.0
2024-01-04 07:04:00,38459.0,38483.0,38439.0,38471.0,6655.0
2024-01-04 07:05:00,38475.0,38486.0,38416.0,38421.0,13922.0
2024-01-04 07:06:00,38428.0,38525.0,38407.0,38509.0,11900.0
2024-01-04 07:07:00,38504.0,38523.0,38401.0,38431.0,13412.0
2024-01-04 07:08:00,38434.0,38469.0,38429.0,38452.0,7350.0
2024-01-04 07:09:00,38436.0,38449.0,38374.0,38404.0,4917.0
2024-01-04 07:10:00,38410.0,38478.0,38409.0,38467.0,14078.0
2024-01-04 07:11:00,38465.0,38496.0,38460.0,38487.0,7314.0
2024-01-04 07:12:00,38485.0,38576.0,38472.0,38566.0,4418.0
2024-01-04 07:13:00,38563.0,38563.0,38532.0,38559.0,14968.0
2024-01-04 07:14:00,38555.0,38578.0,38414.0,38442.0,12485.0
2024-01-04 07:15:00,38451.0,38643.0,38446.0,38617.0,3812.0
2024-01-04 07:16:00,38631.0,38796.0,38625.0,38763.0,10794.0
2024-01-04 07:17:00,38769.0,38775.0,38725.0,38760.0,8373.0
2024-01-04 07:18:00,38759.0,38774.0,38662.0,38683.0,11963.0
2024-01-04 07:19:00,38684.0,38685.0,38623.0,38637.0,10925.0
2024-01-04 07:20:00,38636.0,38776.0,38628.0,38756.0,7260.0
2024-01-04 07:21:00,38764.0,38773.0,38716.0,38729.0,2567.0
2024-01-04 07:22:00,38741.0,38749.0,38580.0,38616.0,3286.0
2024-01-04 07:23:00,38611.0,38717.0,38608.0,38684.0,11948.0
2024-01-04 07:24:00,38692.0,38754.0,38672.0,38753.0,11205.0
2024-01-04 07:25:00,38753.0,38756.0,38616.0,38645.0,7221.0
2024-01-04 07:26:00,38651.0,38672.0,38542.0,38546.0,14523.0
2024-01-04 07:27:00,38540.0,38622.0,38530.0,38592.0,10417.0
2024-01-04 07:28:00,38590.0,38599.0,38473.0,38502.0,10273.0
2024-01-04 07:29:00,38506.0,38518.0,38487.0,38517.0,4496.0
2024-01-04 07:30:00,38511.0,38561.0,38505.0,38523.0,4434.0
2024-01-04 07:31:00,38513.0,38530.0,38400.0,38437.0,11635.0
2024-01-04 07:32:00,38442.0,38541.0,38435.0,38537.0,9892.0
2024-01-04 07:33:00,38543.0,38561.0,38424.0,38429.0,11227.0
2024-01-04 07:34:00,38427.0,38437.0,38318.0,38327.0,9603.0
2024-01-04 07:35:00,38331.0,38388.0,38311.0,38363.0,13873.0
2024-01-04 07:36:00,38367.0,38389.0,38262.0,38271.0,9837.0
2024-01-04 07:37:00,38273.0,38274.0,38216.0,38254.0,3362.0
2024-01-04 07:38:00,38265.0,38316.0,38255.0,38282.0,3547.0
2024-01-04 07:39:00,38292.0,38295.0,38239.0,38260.0,5883.0
2024-01-04 07:40:00,38255.0,38345.0,38242.0,38337.0,7622.0
2024-01-04 07:41:00,38324.0,38332.0,38204.0,38212.0,13871.0
2024-01-04 07:42:00,38210.0,38387.0,38207.0,38359.0,8182.0
2024-01-04 07:43:00,38375.0,38469.0,38358.0,38461.0,14598.0
2024-01-04 07:44:00,38462.0,38473.0,38270.0,38304.0,9743.0
2024-01-04 07:45:00,38309.0,38395.0,38298.0,38358.0,4073.0
2024-01-04 07:46:00,38350.0,38364.0,38202.0,38224.0,8594.0
2024-01-04 07:47:00,38217.0,38239.0,38116.0,38134.0,24619.854676932147
2024-01-04 07:48:00,38133.0,38258.0,38112.0,38221.0,11513.0
2024-01-04 07:49:00,38217.0,38235.0,38066.0,38100.0,5826.0
2024-01-04 07:50:00,38102.0,38157.0,38095.0,38139.0,7478.0
2024-01-04 07:51:00,38154.0,38218.0,38153.0,38193.0,6265.0
2024-01-04 07:52:00,38207.0,38284.0,38197.0,38256.0,7744.0
2024-01-04 07:53:00,38258.0,38274.0,38199.0,38235.0,10739.0
2024-01-04 07:54:00,38234.0,38247.0,38170.0,38197.0,12023.0
2024-01-04 07:55:00,38193.0,38359.0,38189.0,38346.0,13125.0
2024-01-04 07:56:00,38347.0,38352.0,38333.0,38346.0,13013.0
2024-01-04 07:57:00,38357.0,38431.0,38346.0,38395.0,8624.0
2024-01-04 07:58:00,38409.0,38421.0,38301.0,38306.0,3195.0
2024-01-04 07:59:00,38312.0,38328.0,38168.0,38178.0,13034.0
2024-01-04 08:00:00,38182.0,38198.0,38062.0,38065.0,19571.0
2024-01-04 08:01:00,38073.0,38361.0,38068.0,38356.0,5534.0
2024-01-04 08:02:00,38364.0,38373.0,38137.0,38159.0,18687.0
2024-01-04 08:03:00,38164.0,38182.0,38135.0,38153.0,16198.0
2024-01-04 08:04:00,38153.0,38206.0,38134.0,38188.0,16092.0
2024-01-04 08:05:00,38200.0,38293.0,38184.0,38271.0,20440.0
2024-01-04 08:06:00,38276.0,38296.0,38114.0,38137.0,21166.0
2024-01-04 08:07:00,38134.0,38142.0,38112.0,38119.0,18077.0
2024-01-04 08:08:00,38124.0,38141.0,37872.0,37901.0,9515.0
2024-01-04 08:09:00,37902.0,37918.0,37744.0,37757.0,22383.0
2024-01-04 08:10:00,37769.0,37778.0,37435.0,37465.0,13969.0
2024-01-04 08:11:00,37465.0,37473.0,37274.0,37282.0,3982.0
2024-01-04 08:12:00,37274.0,37361.0,37256.0,37335.0,14608.0
2024-01-04 08:13:00,37344.0,37348.0,37198.0,37233.0,11985.0
2024-01-04 08:14:00,37230.0,37275.0,37221.0,37243.0,5195.0
2024-01-04 08:15:00,37238.0,37260.0,37041.0,37068.0,6613.0
2024-01-04 08:16:00,37055.0,37320.0,37046.0,37316.0,17674.0
2024-01-04 08:17:00,37313.0,37331.0,37259.0,37273.0,21908.0
2024-01-04 08:18:00,37267.0,37293.0,37263.0,37272.0,9802.0
2024-01-04 08:19:00,37278.0,37403.0,37267.0,37373.0,11929.0
2024-01-04 08:20:00,37383.0,37444.0,37369.0,37424.0,13679.0
2024-01-04 08:21:00,37419.0,37428.0,37317.0,37323.0,16198.0
2024-01-04 08:22:00,37314.0,37319.0,37197.0,37199.0,13921.0
2024-01-04 08:23:00,37200.0,37345.0,37180.0,37340.0,22478.0
2024-01-04 08:24:00,37346.0,37446.0,37339.0,37411.0,6766.0
2024-01-04 08:25:00,37412.0,37427.0,37396.0,37398.0,16662.0
2024-01-04 08:26:00,37393.0,37632.0,37378.0,37620.0,10421.0
2024-01-04 08:27:00,37627.0,37646.0,37294.0,37310.0,43405.09057890946
2024-01-04 08:28:00,37298.0,37320.0,37252.0,37257.0,8718.0
2024-01-04 08:29:00,37253.0,37365.0,37244.0,37345.0,17920.0
2024-01-04 08:30:00,37343.0,37350.0,37302.0,37338.0,15073.0
2024-01-04 08:31:00,37340.0,37351.0,37144.0,37169.0,4489.0
2024-01-04 08:32:00,37155.0,37167.0,37031.0,37043.0,16445.0
2024-01-04 08:33:00,37030.0,37038.0,36845.0,36879.0,9385.0
2024-01-04 08:34:00,36887.0,37053.0,36872.0,37042.0,5347.0
2024-01-04 08:35:00,37041.0,37043.0,36964.0,36974.0,21675.0
2024-01-04 08:36:00,36977.0,36996.0,36959.0,36980.0,4606.0
2024-01-04 08:37:00,36974.0,37038.0,36956.0,37021.0,8487.0
2024-01-04 08:38:00,37020.0,37035.0,36927.0,36961.0,9319.0
2024-01-04 08:39:00,36960.0,37062.0,36945.0,37054.0,10261.0
2024-01-04 08:40:00,37056.0,37057.0,37041.0,37052.0,20592.0
2024-01-04 08:41:00,37065.0,37192.0,37049.0,37165.0,16596.0
2024-01-04 08:42:00,37169.0,37172.0,36948.0,36984.0,10462.0
2024-01-04 08:43:00,36997.0,37001.0,36839.0,36861.0,19349.0
2024-01-04 08:44:00,36855.0,36865.0,36848.0,36859.0,11538.0
2024-01-04 08:45:00,36867.0,36881.0,36771.0,36774.0,13065.0
2024-01-04 08:46:00,36781.0,36918.0,36759.0,36884.0,21170.0
2024-01-04 08:47:00,36886.0,36894.0,36578.0,36591.0,20685.0
2024-01-04 08:48:00,36596.0,36614.0,36481.0,36499.0,19929.0
2024-01-04 08:49:00,36494.0,36500.0,36393.0,36411.0,19801.0
2024-01-04 08:50:00,36412.0,36514.0,36405.0,36490.0,18842.0
2024-01-04 08:51:00,36487.0,36506.0,36371.0,36405.0,15240.0
2024-01-04 08:52:00,36400.0,36401.0,36094.0,36109.0,21313.0
2024-01-04 08:53:00,36103.0,36174.0,36088.0,36148.0,10989.0
2024-01-04 08:54:00,36148.0,36271.0,36134.0,36239.0,14867.0
2024-01-04 08:55:00,36257.0,36596.0,36238.0,36563.0,6521.0
2024-01-04 08:56:00,36563.0,36567.0,36460.0,36469.0,11508.0
2024-01-04 08:57:00,36465.0,36481.0,36382.0,36384.0,17588.0
2024-01-04 08:58:00,36378.0,36391.0,36291.0,36299.0,8908.0
2024-01-04 08:59:00,36298.0,36306.0,36262.0,36270.0,21944.0
2024-01-04 09:00:00,36259.0,36342.0,36240.0,36327.0,15147.0
2024-01-04 09:01:00,36335.0,36345.0,36070.0,36091.0,9123.0
2024-01-04 09:02:00,36077.0,36228.0,36072.0,36221.0,4973.0
2024-01-04 09:03:00,36220.0,36238.0,36111.0,36125.0,18086.0
2024-01-04 09:04:00,36123.0,36319.0,36115.0,36303.0,19054.0
2024-01-04 09:05:00,36309.0,36313.0,36243.0,36260.0,7899.0
2024-01-04 09:06:00,36267.0,36268.0,36223.0,36248.0,17099.0
2024-01-04 09:07:00,36238.0,36300.0,36219.0,36283.0,6462.0
2024-01-04 09:08:00,36277.0,36351.0,36257.0,36328.0,11139.0
2024-01-04 09:09:00,36324.0,36401.0,36309.0,36365.0,11054.0
2024-01-04 09:10:00,36362.0,36379.0,36257.0,36259.0,6138.0
2024-01-04 09:11:00,36263.0,36302.0,36246.0,36288.0,12193.0
2024-01-04 09:12:00,36279.0,36594.0,36263.0,36559.0,15647.0
2024-01-04 09:13:00,36568.0,36590.0,36388.0,36407.0,21639.0
2024-01-04 09:14:00,36412.0,36498.0,36408.0,36476.0,10329.0
2024-01-04 09:15:00,36473.0,36536.0,36470.0,36517.0,13852.0
2024-01-04 09:16:00,36511.0,36512.0,36449.0,36473.0,18336.0
2024-01-04 09:17:00,36479.0,36487.0,36332.0,36338.0,6785.0
2024-01-04 09:18:00,36339.0,36356.0,36224.0,36258.0,6936.0
2024-01-04 09:19:00,36255.0,36270.0,36075.0,36100.0,3799.0
2024-01-04 09:20:00,36105.0,36119.0,36084.0,36107.0,9988.0
2024-01-04 09:21:00,36111.0,36222.0,36105.0,36201.0,4310.0
2024-01-04 09:22:00,36186.0,36236.0,36169.0,36202.0,14344.0
2024-01-04 09:23:00,36201.0,36304.0,36186.0,36298.0,11970.0
2024-01-04 09:24:00,36298.0,36390.0,36276.0,36359.0,22364.0
2024-01-04 09:25:00,36354.0,36364.0,36327.0,36354.0,41757.49061300618
2024-01-04 09:26:00,36362.0,36368.0,36357.0,36358.0,5968.0
2024-01-04 09:27:00,36361.0,36535.0,36346.0,36505.0,5619.0
2024-01-04 09:28:00,36510.0,36530.0,36496.0,36505.0,17429.0
2024-01-04 09:29:00,36492.0,36640.0,36480.0,36626.0,21290.0
2024-01-04 09:30:00,36619.0,36627.0,36331.0,36366.0,19332.0
2024-01-04 09:31:00,36370.0,36472.0,36350.0,36453.0,17390.0
2024-01-04 09:32:00,36454.0,36461.0,36397.0,36428.0,4124.0
2024-01-04 09:33:00,36414.0,36459.0,36414.0,36457.0,13900.0
2024-01-04 09:34:00,36456.0,36460.0,36362.0,36372.0,12603.0
2024-01-04 09:35:00,36376.0,36509.0,36355.0,36488.0,17382.0
2024-01-04 09:36:00,36493.0,36640.0,36478.0,36628.0,17684.0
2024-01-04 09:37:00,36638.0,36715.0,36620.0,36694.0,12005.0
2024-01-04 09:38:00,36689.0,36806.0,36687.0,36770.0,10441.0
2024-01-04 09:39:00,36766.0,36898.0,36748.0,36887.0,14756.0
2024-01-04 09:40:00,36863.0,37047.0,36855.0,37020.0,22150.0
2024-01-04 09:41:00,37020.0,37071.0,37005.0,37063.0,17604.0
2024-01-04 09:42:00,37059.0,37177.0,37043.0,37172.0,20595.0
2024-01-04 09:43:00,37175.0,37281.0,37169.0,37255.0,13776.0
2024-01-04 09:44:00,37261.0,37528.0,37258.0,37504.0,8293.0
2024-01-04 09:45:00,37495.0,37579.0,37484.0,37566.0,22494.0
2024-01-04 09:46:00,37581.0,37689.0,37564.0,37655.0,19758.0
2024-01-04 09:47:00,37670.0,37674.0,37662.0,37672.0,17693.0
2024-01-04 09:48:00,37674.0,37778.0,37673.0,37751.0,12098.0
2024-01-04 09:49:00,37744.0,37750.0,37693.0,37700.0,14337.0
2024-01-04 09:50:00,37693.0,37697.0,37510.0,37537.0,6736.0
2024-01-04 09:51:00,37537.0,37538.0,37372.0,37406.0,18785.0
2024-01-04 09:52:00,37410.0,37411.0,37339.0,37339.0,12931.0
2024-01-04 09:53:00,37346.0,37530.0,37337.0,37512.0,19485.0
2024-01-04 09:54:00,37499.0,37501.0,37316.0,37343.0,15280.0
2024-01-04 09:55:00,37333.0,37430.0,37321.0,37428.0,11809.0
2024-01-04 09:56:00,37424.0,37550.0,37414.0,37539.0,18474.0
2024-01-04 09:57:00,37529.0,37608.0,37523.0,37594.0,6992.0
2024-01-04 09:58:00,37592.0,37602.0,37394.0,37402.0,18171.0
2024-01-04 09:59:00,37405.0,37410.0,37290.0,37322.0,4993.0
2024-01-04 10:00:00,37326.0,37363.0,37320.0,37344.0,12746.0
2024-01-04 10:01:00,37347.0,37408.0,37327.0,37400.0,6808.0
2024-01-04 10:02:00,37404.0,37413.0,37366.0,37389.0,4209.0
2024-01-04 10:03:00,37393.0,37401.0,37242.0,37254.0,20340.0
2024-01-04 10:04:00,37255.0,37373.0,37241.0,37352.0,6593.0
2024-01-04 10:05:00,37352.0,37367.0,37094.0,37127.0,21598.0
2024-01-04 10:06:00,37141.0,37153.0,36894.0,36924.0,21192.0
2024-01-04 10:07:00,36936.0,37050.0,36929.0,37043.0,21721.0
2024-01-04 10:08:00,37047.0,37063.0,36952.0,36966.0,5586.0
2024-01-04 10:09:00,36975.0,36979.0,36894.0,36909.0,7230.0
2024-01-04 10:10:00,36900.0,36949.0,36896.0,36940.0,9447.0
2024-01-04 10:11:00,36930.0,36935.0,36928.0,36933.0,9300.0
2024-01-04 10:12:00,36937.0,36954.0,36875.0,36906.0,4491.0
2024-01-04 10:13:00,36915.0,37097.0,36913.0,37063.0,14463.0
2024-01-04 10:14:00,37064.0,37078.0,37023.0,37046.0,10430.0
2024-01-04 10:15:00,37044.0,37236.0,37039.0,37217.0,16285.0
2024-01-04 10:16:00,37203.0,37223.0,37048.0,37076.0,7220.0
2024-01-04 10:17:00,37080.0,37093.0,37030.0,37042.0,8582.0
2024-01-04 10:18:00,37056.0,37060.0,36864.0,36891.0,5970.0
2024-01-04 10:19:00,36888.0,36900.0,36770.0,36779.0,21312.0
2024-01-04 10:20:00,36784.0,36815.0,36765.0,36814.0,12572.0
2024-01-04 10:21:00,36811.0,36849.0,36798.0,36823.0,14026.0
2024-01-04 10:22:00,36818.0,36898.0,36817.0,36879.0,14896.0
2024-01-04 10:23:00,36887.0,36962.0,36871.0,36954.0,16817.0
2024-01-04 10:24:00,36961.0,37074.0,36955.0,37049.0,21737.0
2024-01-04 10:25:00,37042.0,37058.0,36966.0,36974.0,15671.0
2024-01-04 10:26:00,36967.0,37020.0,36955.0,37008.0,19712.0
2024-01-04 10:27:00,37012.0,37029.0,36957.0,36992.0,54801.179417026986
2024-01-04 10:28:00,37004.0,37082.0,36986.0,37079.0,8823.0
2024-01-04 10:29:00,37078.0,37289.0,37074.0,37264.0,15657.0
2024-01-04 10:30:00,37265.0,37271.0,37104.0,37137.0,20540.0
2024-01-04 10:31:00,37149.0,37170.0,37130.0,37157.0,19320.0
2024-01-04 10:32:00,37160.0,37179.0,37098.0,37104.0,8165.0
2024-01-04 10:33:00,37097.0,37098.0,37017.0,37025.0,16087.0
2024-01-04 10:34:00,37039.0,37044.0,36883.0,36898.0,16513.0
2024-01-04 10:35:00,36898.0,36936.0,36897.0,36924.0,19440.0
2024-01-04 10:36:00,36926.0,36946.0,36920.0,36931.0,19302.0
2024-01-04 10:37:00,36931.0,36974.0,36922.0,36951.0,13996.0
2024-01-04 10:38:00,36957.0,37017.0,36936.0,37004.0,7899.0
2024-01-04 10:39:00,36999.0,36999.0,36908.0,36930.0,4668.0
2024-01-04 10:40:00,36939.0,36961.0,36799.0,36822.0,6037.0
2024-01-04 10:41:00,36825.0,36845.0,36709.0,36738.0,9936.0
2024-01-04 10:42:00,36742.0,36747.0,36705.0,36725.0,18562.0
2024-01-04 10:43:00,36705.0,36718.0,36579.0,36587.0,4966.0
2024-01-04 10:44:00,36592.0,36686.0,36576.0,36652.0,16960.0
2024-01-04 10:45:00,36650.0,36778.0,36629.0,36751.0,6592.0
2024-01-04 10:46:00,36750.0,36758.0,36661.0,36670.0,5117.0
2024-01-04 10:47:00,36671.0,36690.0,36597.0,36626.0,6813.0
2024-01-04 10:48:00,36627.0,36889.0,36627.0,36879.0,21255.0
2024-01-04 10:49:00,36883.0,36914.0,36869.0,36888.0,17253.0
2024-01-04 10:50:00,36898.0,36916.0,36786.0,36819.0,12560.0
2024-01-04 10:51:00,36812.0,36860.0,36797.0,36825.0,11886.0
2024-01-04 10:52:00,36813.0,36825.0,36651.0,36667.0,14334.0
2024-01-04 10:53:00,36667.0,36731.0,36646.0,36730.0,48450.91870988794
2024-01-04 10:54:00,36721.0,36841.0,36711.0,36815.0,13208.0
2024-01-04 10:55:00,36817.0,37064.0,36815.0,37033.0,4162.0
2024-01-04 10:56:00,37036.0,37055.0,36939.0,36965.0,10756.0
2024-01-04 10:57:00,36966.0,37098.0,36949.0,37077.0,17436.0
2024-01-04 10:58:00,37078.0,37268.0,37068.0,37233.0,6298.0
2024-01-04 10:59:00,37239.0,37248.0,37167.0,37197.0,21809.0
2024-01-04 11:00:00,37192.0,37238.0,37182.0,37204.0,9281.0
2024-01-04 11:01:00,37206.0,37208.0,37123.0,37157.0,18045.0
2024-01-04 11:02:00,37170.0,37175.0,37112.0,37141.0,20819.0
2024-01-04 11:03:00,37139.0,37277.0,37120.0,37249.0,4877.0
2024-01-04 11:04:00,37248.0,37269.0,37138.0,37162.0,4875.0
2024-01-04 11:05:00,37166.0,37190.0,37164.0,37188.0,16276.0
2024-01-04 11:06:00,37168.0,37180.0,37043.0,37054.0,9704.0
2024-01-04 11:07:00,37050.0,37069.0,37034.0,37069.0,18470.0
2024-01-04 11:08:00,37075.0,37104.0,37056.0,37094.0,19850.0
2024-01-04 11:09:00,37085.0,37090.0,36998.0,37029.0,6693.0
2024-01-04 11:10:00,37028.0,37181.0,37027.0,37180.0,5466.0
2024-01-04 11:11:00,37181.0,37194.0,37147.0,37156.0,6929.0
2024-01-04 11:12:00,37150.0,37262.0,37135.0,37231.0,4321.0
2024-01-04 11:13:00,37226.0,37248.0,37118.0,37144.0,4646.0
2024-01-04 11:14:00,37151.0,37162.0,37051.0,37086.0,4910.0
2024-01-04 11:15:00,37076.0,37401.0,37072.0,37368.0,20574.0
2024-01-04 11:16:00,37372.0,37381.0,37199.0,37214.0,18212.0
2024-01-04 11:17:00,37207.0,37223.0,37187.0,37219.0,3850.0
2024-01-04 11:18:00,37225.0,37243.0,37169.0,37177.0,21816.0
2024-01-04 11:19:00,37169.0,37196.0,37151.0,37186.0,21086.0
2024-01-04 11:20:00,37168.0,37173.0,36874.0,36883.0,5034.0
2024-01-04 11:21:00,36885.0,36902.0,36859.0,36881.0,15677.0
2024-01-04 11:22:00,36873.0,36882.0,36719.0,36752.0,3762.0
2024-01-04 11:23:00,36768.0,36865.0,36758.0,36835.0,10311.0
2024-01-04 11:24:00,36836.0,36966.0,36816.0,36950.0,7897.0
2024-01-04 11:25:00,36946.0,36965.0,36713.0,36728.0,18188.0
2024-01-04 11:26:00,36736.0,36831.0,36734.0,36805.0,20901.0
2024-01-04 11:27:00,36801.0,36918.0,36800.0,36906.0,7092.0
2024-01-04 11:28:00,36919.0,36956.0,36916.0,36924.0,17888.0
2024-01-04 11:29:00,36935.0,36973.0,36916.0,36959.0,5510.0
2024-01-04 11:30:00,36964.0,37039.0,36953.0,37009.0,9170.0
2024-01-04 11:31:00,37016.0,37121.0,37011.0,37113.0,11853.0
2024-01-04 11:32:00,37115.0,37163.0,37106.0,37150.0,8319.0
2024-01-04 11:33:00,37151.0,37165.0,37014.0,37017.0,5009.0
2024-01-04 11:34:00,37015.0,37256.0,37005.0,37220.0,16222.0
2024-01-04 11:35:00,37231.0,37319.0,37222.0,37305.0,10071.0
2024-01-04 11:36:00,37300.0,37381.0,37284.0,37365.0,6234.0
2024-01-04 11:37:00,37365.0,37378.0,37121.0,37130.0,12529.0
2024-01-04 11:38:00,37127.0,37240.0,37113.0,37238.0,22459.0
2024-01-04 11:39:00,37229.0,37232.0,37184.0,37195.0,18837.0
2024-01-04 11:40:00,37197.0,37312.0,37195.0,37278.0,9222.0
2024-01-04 11:41:00,37271.0,37459.0,37256.0,37425.0,10905.0
2024-01-04 11:42:00,37417.0,37479.0,37407.0,37459.0,7993.0
2024-01-04 11:43:00,37460.0,37470.0,37278.0,37313.0,17411.0
2024-01-04 11:44:00,37304.0,37310.0,37226.0,37245.0,22199.0
2024-01-04 11:45:00,37243.0,37476.0,37232.0,37465.0,15275.0
2024-01-04 11:46:00,37465.0,37481.0,37409.0,37445.0,4942.0
2024-01-04 11:47:00,37443.0,37478.0,37435.0,37444.0,20170.0
2024-01-04 11:48:00,37448.0,37448.0,37383.0,37393.0,18913.0
2024-01-04 11:49:00,37396.0,37400.0,37225.0,37254.0,3822.0
2024-01-04 11:50:00,37257.0,37274.0,37121.0,37146.0,5117.0
2024-01-04 11:51:00,37141.0,37150.0,37029.0,37054.0,16943.0
2024-01-04 11:52:00,37052.0,37074.0,36992.0,37007.0,16717.0
2024-01-04 11:53:00,37014.0,37023.0,36749.0,36770.0,4619.0
2024-01-04 11:54:00,36771.0,36787.0,36560.0,36594.0,13669.0
2024-01-04 11:55:00,36597.0,36613.0,36572.0,36596.0,12531.0
2024-01-04 11:56:00,36598.0,36678.0,36590.0,36671.0,21178.0
2024-01-04 11:57:00,36683.0,36887.0,36670.0,36872.0,15309.0
2024-01-04 11:58:00,36868.0,36931.0,36864.0,36896.0,17133.10558671424
2024-01-04 11:59:00,36898.0,37006.0,36894.0,36995.0,13566.0
2024-01-04 12:00:00,37001.0,37045.0,36992.0,37015.0,11719.0
2024-01-04 12:01:00,37006.0,37122.0,36992.0,37086.0,5205.0
2024-01-04 12:02:00,37066.0,37085.0,36991.0,37023.0,11068.0
2024-01-04 12:03:00,37031.0,37075.0,37027.0,37069.0,6977.0
2024-01-04 12:04:00,37065.0,37291.0,37050.0,37281.0,14876.0
2024-01-04 12:05:00,37289.0,37302.0,37201.0,37214.0,20671.0
2024-01-04 12:06:00,37221.0,37410.0,37212.0,37377.0,13129.0
2024-01-04 12:07:00,37380.0,37389.0,37253.0,37270.0,5860.0
2024-01-04 12:08:00,37270.0,37425.0,37263.0,37404.0,15613.0
2024-01-04 12:09:00,37409.0,37417.0,37173.0,37189.0,15221.0
2024-01-04 12:10:00,37189.0,37200.0,37013.0,37023.0,16771.0
2024-01-04 12:11:00,37029.0,37029.0,36996.0,37020.0,6785.0
2024-01-04 12:12:00,37027.0,37046.0,36976.0,36985.0,17803.0
2024-01-04 12:13:00,36993.0,37202.0,36992.0,37177.0,12670.0
2024-01-04 12:14:00,37174.0,37187.0,36980.0,36993.0,11719.0
2024-01-04 12:15:00,36988.0,37000.0,36861.0,36888.0,16789.0
2024-01-04 12:16:00,36892.0,36987.0,36874.0,36952.0,9407.0
2024-01-04 12:17:00,36953.0,36995.0,36953.0,36973.0,11346.0
2024-01-04 12:18:00,36972.0,37069.0,36956.0,37056.0,6740.0
2024-01-04 12:19:00,37076.0,37162.0,37073.0,37141.0,4571.0
2024-01-04 12:20:00,37146.0,37151.0,37058.0,37093.0,6055.0
2024-01-04 12:21:00,37092.0,37143.0,37081.0,37111.0,20099.0
2024-01-04 12:22:00,37116.0,37124.0,36955.0,36987.0,4892.0
2024-01-04 12:23:00,36975.0,36991.0,36885.0,36912.0,5353.0
2024-01-04 12:24:00,36903.0,36918.0,36886.0,36913.0,12748.0
2024-01-04 12:25:00,36907.0,36910.0,36858.0,36888.0,11988.0
2024-01-04 12:26:00,36884.0,36955.0,36875.0,36933.0,7970.0
2024-01-04 12:27:00,36918.0,36932.0,36827.0,36862.0,21728.0
2024-01-04 12:28:00,36868.0,37026.0,36854.0,36996.0,5105.0
2024-01-04 12:29:00,37002.0,37089.0,36993.0,37081.0,15344.0
2024-01-04 12:30:00,37073.0,37074.0,36981.0,37007.0,19497.0
2024-01-04 12:31:00,37008.0,37018.0,36886.0,36908.0,6456.0
2024-01-04 12:32:00,36914.0,36918.0,36770.0,36786.0,12992.0
2024-01-04 12:33:00,36785.0,36854.0,36780.0,36818.0,17188.0
2024-01-04 12:34:00,36824.0,36838.0,36659.0,36668.0,18590.0
2024-01-04 12:35:00,36668.0,36747.0,36651.0,36730.0,11327.0
2024-01-04 12:36:00,36732.0,36871.0,36715.0,36836.0,20106.0
2024-01-04 12:37:00,36842.0,36993.0,36831.0,36957.0,9315.0
2024-01-04 12:38:00,36970.0,37069.0,36961.0,37057.0,8474.0
2024-01-04 12:39:00,37067.0,37088.0,37022.0,37053.0,20913.0
2024-01-04 12:40:00,37045.0,37081.0,37036.0,37080.0,9102.0
2024-01-04 12:41:00,37072.0,37076.0,36982.0,37018.0,14215.0
2024-01-04 12:42:00,37023.0,37037.0,36868.0,36881.0,21274.0
2024-01-04 12:43:00,36879.0,37020.0,36870.0,37018.0,7295.0
2024-01-04 12:44:00,37002.0,37117.0,36994.0,37101.0,8288.0
2024-01-04 12:45:00,37098.0,37113.0,36990.0,37015.0,16884.0
2024-01-04 12:46:00,37007.0,37008.0,36893.0,36923.0,8368.0
2024-01-04 12:47:00,36925.0,37000.0,36909.0,36995.0,8577.0
2024-01-04 12:48:00,37003.0,37015.0,36914.0,36946.0,18022.0
2024-01-04 12:49:00,36934.0,36950.0,36884.0,36903.0,21222.0
2024-01-04 12:50:00,36900.0,36901.0,36652.0,36682.0,14771.0
2024-01-04 12:51:00,36678.0,36785.0,36661.0,36750.0,6331.0
2024-01-04 12:52:00,36758.0,36760.0,36745.0,36754.0,18057.0
2024-01-04 12:53:00,36762.0,36767.0,36680.0,36715.0,14690.0
2024-01-04 12:54:00,36715.0,36718.0,36607.0,36625.0,6130.0
2024-01-04 12:55:00,36614.0,36633.0,36573.0,36588.0,17618.0
2024-01-04 12:56:00,36575.0,36579.0,36560.0,36566.0,18864.0
2024-01-04 12:57:00,36565.0,36589.0,36559.0,36569.0,6687.0
2024-01-04 12:58:00,36569.0,36626.0,36567.0,36624.0,3855.0
2024-01-04 12:59:00,36617.0,36730.0,36614.0,36711.0,5947.0
2024-01-04 13:00:00,36716.0,36725.0,36624.0,36643.0,8369.0
2024-01-04 13:01:00,36643.0,36665.0,36497.0,36526.0,15448.0
2024-01-04 13:02:00,36527.0,36664.0,36523.0,36664.0,13228.0
2024-01-04 13:03:00,36672.0,36680.0,36657.0,36667.0,14353.0
2024-01-04 13:04:00,36677.0,36713.0,36672.0,36687.0,11081.0
2024-01-04 13:05:00,36692.0,36743.0,36689.0,36724.0,16049.0
2024-01-04 13:06:00,36732.0,36741.0,36667.0,36671.0,21464.0
2024-01-04 13:07:00,36669.0,36676.0,36637.0,36640.0,10533.0
2024-01-04 13:08:00,36651.0,36665.0,36577.0,36606.0,15213.0
2024-01-04 13:09:00,36609.0,36612.0,36427.0,36429.0,15124.0
2024-01-04 13:10:00,36423.0,36433.0,36276.0,36289.0,10299.0
2024-01-04 13:11:00,36284.0,36299.0,36079.0,36110.0,12693.0
2024-01-04 13:12:00,36102.0,36123.0,35966.0,35995.0,13212.0
2024-01-04 13:13:00,36000.0,36007.0,35959.0,35988.0,12999.0
2024-01-04 13:14:00,36003.0,36055.0,36000.0,36038.0,15162.0
2024-01-04 13:15:00,36052.0,36107.0,36050.0,36083.0,21168.0
2024-01-04 13:16:00,36076.0,36207.0,36061.0,36173.0,10963.0
2024-01-04 13:17:00,36180.0,36192.0,36028.0,36045.0,9809.0
2024-01-04 13:18:00,36046.0,36056.0,35947.0,35971.0,18522.0
2024-01-04 13:19:00,35977.0,35990.0,35843.0,35861.0,6961.0
2024-01-04 13:20:00,35867.0,36033.0,35849.0,36030.0,13888.0
2024-01-04 13:21:00,36023.0,36028.0,35889.0,35907.0,6425.0
2024-01-04 13:22:00,35907.0,35911.0,35872.0,35897.0,11874.0
2024-01-04 13:23:00,35895.0,35895.0,35836.0,35841.0,6540.0
2024-01-04 13:24:00,35836.0,35920.0,35817.0,35913.0,12714.0
2024-01-04 13:25:00,35905.0,35913.0,35777.0,35793.0,18455.0
2024-01-04 13:26:00,35795.0,35813.0,35706.0,35725.0,14103.0
2024-01-04 13:27:00,35728.0,35737.0,35650.0,35663.0,5022.0
2024-01-04 13:28:00,35658.0,35752.0,35652.0,35738.0,11541.0
2024-01-04 13:29:00,35732.0,35743.0,35684.0,35709.0,10624.0
2024-01-04 13:30:00,35692.0,35703.0,35553.0,35568.0,4474.0
2024-01-04 13:31:00,35565.0,35740.0,35548.0,35715.0,7014.0
2024-01-04 13:32:00,35720.0,35828.0,35707.0,35824.0,11793.0
2024-01-04 13:33:00,35813.0,36003.0,35799.0,35977.0,21431.0
2024-01-04 13:34:00,35982.0,36025.0,35966.0,36022.0,17426.0
2024-01-04 13:35:00,36027.0,36039.0,35707.0,35739.0,14512.0
2024-01-04 13:36:00,35737.0,35842.0,35730.0,35817.0,13638.0
2024-01-04 13:37:00,35812.0,35873.0,35797.0,35854.0,9002.0
2024-01-04 13:38:00,35852.0,36003.0,35844.0,35975.0,8288.0
2024-01-04 13:39:00,35978.0,36144.0,35971.0,36123.0,8132.0
2024-01-04 13:40:00,36127.0,36222.0,36124.0,36195.0,19420.0
2024-01-04 13:41:00,36204.0,36333.0,36197.0,36320.0,20229.0
2024-01-04 13:42:00,36316.0,36330.0,36263.0,36289.0,13793.0
2024-01-04 13:43:00,36290.0,36317.0,36290.0,36310.0,7305.0
2024-01-04 13:44:00,36303.0,36422.0,36297.0,36420.0,8877.0
2024-01-04 13:45:00,36414.0,36494.0,36408.0,36479.0,17722.0
2024-01-04 13:46:00,36488.0,36522.0,36473.0,36494.0,9713.0
2024-01-04 13:47:00,36500.0,36588.0,36484.0,36585.0,17065.0
2024-01-04 13:48:00,36584.0,36598.0,36478.0,36488.0,20926.0
2024-01-04 13:49:00,36475.0,36572.0,36464.0,36549.0,10437.0
2024-01-04 13:50:00,36541.0,36562.0,36423.0,36426.0,16756.0
2024-01-04 13:51:00,36431.0,36436.0,36390.0,36413.0,9708.0
2024-01-04 13:52:00,36408.0,36492.0,36388.0,36481.0,6838.0
2024-01-04 13:53:00,36476.0,36598.0,36472.0,36565.0,20711.0
2024-01-04 13:54:00,36567.0,36630.0,36546.0,36630.0,18191.0
2024-01-04 13:55:00,36643.0,36718.0,36626.0,36692.0,16258.0
2024-01-04 13:56:00,36695.0,36937.0,36680.0,36911.0,9736.0
2024-01-04 13:57:00,36912.0,36923.0,36850.0,36853.0,10564.0
2024-01-04 13:58:00,36836.0,36847.0,36832.0,36839.0,8314.0
2024-01-04 13:59:00,36826.0,37041.0,36825.0,37005.0,15788.0
2024-01-04 14:00:00,36993.0,37002.0,36928.0,36954.0,18760.0
2024-01-04 14:01:00,36955.0,36957.0,36944.0,36946.0,11990.0
2024-01-04 14:02:00,36953.0,36986.0,36932.0,36975.0,7031.0
2024-01-04 14:03:00,36982.0,37117.0,36979.0,37104.0,13214.0
2024-01-04 14:04:00,37107.0,37117.0,37085.0,37096.0,14181.0
2024-01-04 14:05:00,37103.0,37133.0,37097.0,37120.0,9652.0
2024-01-04 14:06:00,37120.0,37140.0,37034.0,37067.0,16813.0
2024-01-04 14:07:00,37073.0,37203.0,37064.0,37170.0,18218.0
2024-01-04 14:08:00,37172.0,37258.0,37160.0,37222.0,16766.0
2024-01-04 14:09:00,37229.0,37244.0,37079.0,37113.0,16776.0
2024-01-04 14:10:00,37106.0,37218.0,37085.0,37181.0,8104.0
2024-01-04 14:11:00,37186.0,37186.0,37053.0,37074.0,16650.0
2024-01-04 14:12:00,37079.0,37100.0,36959.0,36974.0,4823.0
2024-01-04 14:13:00,36972.0,37145.0,36961.0,37110.0,10327.0
2024-01-04 14:14:00,37112.0,37124.0,37062.0,37081.0,13772.0
2024-01-04 14:15:00,37075.0,37314.0,37059.0,37301.0,21101.0
2024-01-04 14:16:00,37310.0,37333.0,37297.0,37316.0,19177.0
2024-01-04 14:17:00,37307.0,37324.0,37286.0,37298.0,18161.0
2024-01-04 14:18:00,37300.0,37395.0,37286.0,37388.0,10493.0
2024-01-04 14:19:00,37388.0,37410.0,37173.0,37204.0,19975.0
2024-01-04 14:20:00,37188.0,37270.0,37167.0,37263.0,15093.0
2024-01-04 14:21:00,37254.0,37257.0,37193.0,37209.0,22152.0
2024-01-04 14:22:00,37215.0,37289.0,37199.0,37281.0,8915.0
2024-01-04 14:23:00,37280.0,37298.0,37259.0,37269.0,12930.0
2024-01-04 14:24:00,37268.0,37272.0,37203.0,37233.0,21627.0
2024-01-04 14:25:00,37227.0,37242.0,37152.0,37173.0,16627.0
2024-01-04 14:26:00,37187.0,37190.0,37152.0,37155.0,12246.0
2024-01-04 14:27:00,37163.0,37379.0,37150.0,37367.0,15252.0
2024-01-04 14:28:00,37360.0,37378.0,37192.0,37216.0,21464.0
2024-01-04 14:29:00,37203.0,37207.0,37001.0,37032.0,22074.0
2024-01-04 14:30:00,37032.0,37247.0,37023.0,37237.0,6149.0
2024-01-04 14:31:00,37244.0,37360.0,37236.0,37336.0,5760.0
2024-01-04 14:32:00,37329.0,37649.0,37319.0,37644.0,4673.0
2024-01-04 14:33:00,37645.0,37717.0,37630.0,37712.0,13340.0
2024-01-04 14:34:00,37700.0,37700.0,37642.0,37672.0,18771.0
2024-01-04 14:35:00,37662.0,37671.0,37563.0,37578.0,4098.0
2024-01-04 14:36:00,37588.0,37604.0,37542.0,37551.0,4454.0
2024-01-04 14:37:00,37546.0,37563.0,37513.0,37543.0,5584.0
2024-01-04 14:38:00,37558.0,37563.0,37525.0,37556.0,3872.0
2024-01-04 14:39:00,37556.0,37566.0,37445.0,37470.0,21208.0
2024-01-04 14:40:00,37474.0,37484.0,37396.0,37400.0,21356.0
2024-01-04 14:41:00,37401.0,37562.0,37378.0,37555.0,4261.0
2024-01-04 14:42:00,37556.0,37562.0,37433.0,37466.0,7520.0
2024-01-04 14:43:00,37461.0,37472.0,37373.0,37394.0,7511.0
2024-01-04 14:44:00,37381.0,37413.0,37372.0,37409.0,17307.0
2024-01-04 14:45:00,37403.0,37437.0,37392.0,37423.0,7262.0
2024-01-04 14:46:00,37411.0,37432.0,37289.0,37324.0,15992.0
2024-01-04 14:47:00,37324.0,37429.0,37309.0,37398.0,5836.0
2024-01-04 14:48:00,37391.0,37398.0,37384.0,37396.0,19065.0
2024-01-04 14:49:00,37375.0,37386.0,37303.0,37338.0,18091.0
2024-01-04 14:50:00,37341.0,37350.0,37155.0,37180.0,9934.0
2024-01-04 14:51:00,37176.0,37468.0,37161.0,37468.0,8984.0
2024-01-04 14:52:00,37479.0,37484.0,37385.0,37402.0,22276.0
2024-01-04 14:53:00,37404.0,37457.0,37396.0,37447.0,20031.0
2024-01-04 14:54:00,37448.0,37469.0,37380.0,37411.0,9004.0
2024-01-04 14:55:00,37422.0,37423.0,37388.0,37414.0,14455.0
2024-01-04 14:56:00,37425.0,37445.0,37321.0,37351.0,17128.0
2024-01-04 14:57:00,37346.0,37427.0,37341.0,37416.0,6811.0
2024-01-04 14:58:00,37418.0,37476.0,37399.0,37450.0,18277.0
2024-01-04 14:59:00,37455.0,37538.0,37455.0,37509.0,8688.0
2024-01-04 15:00:00,37512.0,37513.0,37489.0,37492.0,22405.0
2024-01-04 15:01:00,37489.0,37494.0,37411.0,37425.0,13863.0
2024-01-04 15:02:00,37429.0,37443.0,37412.0,37428.0,9024.0
2024-01-04 15:03:00,37427.0,37443.0,37419.0,37439.0,18090.0
2024-01-04 15:04:00,37449.0,37548.0,37427.0,37529.0,6182.0
2024-01-04 15:05:00,37523.0,37602.0,37515.0,37592.0,9361.0
2024-01-04 15:06:00,37591.0,37597.0,37509.0,37514.0,7086.0
2024-01-04 15:07:00,37524.0,37632.0,37522.0,37600.0,22311.0
2024-01-04 15:08:00,37604.0,37634.0,37596.0,37631.0,17569.0
2024-01-04 15:09:00,37671.634,37690.451,37652.816999999995,37682.9242,18010.0
2024-01-04 15:10:00,37720.0,37729.0,37553.0,37558.0,16959.0
2024-01-04 15:11:00,37549.0,37571.0,37482.0,37502.0,14232.0
2024-01-04 15:12:00,37495.0,37630.0,37473.0,37620.0,20032.0
2024-01-04 15:13:00,37622.0,37730.0,37610.0,37700.0,4697.0
2024-01-04 15:14:00,37699.0,37700.0,37545.0,37569.0,16665.0
2024-01-04 15:15:00,37573.0,37693.0,37553.0,37676.0,10247.0
2024-01-04 15:16:00,37675.0,37677.0,37584.0,37585.0,17787.0
2024-01-04 15:17:00,37591.0,37616.0,37590.0,37609.0,11023.0
2024-01-04 15:18:00,37601.0,37604.0,37538.0,37557.0,19542.0
2024-01-04 15:19:00,37573.0,37592.0,37506.0,37525.0,9464.0
2024-01-04 15:20:00,37524.0,37530.0,37463.0,37488.0,22166.0
2024-01-04 15:21:00,37494.0,37589.0,37472.0,37558.0,22425.0
2024-01-04 15:22:00,37555.0,37559.0,37498.0,37511.0,18722.0
2024-01-04 15:23:00,37498.0,37514.0,37351.0,37362.0,17045.0
2024-01-04 15:24:00,37362.0,37449.0,37357.0,37431.0,10757.0
2024-01-04 15:25:00,37438.0,37449.0,37291.0,37307.0,15197.0
2024-01-04 15:26:00,37303.0,37403.0,37288.0,37380.0,17547.0
2024-01-04 15:27:00,37384.0,37400.0,37277.0,37309.0,15650.0
2024-01-04 15:28:00,37317.0,37348.0,37300.0,37333.0,14274.0
2024-01-04 15:29:00,37346.0,37359.0,37288.0,37304.0,6981.0
2024-01-04 15:30:00,37301.0,37313.0,37226.0,37260.0,19466.0
2024-01-04 15:31:00,37274.0,37351.0,37268.0,37329.0,4652.0
2024-01-04 15:32:00,37336.0,37348.0,37242.0,37264.0,18591.0
2024-01-04 15:33:00,37264.0,37280.0,37228.0,37251.0,6488.0
2024-01-04 15:34:00,37243.0,37246.0,37235.0,37242.0,22148.0
2024-01-04 15:35:00,37235.0,37243.0,37144.0,37159.0,7016.0
2024-01-04 15:36:00,37170.0,37176.0,37113.0,37135.0,7866.0
2024-01-04 15:37:00,37133.0,37254.0,37121.0,37237.0,21121.0
2024-01-04 15:38:00,37240.0,37538.0,37221.0,37507.0,5155.0
2024-01-04 15:39:00,37512.0,37550.0,37490.0,37533.0,3870.0
2024-01-04 15:40:00,37540.0,37549.0,37461.0,37477.0,14117.0
2024-01-04 15:41:00,37478.0,37812.0,37459.0,37801.0,12020.0
2024-01-04 15:42:00,37803.0,37920.0,37790.0,37897.0,7679.0
2024-01-04 15:43:00,37885.0,37896.0,37872.0,37875.0,14005.0
2024-01-04 15:44:00,37874.0,37893.0,37833.0,37853.0,21772.0
2024-01-04 15:45:00,37841.0,38004.0,37826.0,37997.0,13759.0
2024-01-04 15:46:00,38003.0,38229.0,37987.0,38223.0,13760.0
2024-01-04 15:47:00,38231.0,38245.0,38046.0,38069.0,6241.0
2024-01-04 15:48:00,38076.0,38087.0,37889.0,37909.0,14366.0
2024-01-04 15:49:00,37908.0,37918.0,37847.0,37848.0,17038.0
2024-01-04 15:50:00,37845.0,37977.0,37832.0,37974.0,18086.0
2024-01-04 15:51:00,37973.0,37983.0,37947.0,37962.0,22331.0
2024-01-04 15:52:00,37962.0,37968.0,37719.0,37737.0,12263.0
2024-01-04 15:53:00,37731.0,37866.0,37710.0,37844.0,17943.0
2024-01-04 15:54:00,37854.0,37869.0,37794.0,37799.0,21897.0
2024-01-04 15:55:00,37782.0,37801.0,37763.0,37798.0,8788.0
2024-01-04 15:56:00,37807.0,37817.0,37799.0,37807.0,12779.0
2024-01-04 15:57:00,37811.0,37824.0,37699.0,37724.0,14047.0
2024-01-04 15:58:00,37719.0,37730.0,37602.0,37620.0,16847.0
2024-01-04 15:59:00,37613.0,37634.0,37595.0,37613.0,7809.0
2024-01-04 16:00:00,37618.0,37668.0,37596.0,37661.0,7876.0
2024-01-04 16:01:00,37662.0,37678.0,37512.0,37528.0,4318.0
2024-01-04 16:02:00,37529.0,37533.0,37494.0,37500.0,7009.0
2024-01-04 16:03:00,37512.0,37685.0,37490.0,37660.0,18580.0
2024-01-04 16:04:00,37661.0,37682.0,37538.0,37551.0,17393.0
2024-01-04 16:05:00,37547.0,37657.0,37542.0,37625.0,6065.0
2024-01-04 16:06:00,37635.0,37714.0,37625.0,37682.0,6585.0
2024-01-04 16:07:00,37685.0,37696.0,37605.0,37624.0,10751.0
2024-01-04 16:08:00,37629.0,37642.0,37441.0,37452.0,10248.0
2024-01-04 16:09:00,37442.0,37462.0,37406.0,37434.0,4251.0
2024-01-04 16:10:00,37424.0,37427.0,37309.0,37327.0,5647.0
2024-01-04 16:11:00,37325.0,37330.0,37300.0,37301.0,4805.0
2024-01-04 16:12:00,37285.0,37290.0,37183.0,37203.0,18014.0
2024-01-04 16:13:00,37193.0,37197.0,37051.0,37068.0,20587.0
2024-01-04 16:14:00,37076.0,37134.0,37075.0,37118.0,8953.0
2024-01-04 16:15:00,37111.0,37114.0,36993.0,37007.0,20424.0
2024-01-04 16:16:00,37000.0,37022.0,36952.0,36967.0,13910.0
2024-01-04 16:17:00,36977.0,37045.0,36959.0,37019.0,12623.0
2024-01-04 16:18:00,37022.0,37037.0,36824.0,36830.0,3851.0
2024-01-04 16:19:00,36826.0,36989.0,36812.0,36961.0,10569.0
2024-01-04 16:20:00,36952.0,36964.0,36642.0,36656.0,16797.0
2024-01-04 16:21:00,36649.0,36709.0,36646.0,36687.0,21282.0
2024-01-04 16:22:00,36680.0,36736.0,36672.0,36710.0,15030.0
2024-01-04 16:23:00,36708.0,36750.0,36699.0,36745.0,16734.0
2024-01-04 16:24:00,36753.0,36763.0,36577.0,36603.0,21261.0
2024-01-04 16:25:00,36598.0,36717.0,36582.0,36696.0,10032.0
2024-01-04 16:26:00,36704.0,36959.0,36683.0,36940.0,4971.0
2024-01-04 16:27:00,36939.0,36958.0,36855.0,36863.0,19427.0
2024-01-04 16:28:00,36856.0,36860.0,36802.0,36813.0,19092.0
2024-01-04 16:29:00,36822.0,36919.0,36805.0,36904.0,9364.0
2024-01-04 16:30:00,36908.0,36922.0,36873.0,36902.0,15195.0
2024-01-04 16:31:00,36895.0,36916.0,36855.0,36890.0,7588.0
2024-01-04 16:32:00,36892.0,37018.0,36875.0,36983.0,8039.0
2024-01-04 16:33:00,36976.0,36990.0,36799.0,36815.0,7138.0
2024-01-04 16:34:00,36819.0,36824.0,36802.0,36823.0,21737.0
2024-01-04 16:35:00,36820.0,36915.0,36798.0,36912.0,10662.0
2024-01-04 16:36:00,36908.0,37020.0,36904.0,37010.0,22452.0
2024-01-04 16:37:00,37020.0,37032.0,36945.0,36960.0,8370.0
2024-01-04 16:38:00,36962.0,37203.0,36954.0,37187.0,18731.0
2024-01-04 16:39:00,37180.0,37230.0,37159.0,37227.0,6761.0
2024-01-04 16:40:00,37231.0,37261.0,37212.0,37243.0,9636.0
2024-01-04 16:41:00,37231.0,37244.0,37198.0,37214.0,10896.0
2024-01-04 16:42:00,37200.0,37211.0,37167.0,37188.0,5552.0
2024-01-04 16:43:00,37203.0,37296.0,37193.0,37284.0,21862.0
2024-01-04 16:44:00,37290.0,37307.0,37098.0,37112.0,17794.0
2024-01-04 16:45:00,37114.0,37158.0,37094.0,37137.0,19945.0
2024-01-04 16:46:00,37140.0,37146.0,37136.0,37146.0,19831.0
2024-01-04 16:47:00,37149.0,37276.0,37130.0,37259.0,21698.0
2024-01-04 16:48:00,37258.0,37270.0,37166.0,37188.0,20915.0
2024-01-04 16:49:00,37189.0,37275.0,37176.0,37254.0,19329.0
2024-01-04 16:50:00,37249.0,37307.0,37240.0,37293.0,20628.0
2024-01-04 16:51:00,37293.0,37386.0,37281.0,37373.0,17820.0
2024-01-04 16:52:00,37370.0,37382.0,37328.0,37338.0,8815.0
2024-01-04 16:53:00,37332.0,37592.0,37311.0,37566.0,16291.0
2024-01-04 16:54:00,37572.0,37754.0,37551.0,37745.0,13501.0
2024-01-04 16:55:00,37746.0,37763.0,37533.0,37541.0,18681.0
2024-01-04 16:56:00,37536.0,37546.0,37403.0,37419.0,18077.0
2024-01-04 16:57:00,37418.0,37435.0,37296.0,37320.0,15895.0
2024-01-04 16:58:00,37324.0,37354.0,37323.0,37328.0,21958.0
2024-01-04 16:59:00,37325.0,37330.0,37094.0,37128.0,5234.0
2024-01-04 17:00:00,37120.0,37181.0,37099.0,37159.0,17520.0
2024-01-04 17:01:00,37162.0,37220.0,37155.0,37209.0,18348.0
2024-01-04 17:02:00,37206.0,37259.0,37204.0,37259.0,5481.0
2024-01-04 17:03:00,37250.0,37339.0,37242.0,37304.0,13134.0
2024-01-04 17:04:00,37310.0,37332.0,37221.0,37239.0,6342.0
2024-01-04 17:05:00,37234.0,37306.0,37214.0,37276.0,20591.0
2024-01-04 17:06:00,37278.0,37364.0,37277.0,37332.0,20711.0
2024-01-04 17:07:00,37344.0,37364.0,37292.0,37315.0,6551.0
2024-01-04 17:08:00,37323.0,37473.0,37305.0,37452.0,6318.0
2024-01-04 17:09:00,37456.0,37475.0,37414.0,37429.0,6964.0
2024-01-04 17:10:00,37435.0,37443.0,37383.0,37400.0,12324.0
2024-01-04 17:11:00,37406.0,37467.0,37404.0,37459.0,15039.0
2024-01-04 17:12:00,37468.0,37470.0,37295.0,37319.0,17540.0
2024-01-04 17:13:00,37313.0,37322.0,37180.0,37182.0,6175.0
2024-01-04 17:14:00,37186.0,37200.0,37143.0,37172.0,5575.0
2024-01-04 17:15:00,37189.0,37312.0,37173.0,37276.0,5948.0
2024-01-04 17:16:00,37280.0,37367.0,37270.0,37348.0,13001.0
2024-01-04 17:17:00,37342.0,37343.0,37278.0,37292.0,12383.0
2024-01-04 17:18:00,37288.0,37303.0,37193.0,37205.0,20892.0
2024-01-04 17:19:00,37211.0,37326.0,37206.0,37315.0,18945.0
2024-01-04 17:20:00,37315.0,37390.0,37299.0,37371.0,12162.0
2024-01-04 17:21:00,37368.0,37376.0,37335.0,37350.0,11577.0
2024-01-04 17:22:00,37349.0,37359.0,37336.0,37347.0,10254.0
2024-01-04 17:23:00,37340.0,37401.0,37319.0,37396.0,13414.0
2024-01-04 17:24:00,37398.0,37402.0,37283.0,37320.0,18590.0
2024-01-04 17:25:00,37319.0,37436.0,37301.0,37425.0,6009.0
2024-01-04 17:26:00,37414.0,37446.0,37411.0,37444.0,15686.0
2024-01-04 17:27:00,37447.0,37622.0,37430.0,37607.0,14311.0
2024-01-04 17:28:00,37604.0,37635.0,37602.0,37618.0,9329.0
2024-01-04 17:29:00,37621.0,37630.0,37469.0,37479.0,15374.0
2024-01-04 17:30:00,37479.0,37493.0,37277.0,37308.0,9690.0
2024-01-04 17:31:00,37305.0,37401.0,37293.0,37374.0,13866.0
2024-01-04 17:32:00,37363.0,37375.0,37301.0,37332.0,8056.0
2024-01-04 17:33:00,37314.0,37316.0,37153.0,37186.0,14837.0
2024-01-04 17:34:00,37169.0,37297.0,37147.0,37280.0,4012.0
2024-01-04 17:35:00,37280.0,37333.0,37261.0,37324.0,13077.0
2024-01-04 17:36:00,37337.0,37337.0,37256.0,37277.0,19342.0
2024-01-04 17:37:00,37279.0,37411.0,37268.0,37398.0,6635.0
2024-01-04 17:38:00,37405.0,37418.0,37238.0,37261.0,18595.0
2024-01-04 17:39:00,37261.0,37279.0,37159.0,37161.0,19994.0
2024-01-04 17:40:00,37154.0,37256.0,37153.0,37225.0,8661.0
2024-01-04 17:41:00,37231.0,37369.0,37218.0,37340.0,16182.0
2024-01-04 17:42:00,37332.0,37337.0,37307.0,37310.0,12130.0
2024-01-04 17:43:00,37308.0,37457.0,37298.0,37449.0,7095.0
2024-01-04 17:44:00,37464.0,37482.0,37369.0,37389.0,8150.0
2024-01-04 17:45:00,37380.0,37403.0,37361.0,37400.0,5421.0
2024-01-04 17:46:00,37402.0,37422.0,37203.0,37207.0,13678.0
2024-01-04 17:47:00,37213.0,37332.0,37199.0,37307.0,6799.0
2024-01-04 17:48:00,37304.0,37338.0,37299.0,37332.0,8651.0
2024-01-04 17:49:00,37327.0,37450.0,37309.0,37415.0,5444.0
2024-01-04 17:50:00,37426.0,37429.0,37325.0,37356.0,4146.0
2024-01-04 17:51:00,37350.0,37370.0,37249.0,37254.0,9857.0
2024-01-04 17:52:00,37252.0,37339.0,37247.0,37324.0,6529.0
2024-01-04 17:53:00,37317.0,37330.0,37225.0,37260.0,19331.0
2024-01-04 17:54:00,37261.0,37262.0,37127.0,37157.0,13479.0
2024-01-04 17:55:00,37167.0,37174.0,37108.0,37140.0,12777.0
2024-01-04 17:56:00,37131.0,37149.0,36953.0,36975.0,16742.0
2024-01-04 17:57:00,36972.0,36981.0,36873.0,36889.0,4837.0
2024-01-04 17:58:00,36907.0,37005.0,36890.0,36998.0,4488.0
2024-01-04 17:59:00,36998.0,37163.0,36990.0,37139.0,4743.0
2024-01-04 18:00:00,37151.0,37159.0,37088.0,37095.0,21408.0
2024-01-04 18:01:00,37089.0,37394.0,37078.0,37390.0,4716.0
2024-01-04 18:02:00,37375.0,37394.0,37208.0,37215.0,18855.0
2024-01-04 18:03:00,37221.0,37240.0,37168.0,37191.0,14073.0
2024-01-04 18:04:00,37190.0,37207.0,37170.0,37181.0,69857.57929476324
2024-01-04 18:05:00,37197.0,37215.0,37048.0,37077.0,12058.0
2024-01-04 18:06:00,37083.0,37134.0,37061.0,37097.0,11677.0
2024-01-04 18:07:00,37100.0,37116.0,37032.0,37067.0,11821.0
2024-01-04 18:08:00,37065.0,37073.0,36968.0,36971.0,14291.0
2024-01-04 18:09:00,36973.0,36991.0,36883.0,36896.0,15445.0
2024-01-04 18:10:00,36887.0,36917.0,36873.0,36912.0,12627.0
2024-01-04 18:11:00,36915.0,36929.0,36836.0,36867.0,16351.0
2024-01-04 18:12:00,36859.0,36863.0,36637.0,36654.0,7941.0
2024-01-04 18:13:00,36665.0,36798.0,36651.0,36779.0,7666.0
2024-01-04 18:14:00,36782.0,36802.0,36750.0,36754.0,17646.0
2024-01-04 18:15:00,36741.0,36743.0,36664.0,36682.0,19181.0
2024-01-04 18:16:00,36684.0,36696.0,36529.0,36550.0,15829.0
2024-01-04 18:17:00,36545.0,36558.0,36486.0,36506.0,17596.0
2024-01-04 18:18:00,36500.0,36521.0,36414.0,36425.0,13779.0
2024-01-04 18:19:00,36423.0,36473.0,36403.0,36466.0,20766.0
2024-01-04 18:20:00,36462.0,36601.0,36440.0,36593.0,9143.0
2024-01-04 18:21:00,36588.0,36608.0,36514.0,36516.0,19990.0
2024-01-04 18:22:00,36522.0,36544.0,36407.0,36426.0,7886.0
2024-01-04 18:23:00,36424.0,36494.0,36412.0,36467.0,15728.0
2024-01-04 18:24:00,36455.0,36456.0,36286.0,36289.0,7746.0
2024-01-04 18:25:00,36291.0,36309.0,36114.0,36117.0,8505.0
2024-01-04 18:26:00,36121.0,36251.0,36102.0,36220.0,9458.0
2024-01-04 18:27:00,36220.0,36307.0,36208.0,36296.0,17153.0
2024-01-04 18:28:00,36300.0,36490.0,36293.0,36484.0,17402.0
2024-01-04 18:29:00,36491.0,36580.0,36481.0,36579.0,14992.0
2024-01-04 18:30:00,36579.0,36601.0,36336.0,36347.0,15176.0
2024-01-04 18:31:00,36335.0,36467.0,36331.0,36464.0,16231.0
2024-01-04 18:32:00,36454.0,36481.0,36435.0,36472.0,10049.0
2024-01-04 18:33:00,36475.0,36484.0,36433.0,36435.0,6699.0
2024-01-04 18:34:00,36435.0,36453.0,36401.0,36414.0,5930.0
2024-01-04 18:35:00,36410.0,36496.0,36391.0,36479.0,120659.77226686353
2024-01-04 18:36:00,36466.0,36488.0,36427.0,36429.0,15016.0
2024-01-04 18:37:00,36426.0,36432.0,36398.0,36401.0,21412.0
2024-01-04 18:38:00,36390.0,36467.0,36388.0,36450.0,5966.0
2024-01-04 18:39:00,36452.0,36542.0,36432.0,36532.0,8034.0
2024-01-04 18:40:00,36533.0,36535.0,36334.0,36354.0,21150.0
2024-01-04 18:41:00,36360.0,36427.0,36339.0,36416.0,4218.0
2024-01-04 18:42:00,36425.0,36432.0,36325.0,36335.0,19773.0
2024-01-04 18:43:00,36342.0,36422.0,36342.0,36395.0,7675.0
2024-01-04 18:44:00,36401.0,36416.0,36286.0,36306.0,14437.0
2024-01-04 18:45:00,36298.0,36514.0,36284.0,36499.0,15177.0
2024-01-04 18:46:00,36496.0,36501.0,36411.0,36436.0,21824.0
2024-01-04 18:47:00,36438.0,36452.0,36333.0,36339.0,45212.62181492566
2024-01-04 18:48:00,36353.0,36358.0,36264.0,36284.0,21310.0
2024-01-04 18:49:00,36280.0,36344.0,36270.0,36317.0,20284.0
2024-01-04 18:50:00,36319.0,36332.0,36171.0,36187.0,14269.0
2024-01-04 18:51:00,36175.0,36336.0,36166.0,36335.0,21940.0
2024-01-04 18:52:00,36342.0,36352.0,36227.0,36229.0,10434.0
2024-01-04 18:53:00,36226.0,36239.0,36189.0,36202.0,22101.0
2024-01-04 18:54:00,36209.0,36355.0,36191.0,36338.0,12417.0
2024-01-04 18:55:00,36328.0,36466.0,36325.0,36443.0,3950.0
2024-01-04 18:56:00,36445.0,36459.0,36325.0,36327.0,18168.0
2024-01-04 18:57:00,36326.0,36429.0,36325.0,36422.0,11884.0
2024-01-04 18:58:00,36413.0,36421.0,36243.0,36246.0,5029.0
2024-01-04 18:59:00,36251.0,36258.0,36144.0,36156.0,4821.0
2024-01-04 19:00:00,36152.0,36167.0,36083.0,36106.0,8398.0
2024-01-04 19:01:00,36098.0,36201.0,36081.0,36196.0,20594.0
2024-01-04 19:02:00,36188.0,36231.0,36172.0,36202.0,11004.0
2024-01-04 19:03:00,36199.0,36243.0,36195.0,36222.0,20904.0
2024-01-04 19:04:00,36230.0,36290.0,36221.0,36284.0,7888.0
2024-01-04 19:05:00,36280.0,36419.0,36260.0,36383.0,13024.0
2024-01-04 19:06:00,36391.0,36449.0,36382.0,36434.0,10975.0
2024-01-04 19:07:00,36441.0,36456.0,36323.0,36346.0,11204.0
2024-01-04 19:08:00,36339.0,36468.0,36318.0,36459.0,7061.0
2024-01-04 19:09:00,36465.0,36486.0,36264.0,36279.0,8634.0
2024-01-04 19:10:00,36291.0,36297.0,36217.0,36243.0,14546.0
2024-01-04 19:11:00,36248.0,36268.0,36164.0,36169.0,20550.0
2024-01-04 19:12:00,36171.0,36174.0,36081.0,36098.0,9877.0
2024-01-04 19:13:00,36085.0,36153.0,36067.0,36122.0,5514.0
2024-01-04 19:14:00,36115.0,36137.0,35936.0,35965.0,19380.0
2024-01-04 19:15:00,35970.0,35988.0,35908.0,35909.0,5661.0
2024-01-04 19:16:00,35924.0,36045.0,35923.0,36014.0,17616.0
2024-01-04 19:17:00,36018.0,36028.0,35923.0,35950.0,5732.0
2024-01-04 19:18:00,35945.0,36059.0,35936.0,36028.0,29078.792399050108
2024-01-04 19:19:00,36040.0,36177.0,36034.0,36148.0,16285.0
2024-01-04 19:20:00,36163.0,36175.0,36055.0,36062.0,19753.0
2024-01-04 19:21:00,36064.0,36135.0,36059.0,36121.0,20241.0
2024-01-04 19:22:00,36111.0,36180.0,36092.0,36147.0,13845.0
2024-01-04 19:23:00,36150.0,36168.0,35932.0,35942.0,5824.0
2024-01-04 19:24:00,35962.0,35973.0,35773.0,35790.0,7364.0
2024-01-04 19:25:00,35786.0,35910.0,35782.0,35887.0,17308.0
2024-01-04 19:26:00,35878.0,35895.0,35765.0,35777.0,12102.0
2024-01-04 19:27:00,35767.0,35781.0,35731.0,35755.0,6393.0
2024-01-04 19:28:00,35756.0,35859.0,35745.0,35854.0,14224.0
2024-01-04 19:29:00,35856.0,35864.0,35624.0,35658.0,12163.0
2024-01-04 19:30:00,35661.0,35680.0,35493.0,35525.0,18264.0
2024-01-04 19:31:00,35534.0,35553.0,35343.0,35366.0,14160.0
2024-01-04 19:32:00,35376.0,35385.0,35297.0,35328.0,4838.0
2024-01-04 19:33:00,35339.0,35353.0,35255.0,35266.0,14812.0
2024-01-04 19:34:00,35261.0,35347.0,35246.0,35346.0,20227.0
2024-01-04 19:35:00,35346.0,35350.0,35121.0,35149.0,14977.0
2024-01-04 19:36:00,35148.0,35167.0,35077.0,35109.0,22415.0
2024-01-04 19:37:00,35108.0,35209.0,35093.0,35192.0,19468.0
2024-01-04 19:38:00,35196.0,35211.0,35058.0,35063.0,7468.0
2024-01-04 19:39:00,35067.0,35072.0,34890.0,34905.0,21366.0
2024-01-04 19:40:00,34904.0,35013.0,34883.0,35009.0,15427.0
2024-01-04 19:41:00,35010.0,35273.0,34990.0,35263.0,14810.0
2024-01-04 19:42:00,35281.0,35357.0,35280.0,35336.0,8900.0
2024-01-04 19:43:00,35335.0,35399.0,35314.0,35394.0,18827.0
2024-01-04 19:44:00,35404.0,35416.0,35345.0,35353.0,15879.0
2024-01-04 19:45:00,35361.0,35479.0,35356.0,35467.0,19430.0
2024-01-04 19:46:00,35453.0,35692.0,35447.0,35669.0,18336.0
2024-01-04 19:47:00,35667.0,35687.0,35626.0,35636.0,15936.0
2024-01-04 19:48:00,35640.0,35709.0,35633.0,35692.0,19242.0
2024-01-04 19:49:00,35681.0,35697.0,35402.0,35429.0,9133.0
2024-01-04 19:50:00,35426.0,35431.0,35336.0,35346.0,11439.0
2024-01-04 19:51:00,35363.0,35407.0,35342.0,35380.0,7882.0
2024-01-04 19:52:00,35389.0,35405.0,35347.0,35350.0,20007.0
2024-01-04 19:53:00,35343.0,35347.0,35165.0,35198.0,11336.0
2024-01-04 19:54:00,35191.0,35195.0,35102.0,35116.0,5449.0
2024-01-04 19:55:00,35106.0,35108.0,35000.0,35033.0,17762.0
2024-01-04 19:56:00,35025.0,35086.0,35010.0,35074.0,13505.0
2024-01-04 19:57:00,35071.0,35278.0,35069.0,35261.0,17493.0
2024-01-04 19:58:00,35265.0,35445.0,35262.0,35425.0,10583.0
2024-01-04 19:59:00,35434.0,35515.0,35426.0,35497.0,8606.0
2024-01-04 20:00:00,35485.0,35564.0,35467.0,35548.0,20220.0
2024-01-04 20:01:00,35560.0,35571.0,35386.0,35418.0,88620.29364519395
2024-01-04 20:02:00,35418.0,35422.0,35226.0,35249.0,14488.0
2024-01-04 20:03:00,35248.0,35250.0,35099.0,35128.0,11003.0
2024-01-04 20:04:00,35128.0,35231.0,35108.0,35197.0,20521.0
2024-01-04 20:05:00,35189.0,35203.0,34937.0,34964.0,9611.0
2024-01-04 20:06:00,34950.0,34962.0,34920.0,34934.0,15391.0
2024-01-04 20:07:00,34932.0,35058.0,34924.0,35040.0,13547.0
2024-01-04 20:08:00,35046.0,35176.0,35039.0,35144.0,21568.0
2024-01-04 20:09:00,35146.0,35277.0,35135.0,35249.0,7101.0
2024-01-04 20:10:00,35243.0,35586.03,35202.0,35243.0,15369.0
2024-01-04 20:11:00,35222.0,35230.0,35096.394,35134.59,9974.0
2024-01-04 20:12:00,35201.0,35337.0,35084.43,35263.332,4427.0
2024-01-04 20:13:00,35334.0,35357.0,35225.007,35266.326,12179.0
2024-01-04 20:14:00,35341.0,35348.0,35036.574,35102.654,3914.0
2024-01-04 20:15:00,35171.0,35244.0,35154.0,35227.0,5047.0
2024-01-04 20:16:00,35221.0,35376.0,35211.0,35359.0,8007.0
2024-01-04 20:17:00,35368.0,35382.0,35256.0,35272.0,13370.0
2024-01-04 20:18:00,35280.0,35453.0,35280.0,35453.0,10685.0
2024-01-04 20:19:00,35454.0,35454.0,35406.0,35411.0,9709.0
2024-01-04 20:20:00,35412.0,35413.0,35273.0,35304.0,6430.0
2024-01-04 20:21:00,35302.0,35466.0,35296.0,35464.0,17109.0
2024-01-04 20:22:00,35458.0,35472.0,35398.0,35427.0,4995.0
2024-01-04 20:23:00,35422.0,35636.0,35406.0,35607.0,9302.0
2024-01-04 20:24:00,35616.0,35744.0,35597.0,35715.0,8089.0
2024-01-04 20:25:00,35718.0,35724.0,35661.0,35670.0,5140.0
2024-01-04 20:26:00,35659.0,35701.0,35643.0,35683.0,11014.0
2024-01-04 20:27:00,35694.0,35716.0,35658.0,35659.0,20215.0
2024-01-04 20:28:00,35648.0,35666.0,35559.0,35594.0,7091.0
2024-01-04 20:29:00,35589.0,35603.0,35584.0,35589.0,10030.0
2024-01-04 20:30:00,35595.0,35838.0,35585.0,35807.0,4671.0
2024-01-04 20:31:00,35817.0,35963.0,35797.0,35933.0,10948.0
2024-01-04 20:32:00,35935.0,36175.0,35919.0,36156.0,14600.0
2024-01-04 20:33:00,36164.0,36185.0,36013.0,36035.0,12734.0
2024-01-04 20:34:00,36046.0,36082.0,36039.0,36054.0,8188.0
2024-01-04 20:35:00,36054.0,36075.0,35858.0,35891.0,17077.0
2024-01-04 20:36:00,35888.0,35925.0,35886.0,35918.0,6635.0
2024-01-04 20:37:00,35922.0,35937.0,35899.0,35919.0,8074.0
2024-01-04 20:38:00,35924.0,35945.0,35807.0,35838.0,12429.0
2024-01-04 20:39:00,35828.0,35844.0,35693.0,35726.0,18062.0
2024-01-04 20:40:00,35737.0,35843.0,35724.0,35810.0,21467.0
2024-01-04 20:41:00,35821.0,35840.0,35799.0,35810.0,15410.0
2024-01-04 20:42:00,35811.0,35857.0,35810.0,35848.0,18639.0
2024-01-04 20:43:00,35854.0,35985.0,35838.0,35959.0,16908.0
2024-01-04 20:44:00,35966.0,36095.0,35945.0,36090.0,10511.0
2024-01-04 20:45:00,36085.0,36410.0,36072.0,36385.0,18750.0
2024-01-04 20:46:00,36372.0,36383.0,36336.0,36365.0,5842.0
2024-01-04 20:47:00,36367.0,36463.0,36354.0,36458.0,6715.0
2024-01-04 20:48:00,36453.0,36474.0,36242.0,36249.0,16731.0
2024-01-04 20:49:00,36247.0,36251.0,36202.0,36234.0,13186.0
2024-01-04 20:50:00,36227.0,36394.0,36209.0,36370.0,22259.0
2024-01-04 20:51:00,36363.0,36477.0,36349.0,36450.0,9708.0
2024-01-04 20:52:00,36451.0,36676.0,36437.0,36654.0,12730.0
2024-01-04 20:53:00,36648.0,36656.0,36591.0,36597.0,20189.0
2024-01-04 20:54:00,36601.0,36619.0,36481.0,36501.0,16775.0
2024-01-04 20:55:00,36506.0,36534.0,36503.0,36520.0,17073.0
2024-01-04 20:56:00,36530.0,36546.0,36526.0,36533.0,21384.0
2024-01-04 20:57:00,36531.0,36650.0,36514.0,36621.0,17903.0
2024-01-04 20:58:00,36627.0,36648.0,36535.0,36559.0,11945.0
2024-01-04 20:59:00,36567.0,36778.0,36554.0,36768.0,16703.0
2024-01-04 21:00:00,36770.0,36914.0,36761.0,36909.0,22157.0
2024-01-04 21:01:00,36910.0,36925.0,36886.0,36888.0,15834.0
2024-01-04 21:02:00,36886.0,37020.0,36871.0,37005.0,18319.0
2024-01-04 21:03:00,37004.0,37081.0,36982.0,37060.0,11154.0
2024-01-04 21:04:00,37055.0,37065.0,36874.0,36899.0,7020.0
2024-01-04 21:05:00,36904.0,36945.0,36901.0,36931.0,9502.0
2024-01-04 21:06:00,36928.0,36933.0,36909.0,36930.0,6384.0
2024-01-04 21:07:00,36931.0,36973.0,36931.0,36949.0,9197.0
2024-01-04 21:08:00,36949.0,37083.0,36938.0,37069.0,7616.0
2024-01-04 21:09:00,37066.0,37071.0,37001.0,37018.0,11997.0
2024-01-04 21:10:00,37016.0,37130.0,37012.0,37108.0,15858.0
2024-01-04 21:11:00,37101.0,37329.0,37098.0,37320.0,10005.0
2024-01-04 21:12:00,37321.0,37332.0,37141.0,37166.0,21798.0
2024-01-04 21:13:00,37172.0,37254.0,37156.0,37219.0,6921.0
2024-01-04 21:14:00,37216.0,37337.0,37201.0,37300.0,6739.0
2024-01-04 21:15:00,37295.0,37433.0,37278.0,37425.0,13240.0
2024-01-04 21:16:00,37425.0,37536.0,37410.0,37507.0,8619.0
2024-01-04 21:17:00,37508.0,37593.0,37494.0,37581.0,15506.0
2024-01-04 21:18:00,37577.0,37713.0,37566.0,37706.0,11417.0
2024-01-04 21:19:00,37693.0,37703.0,37637.0,37673.0,12373.0
2024-01-04 21:20:00,37673.0,37680.0,37493.0,37504.0,7772.0
2024-01-04 21:21:00,37508.0,37518.0,37502.0,37516.0,9820.0
2024-01-04 21:22:00,37519.0,37526.0,37487.0,37513.0,19895.0
2024-01-04 21:23:00,37512.0,37520.0,37379.0,37383.0,8287.0
2024-01-04 21:24:00,37384.0,37387.0,37238.0,37251.0,19934.0
2024-01-04 21:25:00,37256.0,37404.0,37252.0,37390.0,15180.0
2024-01-04 21:26:00,37384.0,37398.0,37228.0,37259.0,8229.0
2024-01-04 21:27:00,37258.0,37402.0,37255.0,37385.0,19215.0
2024-01-04 21:28:00,37377.0,37396.0,37332.0,37350.0,8724.0
2024-01-04 21:29:00,37367.0,37380.0,37283.0,37288.0,5192.0
2024-01-04 21:30:00,37285.0,37302.0,37146.0,37150.0,13797.0
2024-01-04 21:31:00,37157.0,37226.0,37154.0,37205.0,15817.0
2024-01-04 21:32:00,37215.0,37227.0,36998.0,37014.0,13355.0
2024-01-04 21:33:00,37027.0,37049.0,36962.0,36990.0,9858.0
2024-01-04 21:34:00,37003.0,37024.0,36999.0,37019.0,20778.0
2024-01-04 21:35:00,37020.0,37084.0,37011.0,37072.0,20494.0
2024-01-04 21:36:00,37072.0,37094.0,37028.0,37061.0,17649.0
2024-01-04 21:37:00,37057.0,37077.0,36982.0,37018.0,19130.0
2024-01-04 21:38:00,37024.0,37085.0,37019.0,37079.0,4453.0
2024-01-04 21:39:00,37088.0,37104.0,36952.0,36989.0,12230.0
2024-01-04 21:40:00,36999.0,37068.0,36992.0,37041.0,5341.0
2024-01-04 21:41:00,37054.0,37107.0,37051.0,37099.0,13019.0
2024-01-04 21:42:00,37098.0,37103.0,36895.0,36914.0,21881.0
2024-01-04 21:43:00,36912.0,36924.0,36783.0,36789.0,58056.189040475205
2024-01-04 21:44:00,36797.0,36814.0,36768.0,36780.0,12385.0
2024-01-04 21:45:00,36791.0,36798.0,36649.0,36684.0,5812.0
2024-01-04 21:46:00,36686.0,36941.0,36684.0,36913.0,13338.0
2024-01-04 21:47:00,36897.0,36909.0,36747.0,36760.0,15974.0
2024-01-04 21:48:00,36769.0,36851.0,36769.0,36822.0,21123.0
2024-01-04 21:49:00,36814.0,37108.0,36811.0,37093.0,69155.4960888411
2024-01-04 21:50:00,37099.0,37117.0,37072.0,37098.0,20659.0
2024-01-04 21:51:00,37098.0,37113.0,36970.0,36989.0,13078.0
2024-01-04 21:52:00,36983.0,36992.0,36642.0,36665.0,21393.0
2024-01-04 21:53:00,36668.0,36728.0,36665.0,36726.0,7493.0
2024-01-04 21:54:00,36746.0,36764.0,36716.0,36723.0,18610.0
2024-01-04 21:55:00,36721.0,36826.0,36715.0,36815.0,15735.0
2024-01-04 21:56:00,36814.0,36846.0,36806.0,36821.0,9474.0
2024-01-04 21:57:00,36818.0,36818.0,36767.0,36782.0,4938.0
2024-01-04 21:58:00,36782.0,36810.0,36778.0,36786.0,14850.0
2024-01-04 21:59:00,36788.0,36856.0,36774.0,36829.0,12845.0
2024-01-04 22:00:00,36831.0,36846.0,36725.0,36758.0,9536.0
2024-01-04 22:01:00,36752.0,36848.0,36737.0,36815.0,3659.0
2024-01-04 22:02:00,36818.0,36918.0,36801.0,36910.0,7777.0
2024-01-04 22:03:00,36913.0,36925.0,36839.0,36857.0,3814.0
2024-01-04 22:04:00,36860.0,36900.0,36842.0,36867.0,3716.0
2024-01-04 22:05:00,36869.0,37008.0,36867.0,36987.0,2881.0
2024-01-04 22:06:00,36988.0,37090.0,36966.0,37057.0,2913.0
2024-01-04 22:07:00,37051.0,37072.0,36902.0,36928.0,9764.0
2024-01-04 22:08:00,36924.0,36936.0,36797.0,36808.0,9309.0
2024-01-04 22:09:00,36816.0,36876.0,36811.0,36855.0,12779.0
2024-01-04 22:10:00,36854.0,36893.0,36844.0,36877.0,8513.0
2024-01-04 22:11:00,36884.0,36901.0,36841.0,36846.0,5096.0
2024-01-04 22:12:00,36839.0,36924.0,36838.0,36891.0,2615.0
2024-01-04 22:13:00,36902.0,36915.0,36826.0,36855.0,11627.0
2024-01-04 22:14:00,36869.0,36873.0,36793.0,36815.0,12138.0
2024-01-04 22:15:00,36817.0,36824.0,36809.0,36823.0,12499.0
2024-01-04 22:16:00,36812.0,36961.0,36797.0,36931.0,8781.0
2024-01-04 22:17:00,36923.0,36924.0,36829.0,36857.0,11937.0
2024-01-04 22:18:00,36862.0,36970.0,36848.0,36953.0,4179.0
2024-01-04 22:19:00,36960.0,36972.0,36925.0,36931.0,2637.0
2024-01-04 22:20:00,36942.0,36956.0,36830.0,36853.0,6190.0
2024-01-04 22:21:00,36856.0,36898.0,36842.0,36881.0,9544.0
2024-01-04 22:22:00,36886.0,36890.0,36788.0,36820.0,11662.0
2024-01-04 22:23:00,36810.0,36871.0,36796.0,36862.0,9281.0
2024-01-04 22:24:00,36856.0,36869.0,36787.0,36821.0,12109.0
2024-01-04 22:25:00,36817.0,36832.0,36751.0,36766.0,10829.0
2024-01-04 22:26:00,36759.0,36770.0,36706.0,36737.0,2977.0
2024-01-04 22:27:00,36724.0,36737.0,36625.0,36637.0,11849.0
2024-01-04 22:28:00,36638.0,36647.0,36487.0,36523.0,4556.0
2024-01-04 22:29:00,36523.0,36544.0,36461.0,36465.0,3870.0
2024-01-04 22:30:00,36452.0,36484.0,36446.0,36470.0,4035.0
2024-01-04 22:31:00,36477.0,36494.0,36429.0,36448.0,9658.0
2024-01-04 22:32:00,36450.0,36459.0,36361.0,36371.0,6349.0
2024-01-04 22:33:00,36382.0,36395.0,36348.0,36360.0,12139.0
2024-01-04 22:34:00,36353.0,36360.0,36220.0,36241.0,14694.0
2024-01-04 22:35:00,36246.0,36358.0,36244.0,36328.0,9995.0
2024-01-04 22:36:00,36333.0,36346.0,36205.0,36228.0,14868.0
2024-01-04 22:37:00,36226.0,36238.0,36176.0,36202.0,4778.0
2024-01-04 22:38:00,36205.0,36275.0,36194.0,36239.0,10452.0
2024-01-04 22:39:00,36250.0,36321.0,36250.0,36318.0,9184.0
2024-01-04 22:40:00,36311.0,36314.0,36098.0,36133.0,12008.0
2024-01-04 22:41:00,36140.0,36193.0,36133.0,36161.0,7027.0
2024-01-04 22:42:00,36168.0,36185.0,36091.0,36110.0,12285.0
2024-01-04 22:43:00,36110.0,36129.0,36005.0,36030.0,14453.0
2024-01-04 22:44:00,36028.0,36090.0,36021.0,36074.0,4666.0
2024-01-04 22:45:00,36085.0,36286.0,36085.0,36275.0,4084.0
2024-01-04 22:46:00,36281.0,36379.0,36270.0,36346.0,9603.0
2024-01-04 22:47:00,36339.0,36356.0,36250.0,36256.0,13088.0
2024-01-04 22:48:00,36267.0,36320.0,36252.0,36300.0,11202.0
2024-01-04 22:49:00,36298.0,36310.0,36254.0,36291.0,4362.0
2024-01-04 22:50:00,36297.0,36303.0,36176.0,36192.0,7184.0
2024-01-04 22:51:00,36205.0,36213.0,36054.0,36062.0,3287.0
2024-01-04 22:52:00,36061.0,36081.0,36000.0,36029.0,13706.0
2024-01-04 22:53:00,36039.0,36045.0,35945.0,35977.0,12288.0
2024-01-04 22:54:00,35964.0,35985.0,35944.0,35972.0,4811.0
2024-01-04 22:55:00,35967.0,35986.0,35888.0,35903.0,10337.0
2024-01-04 22:56:00,35892.0,35959.0,35889.0,35937.0,6145.0
2024-01-04 22:57:00,35942.0,36118.0,35922.0,36101.0,14998.0
2024-01-04 22:58:00,36110.0,36184.0,36097.0,36182.0,11898.0
2024-01-04 22:59:00,36186.0,36199.0,36169.0,36184.0,8628.0
2024-01-04 23:00:00,36177.0,36345.0,36170.0,36326.0,13171.0
2024-01-04 23:01:00,36319.0,36331.0,36145.0,36166.0,11018.0
2024-01-04 23:02:00,36179.0,36183.0,36108.0,36138.0,8130.0
2024-01-04 23:03:00,36136.0,36143.0,36028.0,36061.0,13363.0
2024-01-04 23:04:00,36056.0,36069.0,35944.0,35950.0,3804.0
2024-01-04 23:05:00,35947.0,35962.0,35858.0,35872.0,12946.0
2024-01-04 23:06:00,35868.0,35873.0,35717.0,35736.0,6333.0
2024-01-04 23:07:00,35730.0,35908.0,35711.0,35905.0,11994.0
2024-01-04 23:08:00,35904.0,35998.0,35883.0,35975.0,5524.0
2024-01-04 23:09:00,35969.0,36056.0,35969.0,36038.0,5433.0
2024-01-04 23:10:00,36028.0,36041.0,36007.0,36008.0,3178.0
2024-01-04 23:11:00,36010.0,36017.0,35956.0,35969.0,9706.0
2024-01-04 23:12:00,35967.0,36050.0,35952.0,36028.0,13313.0
2024-01-04 23:13:00,36031.0,36053.0,35994.0,35998.0,8890.0
2024-01-04 23:14:00,36007.0,36014.0,35952.0,35981.0,9240.0
2024-01-04 23:15:00,35997.0,36007.0,35987.0,35991.0,12575.0
2024-01-04 23:16:00,35996.0,36065.0,35983.0,36043.0,13687.0
2024-01-04 23:17:00,36058.0,36156.0,36041.0,36143.0,13092.0
2024-01-04 23:18:00,36142.0,36153.0,36077.0,36099.0,10568.0
2024-01-04 23:19:00,36087.0,36159.0,36081.0,36139.0,14759.0
2024-01-04 23:20:00,36139.0,36159.0,36069.0,36104.0,11999.0
2024-01-04 23:21:00,36116.0,36117.0,36012.0,36043.0,8521.0
2024-01-04 23:22:00,36038.0,36071.0,36017.0,36063.0,4399.0
2024-01-04 23:23:00,36061.0,36065.0,35852.0,35886.0,11093.0
2024-01-04 23:24:00,35894.0,35957.0,35872.0,35935.0,8062.0
2024-01-04 23:25:00,35936.0,35948.0,35847.0,35862.0,7793.0
2024-01-04 23:26:00,35874.0,35983.0,35858.0,35960.0,8367.0
2024-01-04 23:27:00,35976.0,35985.0,35883.0,35884.0,14802.0
2024-01-04 23:28:00,35880.0,35999.0,35872.0,35985.0,11417.0
2024-01-04 23:29:00,35990.0,36004.0,35912.0,35917.0,8283.0
2024-01-04 23:30:00,35932.0,35990.0,35919.0,35959.0,9625.0
2024-01-04 23:31:00,35948.0,36084.0,35937.0,36053.0,3828.0
2024-01-04 23:32:00,36041.0,36056.0,36001.0,36016.0,3457.0
2024-01-04 23:33:00,35999.0,36028.0,35983.0,36002.0,9072.0
2024-01-04 23:34:00,36008.0,36089.0,35992.0,36078.0,14341.0
2024-01-04 23:35:00,36082.0,36091.0,36035.0,36058.0,9866.0
2024-01-04 23:36:00,36057.0,36071.0,35981.0,36010.0,11212.0
2024-01-04 23:37:00,36001.0,36016.0,35988.0,35989.0,2539.0
2024-01-04 23:38:00,35991.0,36043.0,35986.0,36035.0,10770.0
2024-01-04 23:39:00,36039.0,36270.0,36022.0,36235.0,14979.0
2024-01-04 23:40:00,36214.0,36216.0,35981.0,36009.0,3236.0
2024-01-04 23:41:00,36004.0,36009.0,35904.0,35908.0,5384.0
2024-01-04 23:42:00,35898.0,36053.0,35895.0,36027.0,5443.0
2024-01-04 23:43:00,36010.0,36193.0,35996.0,36167.0,5494.0
2024-01-04 23:44:00,36182.0,36195.0,36127.0,36145.0,6964.0
2024-01-04 23:45:00,36140.0,36151.0,36085.0,36101.0,10862.0
2024-01-04 23:46:00,36106.0,36114.0,36037.0,36038.0,12466.0
2024-01-04 23:47:00,36038.0,36044.0,36036.0,36040.0,8678.0
2024-01-04 23:48:00,36042.0,36044.0,35963.0,35985.0,7537.0
2024-01-04 23:49:00,35983.0,35996.0,35836.0,35868.0,14165.0
2024-01-04 23:50:00,35867.0,35883.0,35787.0,35822.0,12021.0
2024-01-04 23:51:00,35823.0,35830.0,35730.0,35750.0,4082.0
2024-01-04 23:52:00,35747.0,35759.0,35567.0,35583.0,10370.0
2024-01-04 23:53:00,35589.0,35608.0,35489.0,35521.0,5017.0
2024-01-04 23:54:00,35509.0,35525.0,35364.0,35388.0,5092.0
2024-01-04 23:55:00,35386.0,35406.0,35304.0,35319.0,10938.0
2024-01-04 23:56:00,35321.0,35393.0,35303.0,35360.0,8076.0
2024-01-04 23:57:00,35364.0,35401.0,35354.0,35399.0,14545.0
2024-01-04 23:58:00,35396.0,35401.0,35343.0,35370.0,6349.0
2024-01-04 23:59:00,35383.0,35398.0,35350.0,35380.0,9680.0
2024-01-05 00:00:00,35392.0,35411.0,35333.0,35341.0,6170.0
2024-01-05 00:01:00,35325.0,35473.0,35316.0,35453.0,5930.0
2024-01-05 00:02:00,35444.0,35462.0,35384.0,35396.0,5050.0
2024-01-05 00:03:00,35391.0,35489.0,35371.0,35475.0,4051.0
2024-01-05 00:04:00,35473.0,35511.0,35457.0,35492.0,14851.0
2024-01-05 00:05:00,35489.0,35562.0,35479.0,35533.0,13515.0
2024-01-05 00:06:00,35533.0,35547.0,35483.0,35497.0,7786.0
2024-01-05 00:07:00,35489.0,35547.0,35481.0,35527.0,6203.0
2024-01-05 00:08:00,35532.0,35593.0,35522.0,35558.0,8766.0
2024-01-05 00:09:00,35558.0,35568.0,35456.0,35481.0,13348.0
2024-01-05 00:10:00,35487.0,35503.0,35450.0,35459.0,5198.0
2024-01-05 00:11:00,35452.0,35454.0,35359.0,35386.0,12038.0
2024-01-05 00:12:00,35387.0,35433.0,35382.0,35402.0,14737.0
2024-01-05 00:13:00,35388.0,35398.0,35252.0,35278.0,4920.0
2024-01-05 00:14:00,35276.0,35282.0,35253.0,35266.0,8146.0
2024-01-05 00:15:00,35262.0,35289.0,35256.0,35287.0,3991.0
2024-01-05 00:16:00,35282.0,35332.0,35261.0,35300.0,14350.0
2024-01-05 00:17:00,35302.0,35493.0,35297.0,35460.0,13449.0
2024-01-05 00:18:00,35456.0,35477.0,35387.0,35411.0,7225.0
2024-01-05 00:19:00,35400.0,35422.0,35293.0,35309.0,14041.0
2024-01-05 00:20:00,35311.0,35475.0,35296.0,35456.0,6346.0
2024-01-05 00:21:00,35447.0,35456.0,35280.0,35303.0,13131.0
2024-01-05 00:22:00,35286.0,35340.0,35269.0,35331.0,7973.0
2024-01-05 00:23:00,35328.0,35422.0,35309.0,35401.0,6425.0
2024-01-05 00:24:00,35405.0,35458.0,35395.0,35452.0,9549.0
2024-01-05 00:25:00,35452.0,35470.0,35395.0,35407.0,8855.0
2024-01-05 00:26:00,35405.0,35424.0,35370.0,35394.0,10711.0
2024-01-05 00:27:00,35400.0,35447.0,35391.0,35417.0,7659.0
2024-01-05 00:28:00,35414.0,35489.0,35393.0,35457.0,12039.0
2024-01-05 00:29:00,35456.0,35553.0,35448.0,35535.0,7262.0
2024-01-05 00:30:00,35548.0,35680.0,35542.0,35671.0,13215.0
2024-01-05 00:31:00,35670.0,35688.0,35537.0,35569.0,12949.0
2024-01-05 00:32:00,35569.0,35605.0,35550.0,35577.0,5209.0
2024-01-05 00:33:00,35575.0,35595.0,35418.0,35451.0,6115.0
2024-01-05 00:34:00,35460.0,35461.0,35363.0,35377.0,13610.0
2024-01-05 00:35:00,35368.0,35386.0,35280.0,35295.0,7273.0
2024-01-05 00:36:00,35300.0,35314.0,35289.0,35293.0,11959.0
2024-01-05 00:37:00,35290.0,35303.0,35236.0,35258.0,5626.0
2024-01-05 00:38:00,35259.0,35275.0,35168.0,35186.0,10147.0
2024-01-05 00:39:00,35192.0,35213.0,35178.0,35193.0,12498.0
2024-01-05 00:40:00,35192.0,35288.0,35182.0,35268.0,9438.0
2024-01-05 00:41:00,35271.0,35304.0,35262.0,35273.0,12078.0
2024-01-05 00:42:00,35267.0,35343.0,35248.0,35338.0,4085.0
2024-01-05 00:43:00,35337.0,35456.0,35324.0,35434.0,11538.0
2024-01-05 00:44:00,35429.0,35437.0,35379.0,35383.0,13098.0
2024-01-05 00:45:00,35383.0,35493.0,35366.0,35480.0,6661.0
2024-01-05 00:46:00,35485.0,35564.0,35468.0,35529.0,2721.0
2024-01-05 00:47:00,35524.0,35526.0,35476.0,35485.0,9287.0
2024-01-05 00:48:00,35489.0,35606.0,35473.0,35584.0,6533.0
2024-01-05 00:49:00,35586.0,35612.0,35577.0,35610.0,4558.0
2024-01-05 00:50:00,35613.0,35659.0,35594.0,35640.0,9960.0
2024-01-05 00:51:00,35640.0,35677.0,35637.0,35658.0,5666.0
2024-01-05 00:52:00,35661.0,35695.0,35659.0,35674.0,10392.0
2024-01-05 00:53:00,35680.0,35692.0,35643.0,35673.0,12214.0
2024-01-05 00:54:00,35674.0,35690.0,35621.0,35635.0,3172.0
2024-01-05 00:55:00,35637.0,35765.0,35633.0,35738.0,13303.0
2024-01-05 00:56:00,35745.0,35780.0,35725.0,35771.0,3091.0
2024-01-05 00:57:00,35770.0,35795.0,35751.0,35776.0,13620.0
2024-01-05 00:58:00,35766.0,35779.0,35707.0,35742.0,10269.0
2024-01-05 00:59:00,35736.0,35805.0,35731.0,35773.0,9617.0
2024-01-05 01:00:00,35775.0,35799.0,35772.0,35783.0,7399.0
2024-01-05 01:01:00,35784.0,35857.0,35772.0,35831.0,11598.0
2024-01-05 01:02:00,35830.0,36010.0,35821.0,35990.0,8256.0
2024-01-05 01:03:00,35991.0,36117.0,35981.0,36099.0,3543.0
2024-01-05 01:04:00,36103.0,36143.0,36083.0,36116.0,2543.0
2024-01-05 01:05:00,36108.0,36126.0,36070.0,36082.0,9479.0
2024-01-05 01:06:00,36094.0,36096.0,36010.0,36037.0,14331.0
2024-01-05 01:07:00,36043.0,36124.0,36036.0,36096.0,10834.0
2024-01-05 01:08:00,36096.0,36105.0,36022.0,36049.0,8645.0
2024-01-05 01:09:00,36052.0,36218.0,36032.0,36199.0,5096.0
2024-01-05 01:10:00,36208.0,36277.0,36200.0,36248.0,2531.0
2024-01-05 01:11:00,36252.0,36268.0,36149.0,36166.0,4246.0
2024-01-05 01:12:00,36156.0,36365.0,36155.0,36348.0,7124.0
2024-01-05 01:13:00,36367.0,36385.0,36251.0,36285.0,9986.0
2024-01-05 01:14:00,36278.0,36365.0,36274.0,36355.0,4288.0
2024-01-05 01:15:00,36358.0,36458.0,36353.0,36430.0,2752.0
2024-01-05 01:16:00,36423.0,36444.0,36399.0,36412.0,13152.0
2024-01-05 01:17:00,36409.0,36480.0,36408.0,36448.0,13830.0
2024-01-05 01:18:00,36447.0,36515.0,36446.0,36499.0,14256.0
2024-01-05 01:19:00,36502.0,36535.0,36502.0,36518.0,5033.0
2024-01-05 01:20:00,36509.0,36522.0,36465.0,36476.0,7066.0
2024-01-05 01:21:00,36471.0,36485.0,36449.0,36458.0,8670.0
2024-01-05 01:22:00,36462.0,36470.0,36401.0,36437.0,5719.0
2024-01-05 01:23:00,36427.0,36532.0,36421.0,36500.0,4275.0
2024-01-05 01:24:00,36502.0,36523.0,36468.0,36496.0,12267.0
2024-01-05 01:25:00,36503.0,36508.0,36460.0,36492.0,13773.0
2024-01-05 01:26:00,36495.0,36568.0,36478.0,36554.0,3074.0
2024-01-05 01:27:00,36550.0,36555.0,36473.0,36496.0,11676.0
2024-01-05 01:28:00,36497.0,36507.0,36442.0,36467.0,11122.0
2024-01-05 01:29:00,36466.0,36529.0,36458.0,36504.0,5796.0
2024-01-05 01:30:00,36507.0,36517.0,36497.0,36513.0,8679.0
2024-01-05 01:31:00,36512.0,36531.0,36493.0,36497.0,5979.0
2024-01-05 01:32:00,36495.0,36620.0,36485.0,36600.0,9320.0
2024-01-05 01:33:00,36605.0,36615.0,36561.0,36563.0,7079.0
2024-01-05 01:34:00,36557.0,36558.0,36507.0,36541.0,12759.0
2024-01-05 01:35:00,36534.0,36556.0,36450.0,36463.0,12490.0
2024-01-05 01:36:00,36467.0,36695.0,36448.0,36670.0,9422.0
2024-01-05 01:37:00,36671.0,36691.0,36536.0,36558.0,10563.0
2024-01-05 01:38:00,36564.0,36571.0,36519.0,36528.0,3042.0
2024-01-05 01:39:00,36525.0,36578.0,36524.0,36549.0,8790.0
2024-01-05 01:40:00,36538.0,36552.0,36532.0,36544.0,10251.0
2024-01-05 01:41:00,36538.0,36569.0,36525.0,36567.0,12351.0
2024-01-05 01:42:00,36557.0,36592.0,36546.0,36591.0,12223.0
2024-01-05 01:43:00,36592.0,36620.0,36572.0,36601.0,9212.0
2024-01-05 01:44:00,36596.0,36614.0,36521.0,36547.0,14428.0
2024-01-05 01:45:00,36549.0,36637.0,36548.0,36610.0,12891.0
2024-01-05 01:46:00,36613.0,36631.0,36523.0,36553.0,5093.0
2024-01-05 01:47:00,36552.0,36650.0,36532.0,36628.0,10249.0
2024-01-05 01:48:00,36631.0,36718.0,36616.0,36703.0,11412.0
2024-01-05 01:49:00,36696.0,36759.0,36675.0,36754.0,4613.0
2024-01-05 01:50:00,36758.0,36786.0,36739.0,36784.0,4309.0
2024-01-05 01:51:00,36769.0,36840.0,36757.0,36831.0,5852.0
2024-01-05 01:52:00,36830.0,37015.0,36829.0,36997.0,2735.0
2024-01-05 01:53:00,37001.0,37165.0,36998.0,37147.0,7573.0
2024-01-05 01:54:00,37153.0,37160.0,37060.0,37066.0,13136.0
2024-01-05 01:55:00,37059.0,37075.0,37029.0,37038.0,14023.0
2024-01-05 01:56:00,37038.0,37166.0,37030.0,37146.0,10952.0
2024-01-05 01:57:00,37145.0,37209.0,37141.0,37177.0,6124.0
2024-01-05 01:58:00,37170.0,37410.0,37168.0,37401.0,4433.0
2024-01-05 01:59:00,37395.0,37480.0,37380.0,37449.0,5958.0
2024-01-05 02:00:00,37446.0,37466.0,37434.0,37441.0,3001.0
2024-01-05 02:01:00,37442.0,37462.0,37399.0,37431.0,6755.0
2024-01-05 02:02:00,37436.0,37554.0,37430.0,37517.0,9447.0
2024-01-05 02:03:00,37520.0,37653.0,37505.0,37649.0,13015.0
2024-01-05 02:04:00,37651.0,37665.0,37549.0,37573.0,13579.0
2024-01-05 02:05:00,37573.0,37585.0,37501.0,37525.0,8807.0
2024-01-05 02:06:00,37512.0,37521.0,37398.0,37402.0,13888.0
2024-01-05 02:07:00,37408.0,37415.0,37338.0,37357.0,7977.0
2024-01-05 02:08:00,37358.0,37420.0,37356.0,37410.0,6348.0
2024-01-05 02:09:00,37408.0,37413.0,37361.0,37388.0,9104.0
2024-01-05 02:10:00,37397.0,37502.0,37394.0,37467.0,9427.0
2024-01-05 02:11:00,37468.0,37510.0,37457.0,37494.0,2626.0
2024-01-05 02:12:00,37480.0,37501.0,37358.0,37371.0,11952.0
2024-01-05 02:13:00,37361.0,37382.0,37304.0,37307.0,14241.0
2024-01-05 02:14:00,37308.0,37326.0,37275.0,37307.0,6317.0
2024-01-05 02:15:00,37303.0,37305.0,37173.0,37198.0,13996.0
2024-01-05 02:16:00,37205.0,37242.0,37193.0,37228.0,7039.0
2024-01-05 02:17:00,37235.0,37245.0,37217.0,37222.0,4427.0
2024-01-05 02:18:00,37221.0,37237.0,37180.0,37183.0,11996.0
2024-01-05 02:19:00,37188.0,37246.0,37187.0,37228.0,2939.0
2024-01-05 02:20:00,37225.0,37322.0,37205.0,37305.0,7821.0
2024-01-05 02:21:00,37302.0,37347.0,37295.0,37322.0,14395.0
2024-01-05 02:22:00,37325.0,37331.0,37313.0,37320.0,12878.0
2024-01-05 02:23:00,37309.0,37314.0,37186.0,37222.0,11898.0
2024-01-05 02:24:00,37231.0,37337.0,37220.0,37310.0,10035.0
2024-01-05 02:25:00,37305.0,37315.0,37219.0,37244.0,9186.0
2024-01-05 02:26:00,37248.0,37327.0,37237.0,37291.0,7295.0
2024-01-05 02:27:00,37290.0,37435.0,37277.0,37407.0,4920.0
2024-01-05 02:28:00,37407.0,37418.0,37333.0,37350.0,12002.0
2024-01-05 02:29:00,37347.0,37350.0,37325.0,37333.0,11354.0
2024-01-05 02:30:00,37341.0,37402.0,37319.0,37369.0,9688.0
2024-01-05 02:31:00,37361.0,37381.0,37358.0,37359.0,12485.0
2024-01-05 02:32:00,37379.0,37587.0,37371.0,37552.0,6024.0
2024-01-05 02:33:00,37560.0,37578.0,37442.0,37472.0,12625.0
2024-01-05 02:34:00,37473.0,37555.0,37460.0,37536.0,5560.0
2024-01-05 02:35:00,37526.0,37536.0,37410.0,37447.0,14877.0
2024-01-05 02:36:00,37443.0,37475.0,37428.0,37446.0,8016.0
2024-01-05 02:37:00,37452.0,37462.0,37337.0,37367.0,13488.0
2024-01-05 02:38:00,37372.0,37388.0,37241.0,37278.0,8830.0
2024-01-05 02:39:00,37276.0,37289.0,37185.0,37190.0,7532.0
2024-01-05 02:40:00,37186.0,37246.0,37184.0,37225.0,11673.0
2024-01-05 02:41:00,37225.0,37362.0,37224.0,37331.0,5424.0
2024-01-05 02:42:00,37335.0,37345.0,37258.0,37285.0,10823.0
2024-01-05 02:43:00,37289.0,37307.0,37225.0,37245.0,10451.0
2024-01-05 02:44:00,37237.0,37260.0,37218.0,37239.0,3724.0
2024-01-05 02:45:00,37243.0,37264.0,37157.0,37167.0,10450.0
2024-01-05 02:46:00,37161.0,37175.0,37158.0,37162.0,13012.0
2024-01-05 02:47:00,37153.0,37154.0,36968.0,36972.0,5970.0
2024-01-05 02:48:00,36968.0,37068.0,36952.0,37045.0,14277.0
2024-01-05 02:49:00,37039.0,37113.0,37026.0,37084.0,14490.0
2024-01-05 02:50:00,37074.0,37097.0,37027.0,37040.0,9876.0
2024-01-05 02:51:00,37054.0,37096.0,37047.0,37091.0,6862.0
2024-01-05 02:52:00,37081.0,37084.0,37051.0,37071.0,7425.0
2024-01-05 02:53:00,37073.0,37103.0,37060.0,37074.0,7016.0
2024-01-05 02:54:00,37074.0,37080.0,36994.0,37022.0,5941.0
2024-01-05 02:55:00,37034.0,37052.0,36986.0,36998.0,6876.0
2024-01-05 02:56:00,37011.0,37031.0,36951.0,36957.0,5832.0
2024-01-05 02:57:00,36965.0,36981.0,36808.0,36832.0,14940.0
2024-01-05 02:58:00,36843.0,36948.0,36829.0,36926.0,14574.0
2024-01-05 02:59:00,36914.0,36987.0,36910.0,36951.0,12857.0
2024-01-05 03:00:00,36958.0,36969.0,36937.0,36951.0,5662.0
2024-01-05 03:01:00,36954.0,36972.0,36751.0,36780.0,9286.0
2024-01-05 03:02:00,36775.0,36879.0,36773.0,36867.0,7104.0
2024-01-05 03:03:00,36868.0,36872.0,36776.0,36798.0,4717.0
2024-01-05 03:04:00,36794.0,36928.0,36780.0,36904.0,13105.0
2024-01-05 03:05:00,36900.0,36920.0,36889.0,36919.0,5166.0
2024-01-05 03:06:00,36936.0,36993.0,36914.0,36964.0,11030.0
2024-01-05 03:07:00,36959.0,36973.0,36923.0,36937.0,8396.0
2024-01-05 03:08:00,36932.0,36952.0,36813.0,36818.0,13279.0
2024-01-05 03:09:00,36813.0,36833.0,36806.0,36807.0,7114.0
2024-01-05 03:10:00,36814.0,36871.0,36796.0,36848.0,7085.0
2024-01-05 03:11:00,36858.0,36987.0,36848.0,36976.0,14762.0
2024-01-05 03:12:00,36984.0,37066.0,36969.0,37038.0,5496.0
2024-01-05 03:13:00,37039.0,37051.0,36930.0,36965.0,2923.0
2024-01-05 03:14:00,36964.0,37062.0,36956.0,37038.0,12357.0
2024-01-05 03:15:00,37039.0,37047.0,37018.0,37042.0,8185.0
2024-01-05 03:16:00,37035.0,37052.0,37002.0,37033.0,12127.0
2024-01-05 03:17:00,37022.0,37081.0,37002.0,37051.0,3907.0
2024-01-05 03:18:00,37047.0,37114.0,37026.0,37090.0,9054.0
2024-01-05 03:19:00,37093.0,37107.0,36933.0,36955.0,7028.0
2024-01-05 03:20:00,36943.0,36945.0,36889.0,36900.0,12171.0
2024-01-05 03:21:00,36905.0,36921.0,36863.0,36877.0,7539.0
2024-01-05 03:22:00,36877.0,37046.0,36862.0,37015.0,3568.0
2024-01-05 03:23:00,37012.0,37111.0,36994.0,37078.0,9919.0
2024-01-05 03:24:00,37095.0,37117.0,36935.0,36957.0,14977.0
2024-01-05 03:25:00,36937.0,36974.0,36923.0,36963.0,4528.0
2024-01-05 03:26:00,36965.0,37178.0,36957.0,37152.0,5598.0
2024-01-05 03:27:00,37154.0,37155.0,37094.0,37094.0,5019.0
2024-01-05 03:28:00,37092.0,37098.0,37067.0,37076.0,8810.0
2024-01-05 03:29:00,37079.0,37163.0,37069.0,37126.0,9014.0
2024-01-05 03:30:00,37128.0,37142.0,37103.0,37113.0,11153.0
2024-01-05 03:31:00,37107.0,37132.0,37105.0,37129.0,8940.0
2024-01-05 03:32:00,37129.0,37135.0,37098.0,37122.0,12600.0
2024-01-05 03:33:00,37116.0,37157.0,37099.0,37128.0,6255.0
2024-01-05 03:34:00,37125.0,37196.0,37109.0,37180.0,3058.0
2024-01-05 03:35:00,37183.0,37198.0,37081.0,37097.0,5602.0
2024-01-05 03:36:00,37095.0,37112.0,37032.0,37039.0,8274.0
2024-01-05 03:37:00,37037.0,37059.0,36919.0,36948.0,13018.0
2024-01-05 03:38:00,36947.0,36962.0,36887.0,36893.0,12112.0
2024-01-05 03:39:00,36894.0,36905.0,36828.0,36853.0,10703.0
2024-01-05 03:40:00,36865.0,36911.0,36856.0,36910.0,12051.0
2024-01-05 03:41:00,36897.0,36900.0,36821.0,36839.0,9842.0
2024-01-05 03:42:00,36837.0,36924.0,36826.0,36921.0,9007.0
2024-01-05 03:43:00,36913.0,36928.0,36794.0,36804.0,8966.0
2024-01-05 03:44:00,36787.0,36794.0,36621.0,36628.0,10380.0
2024-01-05 03:45:00,36636.0,36764.0,36629.0,36739.0,2524.0
2024-01-05 03:46:00,36739.0,36753.0,36716.0,36733.0,57159.93055401789
2024-01-05 03:47:00,36727.0,36804.0,36711.0,36783.0,6797.0
2024-01-05 03:48:00,36795.0,36841.0,36775.0,36812.0,9876.0
2024-01-05 03:49:00,36812.0,36862.0,36799.0,36829.0,5795.0
2024-01-05 03:50:00,36819.0,36826.0,36767.0,36775.0,13832.0
2024-01-05 03:51:00,36775.0,36784.0,36682.0,36700.0,14709.0
2024-01-05 03:52:00,36685.0,36701.0,36577.0,36597.0,3036.0
2024-01-05 03:53:00,36602.0,36666.0,36584.0,36638.0,10905.0
2024-01-05 03:54:00,36639.0,36685.0,36638.0,36678.0,9967.0
2024-01-05 03:55:00,36672.0,36798.0,36651.0,36785.0,6445.0
2024-01-05 03:56:00,36790.0,36797.0,36757.0,36773.0,8157.0
2024-01-05 03:57:00,36759.0,36822.0,36738.0,36787.0,10365.0
2024-01-05 03:58:00,36798.0,36805.0,36791.0,36797.0,6732.0
2024-01-05 03:59:00,36797.0,36893.0,36787.0,36891.0,3210.0
2024-01-05 04:00:00,36884.0,36891.0,36763.0,36788.0,14652.0
2024-01-05 04:01:00,36802.0,36811.0,36745.0,36771.0,10840.0
2024-01-05 04:02:00,36775.0,36867.0,36755.0,36855.0,10746.0
2024-01-05 04:03:00,36856.0,36865.0,36814.0,36825.0,10532.0
2024-01-05 04:04:00,36824.0,37029.0,36821.0,37007.0,9168.0
2024-01-05 04:05:00,37001.0,37005.0,36801.0,36823.0,3351.0
2024-01-05 04:06:00,36822.0,36930.0,36819.0,36912.0,9779.0
2024-01-05 04:07:00,36905.0,36920.0,36834.0,36845.0,7538.0
2024-01-05 04:08:00,36847.0,36869.0,36837.0,36855.0,7394.0
2024-01-05 04:09:00,36862.0,36872.0,36728.0,36739.0,8534.0
2024-01-05 04:10:00,36741.0,36746.0,36617.0,36627.0,8054.0
2024-01-05 04:11:00,36619.0,36709.0,36612.0,36705.0,2581.0
2024-01-05 04:12:00,36715.0,36932.0,36712.0,36902.0,5841.0
2024-01-05 04:13:00,36907.0,36922.0,36873.0,36899.0,8317.0
2024-01-05 04:14:00,36909.0,36938.0,36904.0,36918.0,6561.0
2024-01-05 04:15:00,36911.0,36927.0,36880.0,36908.0,78970.57892681351
2024-01-05 04:16:00,36909.0,36944.0,36903.0,36931.0,23798.48965453167
2024-01-05 04:17:00,36935.0,36941.0,36870.0,36903.0,5141.0
2024-01-05 04:18:00,36895.0,36956.0,36875.0,36942.0,2910.0
2024-01-05 04:19:00,36934.0,36949.0,36898.0,36922.0,4523.0
2024-01-05 04:20:00,36930.0,36938.0,36892.0,36912.0,6188.0
2024-01-05 04:21:00,36908.0,37078.0,36893.0,37044.0,9797.0
2024-01-05 04:22:00,37040.0,37060.0,37034.0,37041.0,11573.0
2024-01-05 04:23:00,37036.0,37046.0,37011.0,37020.0,10757.0
2024-01-05 04:24:00,37016.0,37159.0,36998.0,37156.0,13239.0
2024-01-05 04:25:00,37138.0,37152.0,37053.0,37074.0,2604.0
2024-01-05 04:26:00,37063.0,37177.0,37041.0,37148.0,3101.0
2024-01-05 04:27:00,37151.0,37165.0,37105.0,37118.0,6930.0
2024-01-05 04:28:00,37120.0,37138.0,37059.0,37083.0,4106.0
2024-01-05 04:29:00,37069.0,37071.0,36986.0,37012.0,13181.0
2024-01-05 04:30:00,37011.0,37013.0,36940.0,36947.0,14799.0
2024-01-05 04:31:00,36955.0,37105.0,36942.0,37078.0,6026.0
2024-01-05 04:32:00,37084.0,37150.0,37076.0,37115.0,7786.0
2024-01-05 04:33:00,37120.0,37218.0,37103.0,37208.0,12586.0
2024-01-05 04:34:00,37220.0,37305.0,37216.0,37272.0,10471.0
2024-01-05 04:35:00,37281.0,37302.0,37258.0,37267.0,2697.0
2024-01-05 04:36:00,37260.0,37264.0,37191.0,37223.0,13749.0
2024-01-05 04:37:00,37221.0,37371.0,37216.0,37336.0,2735.0
2024-01-05 04:38:00,37343.0,37352.0,37317.0,37321.0,4122.0
2024-01-05 04:39:00,37313.0,37326.0,37265.0,37293.0,10851.0
2024-01-05 04:40:00,37292.0,37402.0,37287.0,37398.0,8952.0
2024-01-05 04:41:00,37406.0,37428.0,37309.0,37323.0,11335.0
2024-01-05 04:42:00,37331.0,37349.0,37222.0,37234.0,14458.0
2024-01-05 04:43:00,37222.0,37241.0,37089.0,37124.0,10294.0
2024-01-05 04:44:00,37127.0,37133.0,37013.0,37041.0,5748.0
2024-01-05 04:45:00,37041.0,37046.0,36990.0,36992.0,14573.0
2024-01-05 04:46:00,36986.0,37051.0,36976.0,37026.0,9279.0
2024-01-05 04:47:00,37041.0,37150.0,37024.0,37132.0,8543.0
2024-01-05 04:48:00,37138.0,37235.0,37118.0,37226.0,4533.0
2024-01-05 04:49:00,37219.0,37234.0,37113.0,37145.0,9410.0
2024-01-05 04:50:00,37131.0,37136.0,37047.0,37067.0,7435.0
2024-01-05 04:51:00,37071.0,37073.0,37002.0,37005.0,8292.0
2024-01-05 04:52:00,37009.0,37088.0,37005.0,37085.0,5131.0
2024-01-05 04:53:00,37085.0,37174.0,37068.0,37153.0,13640.0
2024-01-05 04:54:00,37150.0,37204.0,37141.0,37187.0,6871.0
2024-01-05 04:55:00,37184.0,37204.0,37034.0,37063.0,3240.0
2024-01-05 04:56:00,37065.0,37083.0,36984.0,37020.0,11049.0
2024-01-05 04:57:00,37036.0,37159.0,37036.0,37131.0,11334.0
2024-01-05 04:58:00,37133.0,37172.0,37123.0,37138.0,7119.0
2024-01-05 04:59:00,37132.0,37136.0,37112.0,37113.0,5860.0
2024-01-05 05:00:00,37108.0,37164.0,37092.0,37142.0,11817.0
2024-01-05 05:01:00,37142.0,37143.0,37029.0,37051.0,10085.0
2024-01-05 05:02:00,37062.0,37078.0,36998.0,37013.0,5247.0
2024-01-05 05:03:00,37014.0,37143.0,37000.0,37117.0,13638.0
2024-01-05 05:04:00,37117.0,37160.0,37105.0,37141.0,5351.0
2024-01-05 05:05:00,37147.0,37166.0,37062.0,37096.0,9831.0
2024-01-05 05:06:00,37095.0,37116.0,36906.0,36922.0,14900.0
2024-01-05 05:07:00,36929.0,36973.0,36925.0,36945.0,12043.0
2024-01-05 05:08:00,36938.0,36950.0,36829.0,36843.0,6403.0
2024-01-05 05:09:00,36847.0,36936.0,36841.0,36905.0,10642.0
2024-01-05 05:10:00,36890.0,36925.0,36873.0,36894.0,5997.0
2024-01-05 05:11:00,36895.0,36934.0,36877.0,36909.0,3794.0
2024-01-05 05:12:00,36900.0,36905.0,36835.0,36871.0,7467.0
2024-01-05 05:13:00,36859.0,36881.0,36779.0,36779.0,10678.0
2024-01-05 05:14:00,36781.0,36798.0,36591.0,36605.0,13128.0
2024-01-05 05:15:00,36608.0,36616.0,36541.0,36562.0,4777.0
2024-01-05 05:16:00,36553.0,36555.0,36529.0,36549.0,8474.0
2024-01-05 05:17:00,36545.0,36557.0,36507.0,36509.0,3089.0
2024-01-05 05:18:00,36504.0,36518.0,36470.0,36488.0,3751.0
2024-01-05 05:19:00,36482.0,36548.0,36465.0,36514.0,13323.0
2024-01-05 05:20:00,36518.0,36539.0,36512.0,36518.0,5832.0
2024-01-05 05:21:00,36522.0,36539.0,36448.0,36474.0,5322.0
2024-01-05 05:22:00,36477.0,36543.0,36470.0,36513.0,13830.0
2024-01-05 05:23:00,36511.0,36515.0,36432.0,36436.0,5807.0
2024-01-05 05:24:00,36444.0,36548.0,36426.0,36531.0,12234.0
2024-01-05 05:25:00,36540.0,36553.0,36473.0,36505.0,6614.0
2024-01-05 05:26:00,36512.0,36523.0,36389.0,36404.0,12617.0
2024-01-05 05:27:00,36413.0,36519.0,36407.0,36488.0,4539.0
2024-01-05 05:28:00,36502.0,36520.0,36453.0,36476.0,8982.0
2024-01-05 05:29:00,36487.0,36530.0,36468.0,36525.0,14850.0
2024-01-05 05:30:00,36525.0,36542.0,36454.0,36459.0,11934.0
2024-01-05 05:31:00,36459.0,36473.0,36401.0,36410.0,5478.0
2024-01-05 05:32:00,36404.0,36419.0,36318.0,36350.0,3065.0
2024-01-05 05:33:00,36343.0,36351.0,36307.0,36337.0,14348.0
2024-01-05 05:34:00,36338.0,36355.0,36161.0,36186.0,13179.0
2024-01-05 05:35:00,36178.0,36235.0,36170.0,36222.0,6613.0
2024-01-05 05:36:00,36217.0,36220.0,36188.0,36189.0,14765.0
2024-01-05 05:37:00,36194.0,36213.0,36134.0,36163.0,8066.0
2024-01-05 05:38:00,36164.0,36184.0,36144.0,36167.0,5821.0
2024-01-05 05:39:00,36171.0,36186.0,36043.0,36048.0,6274.0
2024-01-05 05:40:00,36048.0,36183.0,36035.0,36164.0,8480.0
2024-01-05 05:41:00,36174.0,36240.0,36166.0,36230.0,8459.0
2024-01-05 05:42:00,36223.0,36299.0,36217.0,36280.0,11945.0
2024-01-05 05:43:00,36284.0,36292.0,36119.0,36155.0,5500.0
2024-01-05 05:44:00,36152.0,36170.0,36093.0,36097.0,12464.0
2024-01-05 05:45:00,36095.0,36187.0,36083.0,36161.0,3073.0
2024-01-05 05:46:00,36164.0,36173.0,36136.0,36140.0,13794.0
2024-01-05 05:47:00,36128.0,36262.0,36122.0,36238.0,3897.0
2024-01-05 05:48:00,36234.0,36335.0,36217.0,36300.0,6786.0
2024-01-05 05:49:00,36296.0,36390.0,36279.0,36376.0,9160.0
2024-01-05 05:50:00,36376.0,36384.0,36343.0,36370.0,8202.0
2024-01-05 05:51:00,36374.0,36514.0,36358.0,36502.0,3694.0
2024-01-05 05:52:00,36494.0,36509.0,36402.0,36431.0,10295.0
2024-01-05 05:53:00,36422.0,36561.0,36405.0,36544.0,6440.0
2024-01-05 05:54:00,36549.0,36554.0,36494.0,36511.0,9653.0
2024-01-05 05:55:00,36505.0,36561.0,36501.0,36561.0,13652.0
2024-01-05 05:56:00,36550.0,36695.0,36534.0,36662.0,11864.0
2024-01-05 05:57:00,36650.0,36660.0,36541.0,36575.0,14881.0
2024-01-05 05:58:00,36582.0,36585.0,36539.0,36555.0,8669.0
2024-01-05 05:59:00,36549.0,36625.0,36544.0,36592.0,14692.0
2024-01-05 06:00:00,36584.0,36603.0,36506.0,36538.0,2785.0
2024-01-05 06:01:00,36531.0,36658.0,36528.0,36658.0,14694.0
2024-01-05 06:02:00,36654.0,36668.0,36546.0,36551.0,3312.0
2024-01-05 06:03:00,36558.0,36585.0,36555.0,36560.0,5883.0
2024-01-05 06:04:00,36562.0,36721.0,36549.0,36699.0,10709.0
2024-01-05 06:05:00,36712.0,36734.0,36525.0,36554.0,2626.0
2024-01-05 06:06:00,36555.0,36569.0,36523.0,36524.0,6223.0
2024-01-05 06:07:00,36520.0,36538.0,36434.0,36463.0,2730.0
2024-01-05 06:08:00,36463.0,36483.0,36406.0,36437.0,6063.0
2024-01-05 06:09:00,36436.0,36452.0,36357.0,36373.0,4879.0
2024-01-05 06:10:00,36376.0,36485.0,36372.0,36471.0,4080.0
2024-01-05 06:11:00,36476.0,36487.0,36449.0,36451.0,4490.0
2024-01-05 06:12:00,36454.0,36541.0,36445.0,36517.0,7883.0
2024-01-05 06:13:00,36516.0,36569.0,36513.0,36554.0,14234.0
2024-01-05 06:14:00,36544.0,36610.0,36540.0,36581.0,12777.0
2024-01-05 06:15:00,36590.0,36603.0,36457.0,36473.0,11948.0
2024-01-05 06:16:00,36471.0,36489.0,36372.0,36386.0,12431.0
2024-01-05 06:17:00,36384.0,36395.0,36338.0,36347.0,11731.0
2024-01-05 06:18:00,36347.0,36385.0,36329.0,36351.0,7721.0
2024-01-05 06:19:00,36355.0,36376.0,36189.0,36220.0,14287.0
2024-01-05 06:20:00,36228.0,36296.0,36222.0,36278.0,6176.0
2024-01-05 06:21:00,36269.0,36279.0,36119.0,36135.0,12325.0
2024-01-05 06:22:00,36121.0,36133.0,36100.0,36103.0,8529.0
2024-01-05 06:23:00,36110.0,36149.0,36108.0,36115.0,12246.0
2024-01-05 06:24:00,36123.0,36159.0,36108.0,36129.0,6386.0
2024-01-05 06:25:00,36123.0,36171.0,36122.0,36150.0,7593.0
2024-01-05 06:26:00,36162.0,36210.0,36157.0,36203.0,3695.0
2024-01-05 06:27:00,36187.0,36306.0,36169.0,36306.0,11080.0
2024-01-05 06:28:00,36317.0,36336.0,36206.0,36216.0,9748.0
2024-01-05 06:29:00,36214.0,36226.0,36111.0,36135.0,8918.0
2024-01-05 06:30:00,36131.0,36142.0,36061.0,36073.0,14533.0
2024-01-05 06:31:00,36069.0,36078.0,35990.0,36007.0,13710.0
2024-01-05 06:32:00,36010.0,36016.0,35971.0,35973.0,3004.0
2024-01-05 06:33:00,35968.0,36029.0,35954.0,36003.0,13390.0
2024-01-05 06:34:00,36002.0,36039.0,35991.0,36028.0,10892.0
2024-01-05 06:35:00,36027.0,36138.0,36022.0,36112.0,5999.0
2024-01-05 06:36:00,36113.0,36133.0,36039.0,36045.0,13713.0
2024-01-05 06:37:00,36050.0,36086.0,36039.0,36058.0,11805.0
2024-01-05 06:38:00,36059.0,36128.0,36041.0,36126.0,7728.0
2024-01-05 06:39:00,36137.0,36138.0,36095.0,36112.0,12300.0
2024-01-05 06:40:00,36116.0,36216.0,36112.0,36203.0,8893.0
2024-01-05 06:41:00,36210.0,36260.0,36203.0,36242.0,14503.0
2024-01-05 06:42:00,36253.0,36263.0,36221.0,36222.0,7822.0
2024-01-05 06:43:00,36208.0,36287.0,36204.0,36265.0,6239.0
2024-01-05 06:44:00,36269.0,36284.0,36176.0,36207.0,5106.0
2024-01-05 06:45:00,36192.0,36206.0,36052.0,36062.0,7714.0
2024-01-05 06:46:00,36070.0,36115.0,36049.0,36096.0,10646.0
2024-01-05 06:47:00,36081.0,36127.0,36066.0,36118.0,8978.0
2024-01-05 06:48:00,36110.0,36127.0,36070.0,36100.0,9512.0
2024-01-05 06:49:00,36102.0,36206.0,36097.0,36185.0,6746.0
2024-01-05 06:50:00,36176.0,36203.0,36156.0,36198.0,4652.0
2024-01-05 06:51:00,36212.0,36230.0,36097.0,36128.0,2896.0
2024-01-05 06:52:00,36138.0,36249.0,36133.0,36215.0,9309.0
2024-01-05 06:53:00,36209.0,36222.0,36150.0,36180.0,8747.0
2024-01-05 06:54:00,36168.0,36168.0,36089.0,36109.0,11284.0
2024-01-05 06:55:00,36110.0,36219.0,36106.0,36195.0,10014.0
2024-01-05 06:56:00,36192.0,36200.0,36190.0,36192.0,3226.0
2024-01-05 06:57:00,36197.0,36200.0,36135.0,36164.0,9402.0
2024-01-05 06:58:00,36160.0,36176.0,36064.0,36098.0,13742.0
2024-01-05 06:59:00,36095.0,36130.0,36078.0,36120.0,9782.0
2024-01-05 07:00:00,36130.0,36146.0,36093.0,36128.0,10743.0
2024-01-05 07:01:00,36114.0,36135.0,36004.0,36038.0,13040.0
2024-01-05 07:02:00,36043.0,36097.0,36032.0,36088.0,14515.0
2024-01-05 07:03:00,36093.0,36179.0,36079.0,36156.0,9200.0
2024-01-05 07:04:00,36148.0,36159.0,36120.0,36146.0,14374.0
2024-01-05 07:05:00,36130.0,36131.0,36072.0,36092.0,4819.0
2024-01-05 07:06:00,36070.0,36103.0,36049.0,36096.0,5150.0
2024-01-05 07:07:00,36102.0,36158.0,36100.0,36138.0,5203.0
2024-01-05 07:08:00,36137.0,36168.0,36121.0,36146.0,3196.0
2024-01-05 07:09:00,36164.0,36174.0,36111.0,36135.0,13471.0
2024-01-05 07:10:00,36126.0,36176.0,36125.0,36156.0,10504.0
2024-01-05 07:11:00,36157.0,36232.0,36143.0,36207.0,13835.0
2024-01-05 07:12:00,36208.0,36223.0,36087.0,36106.0,3132.0
2024-01-05 07:13:00,36103.0,36156.0,36097.0,36138.0,9886.0
2024-01-05 07:14:00,36137.0,36213.0,36131.0,36178.0,7218.0
2024-01-05 07:15:00,36190.0,36209.0,36056.0,36057.0,9018.0
2024-01-05 07:16:00,36052.0,36106.0,36040.0,36106.0,13589.0
2024-01-05 07:17:00,36112.0,36120.0,36029.0,36055.0,13369.0
2024-01-05 07:18:00,36052.0,36069.0,35955.0,35971.0,3390.0
2024-01-05 07:19:00,35967.0,36070.0,35952.0,36036.0,6243.0
2024-01-05 07:20:00,36037.0,36058.0,35893.0,35921.0,13229.0
2024-01-05 07:21:00,35912.0,35930.0,35874.0,35883.0,14999.0
2024-01-05 07:22:00,35888.0,35981.0,35878.0,35960.0,13493.0
2024-01-05 07:23:00,35967.0,35998.0,35952.0,35987.0,3281.0
2024-01-05 07:24:00,35991.0,36025.0,35975.0,36021.0,7616.0
2024-01-05 07:25:00,36030.0,36039.0,35965.0,35991.0,7656.0
2024-01-05 07:26:00,35994.0,36009.0,35863.0,35877.0,9403.0
2024-01-05 07:27:00,35870.0,35887.0,35811.0,35819.0,12331.0
2024-01-05 07:28:00,35818.0,35856.0,35812.0,35829.0,11866.0
2024-01-05 07:29:00,35837.0,35910.0,35828.0,35880.0,2920.0
2024-01-05 07:30:00,35881.0,36008.0,35862.0,35981.0,10607.0
2024-01-05 07:31:00,35984.0,35995.0,35962.0,35978.0,10298.0
2024-01-05 07:32:00,35978.0,35994.0,35866.0,35902.0,13936.0
2024-01-05 07:33:00,35887.0,35960.0,35886.0,35960.0,12390.0
2024-01-05 07:34:00,35952.0,35962.0,35913.0,35920.0,7137.0
2024-01-05 07:35:00,35930.0,35932.0,35845.0,35867.0,10142.0
2024-01-05 07:36:00,35868.0,35896.0,35848.0,35889.0,7866.0
2024-01-05 07:37:00,35886.0,35895.0,35848.0,35854.0,5339.0
2024-01-05 07:38:00,35868.0,36017.0,35857.0,36010.0,10349.0
2024-01-05 07:39:00,36018.0,36047.0,36005.0,36037.0,12398.0
2024-01-05 07:40:00,36031.0,36046.0,35999.0,36021.0,12243.0
2024-01-05 07:41:00,36014.0,36047.0,35997.0,36025.0,2798.0
2024-01-05 07:42:00,36021.0,36036.0,35960.0,35987.0,10752.0
2024-01-05 07:43:00,35981.0,36002.0,35892.0,35896.0,7005.0
2024-01-05 07:44:00,35886.0,35901.0,35838.0,35858.0,10908.0
2024-01-05 07:45:00,35848.0,35938.0,35837.0,35902.0,2696.0
2024-01-05 07:46:00,35895.0,36082.0,35889.0,36073.0,14944.0
2024-01-05 07:47:00,36083.0,36101.0,36069.0,36097.0,3066.0
2024-01-05 07:48:00,36106.0,36109.0,36031.0,36060.0,10933.0
2024-01-05 07:49:00,36065.0,36102.0,36047.0,36078.0,6969.0
2024-01-05 07:50:00,36083.0,36178.0,36063.0,36159.0,3773.0
2024-01-05 07:51:00,36157.0,36177.0,36058.0,36092.0,14312.0
2024-01-05 07:52:00,36109.0,36170.0,36101.0,36153.0,11025.0
2024-01-05 07:53:00,36140.0,36269.0,36127.0,36240.0,3784.0
2024-01-05 07:54:00,36240.0,36385.0,36239.0,36365.0,8141.0
2024-01-05 07:55:00,36352.0,36456.0,36331.0,36435.0,9465.0
2024-01-05 07:56:00,36437.0,36447.0,36247.0,36282.0,9790.0
2024-01-05 07:57:00,36288.0,36358.0,36279.0,36329.0,11590.0
2024-01-05 07:58:00,36337.0,36385.0,36317.0,36349.0,11986.0
2024-01-05 07:59:00,36349.0,36383.0,36332.0,36363.0,5371.0
2024-01-05 08:00:00,36364.0,36367.0,36332.0,36337.0,15449.0
2024-01-05 08:01:00,36331.0,36350.0,36209.0,36211.0,14639.0
2024-01-05 08:02:00,36208.0,36211.0,36146.0,36153.0,15877.0
2024-01-05 08:03:00,36152.0,36351.0,36148.0,36349.0,15652.0
2024-01-05 08:04:00,36350.0,36521.0,36337.0,36503.0,5436.0
2024-01-05 08:05:00,36498.0,36499.0,36330.0,36351.0,6167.0
2024-01-05 08:06:00,36349.0,36362.0,36207.0,36216.0,9559.0
2024-01-05 08:07:00,36223.0,36244.0,36188.0,36193.0,15730.0
2024-01-05 08:08:00,36195.0,36212.0,36139.0,36164.0,21103.0
2024-01-05 08:09:00,36153.0,36471.0,36151.0,36458.0,15429.0
2024-01-05 08:10:00,36459.0,36462.0,36310.0,36312.0,17870.0
2024-01-05 08:11:00,36327.0,36592.0,36308.0,36564.0,17005.0
2024-01-05 08:12:00,36554.0,36568.0,36494.0,36517.0,21941.0
2024-01-05 08:13:00,36506.0,36655.0,36503.0,36619.0,13402.0
2024-01-05 08:14:00,36614.0,36653.0,36606.0,36632.0,11603.0
2024-01-05 08:15:00,36634.0,36645.0,36530.0,36560.0,16072.0
2024-01-05 08:16:00,36552.0,36570.0,36415.0,36435.0,14205.0
2024-01-05 08:17:00,36429.0,36439.0,36322.0,36357.0,20399.0
2024-01-05 08:18:00,36355.0,36462.0,36348.0,36444.0,4284.0
2024-01-05 08:19:00,36446.0,36453.0,36335.0,36362.0,18946.0
2024-01-05 08:20:00,36365.0,36376.0,36227.0,36246.0,10969.0
2024-01-05 08:21:00,36243.0,36262.0,36232.0,36252.0,12356.0
2024-01-05 08:22:00,36257.0,36280.0,36245.0,36263.0,10426.0
2024-01-05 08:23:00,36264.0,36284.0,36244.0,36274.0,7179.0
2024-01-05 08:24:00,36278.0,36298.0,36264.0,36274.0,12410.0
2024-01-05 08:25:00,36277.0,36279.0,36090.0,36109.0,18260.0
2024-01-05 08:26:00,36107.0,36113.0,35955.0,35982.0,5937.0
2024-01-05 08:27:00,35983.0,35995.0,35909.0,35925.0,22382.0
2024-01-05 08:28:00,35919.0,35954.0,35917.0,35932.0,6450.0
2024-01-05 08:29:00,35934.0,35950.0,35759.0,35790.0,11513.0
2024-01-05 08:30:00,35797.0,35883.0,35789.0,35862.0,10016.0
2024-01-05 08:31:00,35872.0,35982.0,35860.0,35973.0,7805.0
2024-01-05 08:32:00,35970.0,35978.0,35869.0,35876.0,16790.0
2024-01-05 08:33:00,35873.0,35882.0,35726.0,35727.0,18928.0
2024-01-05 08:34:00,35724.0,35831.0,35706.0,35812.0,9839.0
2024-01-05 08:35:00,35824.0,35827.0,35736.0,35769.0,18384.0
2024-01-05 08:36:00,35775.0,36016.0,35757.0,35981.0,12564.0
2024-01-05 08:37:00,35994.0,36023.0,35983.0,36019.0,12133.0
2024-01-05 08:38:00,36020.0,36117.0,36001.0,36095.0,19397.0
2024-01-05 08:39:00,36111.0,36132.0,36096.0,36121.0,12491.0
2024-01-05 08:40:00,36125.0,36138.0,35924.0,35958.0,9377.0
2024-01-05 08:41:00,35954.0,35958.0,35901.0,35905.0,6821.0
2024-01-05 08:42:00,35900.0,35910.0,35869.0,35883.0,3858.0
2024-01-05 08:43:00,35872.0,35887.0,35754.0,35779.0,7000.0
2024-01-05 08:44:00,35784.0,35891.0,35772.0,35863.0,4601.0
2024-01-05 08:45:00,35850.0,35864.0,35750.0,35772.0,16589.0
2024-01-05 08:46:00,35763.0,35769.0,35741.0,35744.0,14868.0
2024-01-05 08:47:00,35739.0,35744.0,35669.0,35701.0,4344.0
2024-01-05 08:48:00,35693.0,35711.0,35684.0,35698.0,19276.0
2024-01-05 08:49:00,35699.0,35714.0,35627.0,35657.0,17104.0
2024-01-05 08:50:00,35647.0,35790.0,35644.0,35761.0,17295.0
2024-01-05 08:51:00,35757.0,35777.0,35563.0,35594.0,6976.0
2024-01-05 08:52:00,35595.0,35649.0,35578.0,35645.0,9794.0
2024-01-05 08:53:00,35634.0,35646.0,35582.0,35616.0,14801.0
2024-01-05 08:54:00,35607.0,35626.0,35559.0,35566.0,8650.0
2024-01-05 08:55:00,35548.0,35563.0,35379.0,35409.0,21129.0
2024-01-05 08:56:00,35405.0,35417.0,35388.0,35412.0,21466.0
2024-01-05 08:57:00,35413.0,35633.0,35402.0,35626.0,21817.0
2024-01-05 08:58:00,35620.0,35710.0,35620.0,35680.0,6050.0
2024-01-05 08:59:00,35667.0,35781.0,35667.0,35771.0,18954.0
2024-01-05 09:00:00,35770.0,35776.0,35572.0,35587.0,14944.0
2024-01-05 09:01:00,35578.0,35593.0,35318.0,35335.0,7828.0
2024-01-05 09:02:00,35335.0,35535.0,35327.0,35501.0,4285.0
2024-01-05 09:03:00,35496.0,35550.0,35479.0,35525.0,9109.0
2024-01-05 09:04:00,35520.0,35520.0,35462.0,35487.0,17307.0
2024-01-05 09:05:00,35490.0,35542.0,35486.0,35507.0,7021.0
2024-01-05 09:06:00,35521.0,35524.0,35465.0,35497.0,21544.0
2024-01-05 09:07:00,35482.0,35575.0,35479.0,35569.0,16276.0
2024-01-05 09:08:00,35561.0,35599.0,35559.0,35582.0,5385.0
2024-01-05 09:09:00,35578.0,35636.0,35572.0,35622.0,6923.0
2024-01-05 09:10:00,35626.0,35638.0,35531.0,35566.0,15315.0
2024-01-05 09:11:00,35562.0,35571.0,35510.0,35538.0,9305.0
2024-01-05 09:12:00,35543.0,35649.0,35540.0,35638.0,4604.0
2024-01-05 09:13:00,35648.0,35653.0,35570.0,35571.0,7111.0
2024-01-05 09:14:00,35571.0,35742.0,35568.0,35738.0,9895.0
2024-01-05 09:15:00,35745.0,35794.0,35733.0,35783.0,21088.0
2024-01-05 09:16:00,35781.0,35783.0,35750.0,35777.0,15488.0
2024-01-05 09:17:00,35780.0,35788.0,35625.0,35650.0,21543.0
2024-01-05 09:18:00,35649.0,35697.0,35648.0,35686.0,14389.0
2024-01-05 09:19:00,35701.0,35722.0,35700.0,35701.0,6253.0
2024-01-05 09:20:00,35695.0,35697.0,35671.0,35688.0,6284.0
2024-01-05 09:21:00,35688.0,35806.0,35668.0,35778.0,11023.0
2024-01-05 09:22:00,35773.0,35778.0,35769.0,35775.0,7317.0
2024-01-05 09:23:00,35780.0,35794.0,35759.0,35765.0,14331.0
2024-01-05 09:24:00,35762.0,35771.0,35716.0,35735.0,18675.0
2024-01-05 09:25:00,35730.0,35739.0,35516.0,35520.0,6332.0
2024-01-05 09:26:00,35519.0,35522.0,35454.0,35482.0,22409.0
2024-01-05 09:27:00,35485.0,35497.0,35353.0,35357.0,14371.0
2024-01-05 09:28:00,35358.0,35421.0,35356.0,35407.0,3806.0
2024-01-05 09:29:00,35414.0,35421.0,35383.0,35413.0,22022.0
2024-01-05 09:30:00,35417.0,35582.0,35413.0,35553.0,9544.0
2024-01-05 09:31:00,35558.0,35608.0,35537.0,35606.0,18181.0
2024-01-05 09:32:00,35605.0,35619.0,35424.0,35426.0,15231.0
2024-01-05 09:33:00,35421.0,35435.0,35340.0,35366.0,18026.612562666167
2024-01-05 09:34:00,35358.0,35382.0,35346.0,35373.0,8307.0
2024-01-05 09:35:00,35369.0,35674.0,35358.0,35639.0,15168.0
2024-01-05 09:36:00,35643.0,35697.0,35637.0,35689.0,6150.0
2024-01-05 09:37:00,35693.0,35705.0,35628.0,35653.0,20294.0
2024-01-05 09:38:00,35649.0,35731.0,35647.0,35700.0,14214.0
2024-01-05 09:39:00,35708.0,35723.0,35534.0,35567.0,13089.0
2024-01-05 09:40:00,35581.0,35676.0,35562.0,35652.0,6293.0
2024-01-05 09:41:00,35649.0,35662.0,35625.0,35642.0,7946.0
2024-01-05 09:42:00,35649.0,36070.0,35648.0,36036.0,15965.0
2024-01-05 09:43:00,36040.0,36058.0,35968.0,35971.0,13546.0
2024-01-05 09:44:00,35966.0,36212.0,35954.0,36185.0,5284.0
2024-01-05 09:45:00,36192.0,36225.0,36183.0,36201.0,4068.0
2024-01-05 09:46:00,36197.0,36339.0,36181.0,36319.0,19762.0
2024-01-05 09:47:00,36325.0,36369.0,36307.0,36339.0,20387.0
2024-01-05 09:48:00,36340.0,36368.0,36338.0,36363.0,20651.0
2024-01-05 09:49:00,36373.0,36388.0,36256.0,36285.0,11739.0
2024-01-05 09:50:00,36287.0,36293.0,36180.0,36190.0,7400.0
2024-01-05 09:51:00,36191.0,36208.0,36137.0,36171.0,14848.0
2024-01-05 09:52:00,36156.0,36162.0,36033.0,36044.0,22074.0
2024-01-05 09:53:00,36046.0,36134.0,36043.0,36113.0,13773.0
2024-01-05 09:54:00,36117.0,36118.0,35989.0,35995.0,19940.0
2024-01-05 09:55:00,35993.0,36003.0,35919.0,35927.0,5764.0
2024-01-05 09:56:00,35918.0,35939.0,35864.0,35900.0,11301.0
2024-01-05 09:57:00,35900.0,35910.0,35880.0,35899.0,15121.0
2024-01-05 09:58:00,35900.0,35915.0,35766.0,35770.0,16775.0
2024-01-05 09:59:00,35768.0,35771.0,35680.0,35700.0,16672.0
2024-01-05 10:00:00,35700.0,35759.0,35678.0,35742.0,12971.0
2024-01-05 10:01:00,35728.0,35743.0,35428.0,35446.0,16928.0
2024-01-05 10:02:00,35448.0,35466.0,35310.0,35344.0,7709.0
2024-01-05 10:03:00,35341.0,35398.0,35322.0,35393.0,18721.0
2024-01-05 10:04:00,35389.0,35396.0,35277.0,35311.0,21333.0
2024-01-05 10:05:00,35309.0,35328.0,35293.0,35310.0,17029.0
2024-01-05 10:06:00,35316.0,35608.0,35311.0,35575.0,4078.0
2024-01-05 10:07:00,35568.0,35571.0,35561.0,35565.0,19614.0
2024-01-05 10:08:00,35568.0,35579.0,35481.0,35515.0,13149.0
2024-01-05 10:09:00,35523.0,35539.0,35424.0,35442.0,13779.0
2024-01-05 10:10:00,35439.0,35459.0,35411.0,35439.0,19035.0
2024-01-05 10:11:00,35442.0,35548.0,35441.0,35543.0,8080.0
2024-01-05 10:12:00,35548.0,35691.0,35538.0,35659.0,12854.0
2024-01-05 10:13:00,35655.0,35656.0,35554.0,35568.0,21152.0
2024-01-05 10:14:00,35582.0,35584.0,35413.0,35445.0,15839.0
2024-01-05 10:15:00,35447.0,35575.0,35437.0,35573.0,6456.0
2024-01-05 10:16:00,35562.0,35580.0,35532.0,35552.0,11259.0
2024-01-05 10:17:00,35551.0,35623.0,35544.0,35613.0,15258.0
2024-01-05 10:18:00,35611.0,35647.0,35599.0,35614.0,9444.0
2024-01-05 10:19:00,35606.0,35719.0,35587.0,35690.0,15258.0
2024-01-05 10:20:00,35685.0,35725.0,35667.0,35702.0,21424.0
2024-01-05 10:21:00,35711.0,35725.0,35528.0,35533.0,4832.0
2024-01-05 10:22:00,35529.0,35581.0,35517.0,35560.0,16559.0
2024-01-05 10:23:00,35554.0,35565.0,35492.0,35511.0,18648.0
2024-01-05 10:24:00,35511.0,35526.0,35324.0,35348.0,16499.0
2024-01-05 10:25:00,35346.0,35519.0,35338.0,35509.0,10508.0
2024-01-05 10:26:00,35512.0,35527.0,35449.0,35453.0,7256.0
2024-01-05 10:27:00,35455.0,35460.0,35420.0,35446.0,16548.0
2024-01-05 10:28:00,35436.0,35558.0,35431.0,35545.0,11050.0
2024-01-05 10:29:00,35536.0,35590.0,35532.0,35590.0,4320.0
2024-01-05 10:30:00,35593.0,35608.0,35412.0,35421.0,21462.0
2024-01-05 10:31:00,35417.0,35661.0,35407.0,35641.0,4776.0
2024-01-05 10:32:00,35639.0,35807.0,35623.0,35774.0,20246.0
2024-01-05 10:33:00,35776.0,35836.0,35774.0,35817.0,19975.0
2024-01-05 10:34:00,35812.0,36020.0,35811.0,35985.0,6632.0
2024-01-05 10:35:00,35991.0,36257.0,35983.0,36231.0,16946.0
2024-01-05 10:36:00,36237.0,36256.0,36219.0,36227.0,19028.0
2024-01-05 10:37:00,36229.0,36372.0,36224.0,36365.0,21798.0
2024-01-05 10:38:00,36360.0,36479.0,36353.0,36449.0,8087.0
2024-01-05 10:39:00,36448.0,36584.0,36442.0,36576.0,22135.0
2024-01-05 10:40:00,36575.0,36587.0,36318.0,36347.0,17336.0
2024-01-05 10:41:00,36354.0,36375.0,36312.0,36326.0,5063.0
2024-01-05 10:42:00,36337.0,36355.0,36140.0,36174.0,14587.0
2024-01-05 10:43:00,36177.0,36194.0,36118.0,36135.0,15073.0
2024-01-05 10:44:00,36138.0,36238.0,36132.0,36236.0,12673.0
2024-01-05 10:45:00,36228.0,36338.0,36210.0,36323.0,89540.95792441447
2024-01-05 10:46:00,36325.0,36335.0,36220.0,36245.0,17354.0
2024-01-05 10:47:00,36247.0,36334.0,36234.0,36303.0,12106.0
2024-01-05 10:48:00,36313.0,36562.0,36303.0,36552.0,11835.0
2024-01-05 10:49:00,36543.0,36553.0,36502.0,36516.0,7631.0
2024-01-05 10:50:00,36508.0,36513.0,36492.0,36508.0,11324.0
2024-01-05 10:51:00,36509.0,36522.0,36481.0,36498.0,6524.0
2024-01-05 10:52:00,36499.0,36676.0,36484.0,36653.0,19224.0
2024-01-05 10:53:00,36648.0,36753.0,36647.0,36737.0,11949.0
2024-01-05 10:54:00,36742.0,36744.0,36587.0,36608.0,18539.0
2024-01-05 10:55:00,36596.0,36612.0,36543.0,36543.0,10959.0
2024-01-05 10:56:00,36542.0,36692.0,36541.0,36660.0,14594.0
2024-01-05 10:57:00,36652.0,36750.0,36636.0,36716.0,16376.0
2024-01-05 10:58:00,36708.0,36727.0,36666.0,36685.0,8189.0
2024-01-05 10:59:00,36691.0,36733.0,36677.0,36718.0,22237.0
2024-01-05 11:00:00,36714.0,36819.0,36707.0,36814.0,12010.0
2024-01-05 11:01:00,36813.0,37009.0,36793.0,36992.0,9277.0
2024-01-05 11:02:00,36992.0,36995.0,36950.0,36959.0,19526.0
2024-01-05 11:03:00,36964.0,37019.0,36949.0,37018.0,9040.0
2024-01-05 11:04:00,37023.0,37029.0,36976.0,36984.0,22343.0
2024-01-05 11:05:00,36993.0,37068.0,36987.0,37042.0,9313.0
2024-01-05 11:06:00,37045.0,37243.0,37032.0,37224.0,7979.0
2024-01-05 11:07:00,37233.0,37371.0,37214.0,37361.0,19950.0
2024-01-05 11:08:00,37353.0,37360.0,37306.0,37307.0,15993.0
2024-01-05 11:09:00,37318.0,37319.0,37113.0,37136.0,22190.0
2024-01-05 11:10:00,37146.0,37152.0,36983.0,37007.0,21356.0
2024-01-05 11:11:00,37006.0,37021.0,36999.0,37011.0,16214.0
2024-01-05 11:12:00,36997.0,37011.0,36885.0,36892.0,9466.0
2024-01-05 11:13:00,36887.0,36889.0,36761.0,36796.0,21972.0
2024-01-05 11:14:00,36792.0,36824.0,36780.0,36815.0,15783.0
2024-01-05 11:15:00,36817.0,36933.0,36815.0,36902.0,6062.0
2024-01-05 11:16:00,36902.0,36935.0,36898.0,36912.0,4948.0
2024-01-05 11:17:00,36921.0,36939.0,36793.0,36797.0,22241.0
2024-01-05 11:18:00,36799.0,36913.0,36793.0,36881.0,22182.0
2024-01-05 11:19:00,36894.0,36913.0,36729.0,36731.0,8194.0
2024-01-05 11:20:00,36735.0,36860.0,36731.0,36826.0,11816.0
2024-01-05 11:21:00,36841.0,36844.0,36608.0,36641.0,6307.0
2024-01-05 11:22:00,36638.0,36693.0,36637.0,36680.0,21362.0
2024-01-05 11:23:00,36671.0,36676.0,36608.0,36616.0,18304.0
2024-01-05 11:24:00,36618.0,36789.0,36596.0,36772.0,4763.0
2024-01-05 11:25:00,36762.0,36772.0,36664.0,36682.0,8692.0
2024-01-05 11:26:00,36668.0,36668.0,36644.0,36654.0,20261.0
2024-01-05 11:27:00,36667.0,36678.0,36403.0,36426.0,11888.0
2024-01-05 11:28:00,36431.0,36533.0,36425.0,36517.0,21316.0
2024-01-05 11:29:00,36512.0,36533.0,36330.0,36331.0,9632.0
2024-01-05 11:30:00,36331.0,36425.0,36312.0,36424.0,12821.0
2024-01-05 11:31:00,36422.0,36456.0,36408.0,36440.0,21446.0
2024-01-05 11:32:00,36438.0,36501.0,36430.0,36474.0,19848.0
2024-01-05 11:33:00,36469.0,36471.0,36344.0,36358.0,15243.0
2024-01-05 11:34:00,36360.0,36399.0,36357.0,36395.0,18205.0
2024-01-05 11:35:00,36397.0,36458.0,36387.0,36426.0,21390.0
2024-01-05 11:36:00,36425.0,36531.0,36425.0,36505.0,7962.0
2024-01-05 11:37:00,36512.0,36534.0,36450.0,36460.0,3821.0
2024-01-05 11:38:00,36473.0,36672.0,36472.0,36654.0,16550.0
2024-01-05 11:39:00,36656.0,36658.0,36621.0,36648.0,15270.0
2024-01-05 11:40:00,36655.0,36658.0,36543.0,36561.0,7913.0
2024-01-05 11:41:00,36556.0,36693.0,36551.0,36673.0,3881.0
2024-01-05 11:42:00,36680.0,36741.0,36662.0,36730.0,9555.0
2024-01-05 11:43:00,36716.0,36731.0,36677.0,36690.0,21953.0
2024-01-05 11:44:00,36702.0,36721.0,36518.0,36550.0,21263.0
2024-01-05 11:45:00,36547.0,36563.0,36468.0,36494.0,14768.0
2024-01-05 11:46:00,36488.0,36497.0,36310.0,36314.0,11863.0
2024-01-05 11:47:00,36312.0,36375.0,36298.0,36365.0,4584.0
2024-01-05 11:48:00,36353.0,36368.0,36240.0,36273.0,18727.0
2024-01-05 11:49:00,36282.0,36380.0,36267.0,36351.0,8696.0
2024-01-05 11:50:00,36351.0,36365.0,36225.0,36231.0,16090.0
2024-01-05 11:51:00,36227.0,36360.0,36206.0,36325.0,4282.0
2024-01-05 11:52:00,36328.0,36379.0,36313.0,36363.0,10841.0
2024-01-05 11:53:00,36354.0,36432.0,36348.0,36411.0,4845.0
2024-01-05 11:54:00,36411.0,36432.0,36284.0,36313.0,7944.0
2024-01-05 11:55:00,36314.0,36351.0,36300.0,36324.0,22065.0
2024-01-05 11:56:00,36328.0,36395.0,36313.0,36363.0,4434.0
2024-01-05 11:57:00,36349.0,36477.0,36341.0,36472.0,20839.0
2024-01-05 11:58:00,36473.0,36492.0,36363.0,36392.0,21669.0
2024-01-05 11:59:00,36411.0,36429.0,36410.0,36417.0,6126.0
2024-01-05 12:00:00,36410.0,36418.0,36361.0,36378.0,16134.0
2024-01-05 12:01:00,36370.0,36391.0,36337.0,36339.0,8184.0
2024-01-05 12:02:00,36331.0,36381.0,36327.0,36377.0,6654.0
2024-01-05 12:03:00,36380.0,36426.0,36361.0,36415.0,20357.0
2024-01-05 12:04:00,36417.0,36476.0,36407.0,36458.0,10030.0
2024-01-05 12:05:00,36452.0,36520.0,36434.0,36490.0,12298.0
2024-01-05 12:06:00,36488.0,36554.0,36474.0,36554.0,14240.0
2024-01-05 12:07:00,36562.0,36573.0,36373.0,36389.0,19116.0
2024-01-05 12:08:00,36401.0,36407.0,36325.0,36349.0,18518.0
2024-01-05 12:09:00,36350.0,36506.0,36349.0,36494.0,13921.0
2024-01-05 12:10:00,36488.0,36561.0,36469.0,36530.0,10246.0
2024-01-05 12:11:00,36529.0,36547.0,36513.0,36525.0,17256.0
2024-01-05 12:12:00,36521.0,36718.0,36508.0,36706.0,11532.0
2024-01-05 12:13:00,36702.0,36722.0,36573.0,36596.0,18795.0
2024-01-05 12:14:00,36595.0,36728.0,36574.0,36697.0,17296.0
2024-01-05 12:15:00,36703.0,36797.0,36696.0,36781.0,18385.0
2024-01-05 12:16:00,36772.0,36805.0,36758.0,36782.0,13990.0
2024-01-05 12:17:00,36778.0,36796.0,36683.0,36698.0,19442.0
2024-01-05 12:18:00,36698.0,36756.0,36693.0,36720.0,21765.0
2024-01-05 12:19:00,36724.0,36798.0,36722.0,36777.0,8156.0
2024-01-05 12:20:00,36773.0,37056.0,36767.0,37053.0,21628.0
2024-01-05 12:21:00,37059.0,37071.0,36902.0,36913.0,17118.0
2024-01-05 12:22:00,36902.0,36915.0,36772.0,36801.0,13186.0
2024-01-05 12:23:00,36795.0,36913.0,36781.0,36885.0,13748.0
2024-01-05 12:24:00,36871.0,36877.0,36848.0,36849.0,13732.0
2024-01-05 12:25:00,36853.0,36868.0,36754.0,36781.0,9320.0
2024-01-05 12:26:00,36782.0,36801.0,36719.0,36744.0,4641.0
2024-01-05 12:27:00,36751.0,36927.0,36738.0,36907.0,9611.0
2024-01-05 12:28:00,36916.0,36918.0,36744.0,36764.0,12446.0
2024-01-05 12:29:00,36777.0,36788.0,36713.0,36728.0,8644.0
2024-01-05 12:30:00,36723.0,36756.0,36715.0,36724.0,21003.0
2024-01-05 12:31:00,36718.0,36756.0,36717.0,36751.0,14657.0
2024-01-05 12:32:00,36746.0,36942.0,36732.0,36915.0,22078.0
2024-01-05 12:33:00,36914.0,37238.0,36895.0,37231.0,7941.0
2024-01-05 12:34:00,37238.0,37398.0,37231.0,37384.0,6535.0
2024-01-05 12:35:00,37378.0,37394.0,37223.0,37259.0,10632.0
2024-01-05 12:36:00,37250.0,37254.0,37155.0,37169.0,18865.0
2024-01-05 12:37:00,37156.0,37174.0,37119.0,37138.0,10263.0
2024-01-05 12:38:00,37135.0,37280.0,37122.0,37274.0,9428.0
2024-01-05 12:39:00,37277.0,37287.0,37209.0,37222.0,6465.0
2024-01-05 12:40:00,37227.0,37237.0,37186.0,37221.0,11864.0
2024-01-05 12:41:00,37223.0,37233.0,37214.0,37228.0,12377.0
2024-01-05 12:42:00,37231.0,37232.0,37172.0,37202.0,15000.0
2024-01-05 12:43:00,37211.0,37224.0,37095.0,37122.0,10357.0
2024-01-05 12:44:00,37114.0,37372.0,37099.0,37362.0,19599.0
2024-01-05 12:45:00,37372.0,37389.0,37282.0,37286.0,21409.0
2024-01-05 12:46:00,37292.0,37309.0,37276.0,37304.0,20376.0
2024-01-05 12:47:00,37306.0,37418.0,37300.0,37403.0,11564.0
2024-01-05 12:48:00,37393.0,37399.0,37311.0,37333.0,11627.0
2024-01-05 12:49:00,37331.0,37409.0,37315.0,37389.0,8765.0
2024-01-05 12:50:00,37382.0,37386.0,37351.0,37368.0,8202.0
2024-01-05 12:51:00,37372.0,37393.0,37338.0,37358.0,20241.0
2024-01-05 12:52:00,37362.0,37379.0,37238.0,37270.0,15462.0
2024-01-05 12:53:00,37273.0,37278.0,37058.0,37093.0,21333.0
2024-01-05 12:54:00,37097.0,37213.0,37078.0,37191.0,8672.0
2024-01-05 12:55:00,37183.0,37197.0,37148.0,37170.0,13160.0
2024-01-05 12:56:00,37178.0,37321.0,37161.0,37298.0,4559.0
2024-01-05 12:57:00,37304.0,37426.0,37298.0,37393.0,5633.0
2024-01-05 12:58:00,37395.0,37416.0,37337.0,37372.0,6512.0
2024-01-05 12:59:00,37381.0,37492.0,37374.0,37478.0,16800.0
2024-01-05 13:00:00,37479.0,37495.0,37440.0,37460.0,20707.0
2024-01-05 13:01:00,37468.0,37483.0,37301.0,37314.0,11011.0
2024-01-05 13:02:00,37321.0,37406.0,37300.0,37373.0,21377.0
2024-01-05 13:03:00,37385.0,37453.0,37369.0,37441.0,17481.0
2024-01-05 13:04:00,37432.0,37640.0,37417.0,37627.0,7762.0
2024-01-05 13:05:00,37635.0,37640.0,37527.0,37558.0,22305.0
2024-01-05 13:06:00,37567.0,37582.0,37460.0,37487.0,4838.0
2024-01-05 13:07:00,37493.0,37551.0,37480.0,37516.0,13006.0
2024-01-05 13:08:00,37504.0,37519.0,37436.0,37436.0,14246.0
2024-01-05 13:09:00,37438.0,37458.0,37363.0,37397.0,20724.0
2024-01-05 13:10:00,37384.0,37402.0,37315.0,37351.0,8753.0
2024-01-05 13:11:00,37352.0,37454.0,37337.0,37427.0,16527.0
2024-01-05 13:12:00,37435.0,37446.0,37392.0,37396.0,21635.44957650196
2024-01-05 13:13:00,37411.0,37432.0,37275.0,37282.0,9888.0
2024-01-05 13:14:00,37288.0,37303.0,37065.0,37075.0,13659.0
2024-01-05 13:15:00,37055.0,37201.0,37047.0,37189.0,14231.0
2024-01-05 13:16:00,37187.0,37209.0,37151.0,37174.0,20814.0
2024-01-05 13:17:00,37175.0,37218.0,37163.0,37192.0,11204.0
2024-01-05 13:18:00,37189.0,37208.0,37127.0,37142.0,8579.0
2024-01-05 13:19:00,37140.0,37191.0,37135.0,37184.0,22367.0
2024-01-05 13:20:00,37187.0,37390.0,37173.0,37366.0,20158.0
2024-01-05 13:21:00,37368.0,37370.0,37211.0,37228.0,20174.0
2024-01-05 13:22:00,37225.0,37240.0,37082.0,37093.0,11004.0
2024-01-05 13:23:00,37094.0,37107.0,37002.0,37011.0,17976.0
2024-01-05 13:24:00,37022.0,37042.0,37007.0,37036.0,6987.0
2024-01-05 13:25:00,37038.0,37137.0,37024.0,37107.0,7201.0
2024-01-05 13:26:00,37110.0,37110.0,37078.0,37102.0,11613.0
2024-01-05 13:27:00,37107.0,37135.0,37098.0,37113.0,20608.0
2024-01-05 13:28:00,37114.0,37116.0,37081.0,37101.0,6310.0
2024-01-05 13:29:00,37105.0,37116.0,37011.0,37042.0,5329.0
2024-01-05 13:30:00,37021.0,37026.0,36919.0,36949.0,17579.0
2024-01-05 13:31:00,36953.0,37002.0,36949.0,36980.0,10641.0
2024-01-05 13:32:00,36981.0,37033.0,36959.0,37007.0,11448.0
2024-01-05 13:33:00,37010.0,37027.0,36994.0,37026.0,15715.0
2024-01-05 13:34:00,37008.0,37077.0,36990.0,37053.0,11551.0
2024-01-05 13:35:00,37056.0,37065.0,36919.0,36953.0,9259.0
2024-01-05 13:36:00,36955.0,36977.0,36946.0,36970.0,4899.0
2024-01-05 13:37:00,36972.0,37003.0,36967.0,36996.0,19043.0
2024-01-05 13:38:00,36991.0,37006.0,36901.0,36908.0,12871.0
2024-01-05 13:39:00,36914.0,36916.0,36680.0,36683.0,8437.0
2024-01-05 13:40:00,36685.0,36691.0,36632.0,36664.0,4424.0
2024-01-05 13:41:00,36649.0,36669.0,36377.0,36396.0,10689.0
2024-01-05 13:42:00,36406.0,36526.0,36390.0,36491.0,19286.0
2024-01-05 13:43:00,36512.0,36526.0,36451.0,36458.0,13975.0
2024-01-05 13:44:00,36465.0,36485.0,36379.0,36413.0,22337.0
2024-01-05 13:45:00,36409.0,36508.0,36400.0,36476.0,12925.0
2024-01-05 13:46:00,36479.0,36485.0,36379.0,36393.0,15348.0
2024-01-05 13:47:00,36399.0,36678.0,36379.0,36649.0,7662.0
2024-01-05 13:48:00,36645.0,36646.0,36496.0,36513.0,4556.0
2024-01-05 13:49:00,36507.0,36581.0,36496.0,36552.0,5088.0
2024-01-05 13:50:00,36546.0,36554.0,36523.0,36541.0,16029.0
2024-01-05 13:51:00,36547.0,36565.0,36487.0,36516.0,18355.0
2024-01-05 13:52:00,36525.0,36529.0,36385.0,36389.0,21903.0
2024-01-05 13:53:00,36376.0,36446.0,36357.0,36429.0,6287.0
2024-01-05 13:54:00,36433.0,36447.0,36359.0,36365.0,18216.0
2024-01-05 13:55:00,36349.0,36725.0,36339.0,36703.0,12423.0
2024-01-05 13:56:00,36701.0,36790.0,36687.0,36781.0,19965.0
2024-01-05 13:57:00,36781.0,36903.0,36775.0,36900.0,9535.0
2024-01-05 13:58:00,36912.0,37000.0,36900.0,36983.0,17083.0
2024-01-05 13:59:00,36983.0,36991.0,36713.0,36727.0,16472.0
2024-01-05 14:00:00,36725.0,36737.0,36698.0,36699.0,17479.0
2024-01-05 14:01:00,36714.0,36754.0,36704.0,36732.0,11260.0
2024-01-05 14:02:00,36732.0,36745.0,36516.0,36528.0,9052.0
2024-01-05 14:03:00,36523.0,36568.0,36504.0,36533.0,12056.0
2024-01-05 14:04:00,36544.0,36713.0,36523.0,36689.0,18250.0
2024-01-05 14:05:00,36687.0,36838.0,36678.0,36819.0,5576.0
2024-01-05 14:06:00,36813.0,36829.0,36576.0,36580.0,8830.0
2024-01-05 14:07:00,36588.0,36592.0,36513.0,36522.0,10154.0
2024-01-05 14:08:00,36526.0,36603.0,36507.0,36583.0,9235.0
2024-01-05 14:09:00,36589.0,36767.0,36574.0,36734.0,15044.0
2024-01-05 14:10:00,36741.0,36752.0,36692.0,36714.0,13062.0
2024-01-05 14:11:00,36713.0,36732.0,36652.0,36652.0,4766.0
2024-01-05 14:12:00,36676.0,36774.0,36667.0,36744.0,21689.0
2024-01-05 14:13:00,36743.0,36755.0,36603.0,36625.0,15481.0
2024-01-05 14:14:00,36629.0,36674.0,36620.0,36662.0,11418.0
2024-01-05 14:15:00,36655.0,36663.0,36631.0,36640.0,14789.0
2024-01-05 14:16:00,36637.0,36671.0,36616.0,36652.0,15490.0
2024-01-05 14:17:00,36650.0,36745.0,36629.0,36735.0,11197.0
2024-01-05 14:18:00,36734.0,36746.0,36645.0,36678.0,14863.0
2024-01-05 14:19:00,36682.0,36692.0,36634.0,36667.0,7157.0
2024-01-05 14:20:00,36668.0,36719.0,36646.0,36687.0,15138.0
2024-01-05 14:21:00,36705.0,36724.0,36640.0,36662.0,20292.0
2024-01-05 14:22:00,36670.0,36809.0,36667.0,36787.0,9787.0
2024-01-05 14:23:00,36783.0,36878.0,36783.0,36857.0,16492.0
2024-01-05 14:24:00,36837.0,36838.0,36803.0,36827.0,15930.0
2024-01-05 14:25:00,36820.0,36834.0,36729.0,36757.0,9980.0
2024-01-05 14:26:00,36762.0,36763.0,36701.0,36713.0,21123.0
2024-01-05 14:27:00,36718.0,36790.0,36708.0,36758.0,18988.0
2024-01-05 14:28:00,36754.0,36818.0,36752.0,36794.0,11967.0
2024-01-05 14:29:00,36802.0,36811.0,36648.0,36670.0,6075.0
2024-01-05 14:30:00,36676.0,36689.0,36494.0,36505.0,17840.0
2024-01-05 14:31:00,36497.0,36806.0,36475.0,36774.0,7689.0
2024-01-05 14:32:00,36777.0,36787.0,36627.0,36658.0,3871.0
2024-01-05 14:33:00,36679.0,36798.0,36675.0,36785.0,18070.0
2024-01-05 14:34:00,36792.0,36817.0,36781.0,36792.0,18490.0
2024-01-05 14:35:00,36785.0,36878.0,36765.0,36856.0,21907.0
2024-01-05 14:36:00,36863.0,36877.0,36835.0,36860.0,5479.0
2024-01-05 14:37:00,36848.0,36958.0,36830.0,36952.0,8403.0
2024-01-05 14:38:00,36966.0,37076.0,36947.0,37060.0,8461.0
2024-01-05 14:39:00,37055.0,37057.0,36998.0,37013.0,17859.0
2024-01-05 14:40:00,37004.0,37012.0,36937.0,36973.0,16776.0
2024-01-05 14:41:00,36967.0,36982.0,36789.0,36822.0,6321.0
2024-01-05 14:42:00,36812.0,37044.0,36803.0,37027.0,18304.0
2024-01-05 14:43:00,37014.0,37030.0,36975.0,36993.0,7388.0
2024-01-05 14:44:00,36995.0,37009.0,36904.0,36940.0,11111.0
2024-01-05 14:45:00,36951.0,36973.0,36744.0,36766.0,21240.0
2024-01-05 14:46:00,36759.0,36779.0,36744.0,36755.0,7639.0
2024-01-05 14:47:00,36745.0,36756.0,36711.0,36714.0,20580.0
2024-01-05 14:48:00,36723.0,36835.0,36701.0,36833.0,13047.0
2024-01-05 14:49:00,36849.0,36892.0,36839.0,36869.0,12856.0
2024-01-05 14:50:00,36858.0,36874.0,36809.0,36838.0,14548.0
2024-01-05 14:51:00,36837.0,36848.0,36745.0,36769.0,8188.0
2024-01-05 14:52:00,36777.0,36797.0,36764.0,36775.0,17159.0
2024-01-05 14:53:00,36773.0,36793.0,36742.0,36753.0,9545.0
2024-01-05 14:54:00,36743.0,36817.0,36740.0,36802.0,7091.0
2024-01-05 14:55:00,36805.0,36927.0,36792.0,36898.0,15903.0
2024-01-05 14:56:00,36908.0,37103.0,36891.0,37097.0,17454.0
2024-01-05 14:57:00,37096.0,37177.0,37087.0,37168.0,17025.0
2024-01-05 14:58:00,37170.0,37277.0,37153.0,37261.0,14257.0
2024-01-05 14:59:00,37262.0,37274.0,37141.0,37154.0,21270.0
2024-01-05 15:00:00,37143.0,37302.0,37136.0,37270.0,17031.0
2024-01-05 15:01:00,37258.0,37273.0,37207.0,37211.0,14253.0
2024-01-05 15:02:00,37205.0,37382.0,37198.0,37356.0,67100.35368548808
2024-01-05 15:03:00,37364.0,37382.0,37361.0,37371.0,6036.0
2024-01-05 15:04:00,37362.0,37497.0,37343.0,37476.0,7885.0
2024-01-05 15:05:00,37473.0,37483.0,37456.0,37480.0,5745.0
2024-01-05 15:06:00,37498.0,37520.0,37456.0,37490.0,14156.0
2024-01-05 15:07:00,37502.0,37720.0,37490.0,37693.0,16406.0
2024-01-05 15:08:00,37698.0,37704.0,37479.0,37502.0,12277.0
2024-01-05 15:09:00,37500.0,37614.0,37492.0,37594.0,19641.0
2024-01-05 15:10:00,37594.0,37608.0,37358.0,37380.0,4864.0
2024-01-05 15:11:00,37379.0,37633.0,37370.0,37608.0,21125.0
2024-01-05 15:12:00,37613.0,37718.0,37594.0,37686.0,24761.605551973556
2024-01-05 15:13:00,37684.0,37704.0,37616.0,37638.0,16163.0
2024-01-05 15:14:00,37638.0,37759.0,37625.0,37749.0,4554.0
2024-01-05 15:15:00,37740.0,37762.0,37544.0,37551.0,9752.0
2024-01-05 15:16:00,37550.0,37558.0,37540.0,37555.0,19380.0
2024-01-05 15:17:00,37552.0,37572.0,37517.0,37538.0,6344.0
2024-01-05 15:18:00,37544.0,37554.0,37451.0,37482.0,9037.0
2024-01-05 15:19:00,37476.0,37565.0,37465.0,37537.0,11416.0
2024-01-05 15:20:00,37527.0,37568.0,37509.0,37551.0,19634.0
2024-01-05 15:21:00,37547.0,37569.0,37523.0,37545.0,14850.0
2024-01-05 15:22:00,37547.0,37762.0,37529.0,37729.0,20296.0
2024-01-05 15:23:00,37731.0,37867.0,37713.0,37845.0,19721.0
2024-01-05 15:24:00,37838.0,37925.0,37827.0,37907.0,9608.0
2024-01-05 15:25:00,37900.0,38097.0,37883.0,38070.0,6401.0
2024-01-05 15:26:00,38072.0,38167.0,38067.0,38134.0,14807.0
2024-01-05 15:27:00,38150.0,38168.0,38148.0,38154.0,14692.0
2024-01-05 15:28:00,38164.0,38214.0,38155.0,38188.0,14247.0
2024-01-05 15:29:00,38185.0,38191.0,38095.0,38111.0,5733.0
2024-01-05 15:30:00,38114.0,38136.0,37925.0,37930.0,9304.0
2024-01-05 15:31:00,37918.0,38031.0,37898.0,38023.0,16280.0
2024-01-05 15:32:00,38046.0,38063.0,37928.0,37963.0,5911.0
2024-01-05 15:33:00,37956.0,38073.0,37946.0,38052.0,13345.0
2024-01-05 15:34:00,38044.0,38132.0,38042.0,38104.0,20410.0
2024-01-05 15:35:00,38100.0,38117.0,38022.0,38052.0,13500.0
2024-01-05 15:36:00,38053.0,38071.0,37998.0,38003.0,15702.0
2024-01-05 15:37:00,38028.0,38040.0,37983.0,38009.0,20819.0
2024-01-05 15:38:00,37997.0,38013.0,37875.0,37896.0,4696.0
2024-01-05 15:39:00,37901.0,37905.0,37862.0,37891.0,22088.0
2024-01-05 15:40:00,37899.0,38008.0,37888.0,37984.0,17272.0
2024-01-05 15:41:00,37988.0,37994.0,37712.0,37718.0,7886.0
2024-01-05 15:42:00,37720.0,37723.0,37708.0,37711.0,11569.0
2024-01-05 15:43:00,37709.0,37730.0,37519.0,37525.0,16277.0
2024-01-05 15:44:00,37514.0,37799.0,37511.0,37788.0,6591.0
2024-01-05 15:45:00,37773.0,37792.0,37673.0,37704.0,10540.0
2024-01-05 15:46:00,37699.0,38040.0,37694.0,38005.0,6448.0
2024-01-05 15:47:00,38011.0,38018.0,37978.0,37988.0,17887.0
2024-01-05 15:48:00,37990.0,38105.0,37978.0,38082.0,15437.0
2024-01-05 15:49:00,38068.0,38240.0,38059.0,38214.0,18336.0
2024-01-05 15:50:00,38227.0,38244.0,38192.0,38215.0,15006.0
2024-01-05 15:51:00,38219.0,38288.0,38200.0,38259.0,17528.0
2024-01-05 15:52:00,38262.0,38266.0,38205.0,38216.0,21970.0
2024-01-05 15:53:00,38227.0,38262.0,38225.0,38250.0,19373.0
2024-01-05 15:54:00,38249.0,38426.0,38236.0,38397.0,21590.0
2024-01-05 15:55:00,38390.0,38396.0,38374.0,38393.0,15032.0
2024-01-05 15:56:00,38390.0,38422.0,38371.0,38395.0,21215.0
2024-01-05 15:57:00,38397.0,38420.0,38260.0,38290.0,6561.0
2024-01-05 15:58:00,38298.0,38309.0,38221.0,38222.0,9336.0
2024-01-05 15:59:00,38233.0,38247.0,38119.0,38146.0,15397.0
2024-01-05 16:00:00,38145.0,38205.0,38131.0,38188.0,4169.0
2024-01-05 16:01:00,38174.0,38272.0,38153.0,38240.0,14844.0
2024-01-05 16:02:00,38242.0,38274.0,38227.0,38273.0,18077.0
2024-01-05 16:03:00,38270.0,38515.0,38260.0,38482.0,12581.0
2024-01-05 16:04:00,38482.0,38666.0,38463.0,38656.0,14817.0
2024-01-05 16:05:00,38665.0,38693.0,38648.0,38685.0,3981.0
2024-01-05 16:06:00,38687.0,38733.0,38677.0,38727.0,9299.0
2024-01-05 16:07:00,38732.0,38752.0,38679.0,38700.0,11210.0
2024-01-05 16:08:00,38696.0,38703.0,38571.0,38591.0,15071.0
2024-01-05 16:09:00,38608.0,38770.0,38601.0,38764.0,11346.0
2024-01-05 16:10:00,38771.0,38921.0,38754.0,38896.0,22310.0
2024-01-05 16:11:00,38895.0,38909.0,38854.0,38859.0,10345.0
2024-01-05 16:12:00,38847.0,39044.0,38842.0,39018.0,11042.0
2024-01-05 16:13:00,39029.0,39049.0,38935.0,38939.0,13482.0
2024-01-05 16:14:00,38944.0,39140.0,38940.0,39104.0,10713.0
2024-01-05 16:15:00,39105.0,39121.0,39048.0,39069.0,16995.0
2024-01-05 16:16:00,39057.0,39209.0,39034.0,39172.0,11880.0
2024-01-05 16:17:00,39168.0,39183.0,38989.0,39020.0,15687.0
2024-01-05 16:18:00,39033.0,39228.0,39029.0,39189.0,6086.0
2024-01-05 16:19:00,39194.0,39211.0,39121.0,39147.0,10331.0
2024-01-05 16:20:00,39144.0,39176.0,39137.0,39158.0,18289.0
2024-01-05 16:21:00,39152.0,39154.0,39092.0,39106.0,4829.0
2024-01-05 16:22:00,39103.0,39201.0,39089.0,39177.0,16242.0
2024-01-05 16:23:00,39178.0,39182.0,39078.0,39117.0,22001.0
2024-01-05 16:24:00,39109.0,39122.0,38990.0,39024.0,11969.0
2024-01-05 16:25:00,39025.0,39029.0,38861.0,38866.0,7258.0
2024-01-05 16:26:00,38873.0,39087.0,38864.0,39080.0,11691.0
2024-01-05 16:27:00,39067.0,39090.0,38947.0,38985.0,18597.0
2024-01-05 16:28:00,38988.0,39151.0,38981.0,39122.0,4101.0
2024-01-05 16:29:00,39130.0,39143.0,38993.0,39010.0,11935.0
2024-01-05 16:30:00,39002.0,39023.0,38997.0,39008.0,12784.0
2024-01-05 16:31:00,39004.0,39020.0,38893.0,38903.0,12246.0
2024-01-05 16:32:00,38886.0,39075.0,38880.0,39059.0,16126.0
2024-01-05 16:33:00,39070.0,39201.0,39058.0,39194.0,6420.0
2024-01-05 16:34:00,39194.0,39257.0,39193.0,39231.0,14304.0
2024-01-05 16:35:00,39222.0,39238.0,39031.0,39041.0,4750.0
2024-01-05 16:36:00,39035.0,39183.0,39021.0,39162.0,19530.0
2024-01-05 16:37:00,39165.0,39191.0,39146.0,39173.0,18833.0
2024-01-05 16:38:00,39192.0,39338.0,39179.0,39304.0,8031.0
2024-01-05 16:39:00,39301.0,39314.0,39223.0,39251.0,11521.0
2024-01-05 16:40:00,39251.0,39255.0,39248.0,39252.0,5356.0
2024-01-05 16:41:00,39242.0,39259.0,39209.0,39224.0,18447.0
2024-01-05 16:42:00,39214.0,39224.0,39110.0,39117.0,14257.0
2024-01-05 16:43:00,39123.0,39238.0,39116.0,39205.0,4337.0
2024-01-05 16:44:00,39214.0,39234.0,39108.0,39119.0,13781.0
2024-01-05 16:45:00,39110.0,39161.0,39094.0,39125.0,6899.0
2024-01-05 16:46:00,39126.0,39141.0,39049.0,39067.0,10277.0
2024-01-05 16:47:00,39068.0,39139.0,39045.0,39106.0,6145.0
2024-01-05 16:48:00,39096.0,39107.0,39082.0,39088.0,18130.0
2024-01-05 16:49:00,39075.0,39202.0,39062.0,39188.0,22180.0
2024-01-05 16:50:00,39207.0,39224.0,39049.0,39064.0,7261.0
2024-01-05 16:51:00,39067.0,39072.0,38902.0,38904.0,10534.0
2024-01-05 16:52:00,38914.0,39088.0,38911.0,39052.0,20481.0
2024-01-05 16:53:00,39052.0,39063.0,39003.0,39024.0,15649.0
2024-01-05 16:54:00,39030.0,39147.0,39011.0,39117.0,4646.0
2024-01-05 16:55:00,39133.0,39138.0,39125.0,39138.0,21316.0
2024-01-05 16:56:00,39134.0,39157.0,38921.0,38923.0,7156.0
2024-01-05 16:57:00,38912.0,38979.0,38904.0,38963.0,4311.0
2024-01-05 16:58:00,38955.0,38962.0,38815.0,38826.0,17669.0
2024-01-05 16:59:00,38822.0,38873.0,38809.0,38859.0,8589.0
2024-01-05 17:00:00,38865.0,38887.0,38739.0,38760.0,18932.0
2024-01-05 17:01:00,38765.0,38911.0,38765.0,38879.0,59331.5409400092
2024-01-05 17:02:00,38864.0,38982.0,38847.0,38957.0,17021.0
2024-01-05 17:03:00,38960.0,39088.0,38953.0,39074.0,16713.0
2024-01-05 17:04:00,39072.0,39078.0,39015.0,39033.0,13482.0
2024-01-05 17:05:00,39034.0,39127.0,39011.0,39119.0,4870.0
2024-01-05 17:06:00,39108.0,39170.0,39101.0,39147.0,6453.0
2024-01-05 17:07:00,39145.0,39207.0,39122.0,39178.0,6430.0
2024-01-05 17:08:00,39174.0,39197.0,39026.0,39058.0,7697.0
2024-01-05 17:09:00,39064.0,39212.0,39057.0,39173.0,14582.0
2024-01-05 17:10:00,39181.0,39209.0,39175.0,39205.0,21188.0
2024-01-05 17:11:00,39193.0,39209.0,39121.0,39142.0,18005.0
2024-01-05 17:12:00,39147.0,39279.0,39138.0,39241.0,3884.0
2024-01-05 17:13:00,39240.0,39244.0,39181.0,39212.0,5139.0
2024-01-05 17:14:00,39205.0,39508.0,39203.0,39472.0,17482.0
2024-01-05 17:15:00,39483.0,39504.0,39266.0,39280.0,12622.0
2024-01-05 17:16:00,39277.0,39528.0,39266.0,39526.0,8186.0
2024-01-05 17:17:00,39528.0,39725.0,39513.0,39706.0,14415.0
2024-01-05 17:18:00,39703.0,39746.0,39696.0,39718.0,13845.0
2024-01-05 17:19:00,39720.0,39876.0,39717.0,39867.0,14855.0
2024-01-05 17:20:00,39856.0,39926.0,39853.0,39899.0,19145.0
2024-01-05 17:21:00,39891.0,39904.0,39788.0,39815.0,16956.0
2024-01-05 17:22:00,39816.0,39819.0,39585.0,39596.0,15843.0
2024-01-05 17:23:00,39588.0,39816.0,39569.0,39796.0,20376.0
2024-01-05 17:24:00,39807.0,40030.0,39800.0,40023.0,5907.0
2024-01-05 17:25:00,40028.0,40042.0,39909.0,39915.0,10461.0
2024-01-05 17:26:00,39924.0,39946.0,39855.0,39876.0,3807.0
2024-01-05 17:27:00,39868.0,40098.0,39846.0,40072.0,20173.0
2024-01-05 17:28:00,40076.0,40222.0,40064.0,40208.0,9783.0
2024-01-05 17:29:00,40220.0,40241.0,40201.0,40236.0,18721.0
2024-01-05 17:30:00,40232.0,40247.0,40158.0,40168.0,4463.0
2024-01-05 17:31:00,40171.0,40187.0,40137.0,40166.0,6361.0
2024-01-05 17:32:00,40156.0,40163.0,39962.0,39990.0,13281.0
2024-01-05 17:33:00,40001.0,40155.0,39978.0,40127.0,6992.0
2024-01-05 17:34:00,40138.0,40143.0,40106.0,40137.0,4099.0
2024-01-05 17:35:00,40127.0,40227.0,40116.0,40203.0,8256.0
2024-01-05 17:36:00,40182.0,40298.0,40181.0,40271.0,10018.0
2024-01-05 17:37:00,40271.0,40293.0,40235.0,40269.0,18399.0
2024-01-05 17:38:00,40268.0,40269.0,40239.0,40253.0,7622.0
2024-01-05 17:39:00,40243.0,40454.0,40221.0,40423.0,16990.0
2024-01-05 17:40:00,40417.0,40487.0,40410.0,40464.0,15193.0
2024-01-05 17:41:00,40480.0,40503.0,40319.0,40328.0,11765.0
2024-01-05 17:42:00,40333.0,40405.0,40322.0,40383.0,19704.0
2024-01-05 17:43:00,40387.0,40393.0,40212.0,40247.0,21497.0
2024-01-05 17:44:00,40253.0,40359.0,40239.0,40348.0,13660.0
2024-01-05 17:45:00,40355.0,40364.0,40298.0,40327.0,17238.0
2024-01-05 17:46:00,40327.0,40494.0,40306.0,40470.0,19187.0
2024-01-05 17:47:00,40470.0,40649.0,40460.0,40634.0,20200.0
2024-01-05 17:48:00,40638.0,40771.0,40614.0,40766.0,4726.0
2024-01-05 17:49:00,40760.0,40767.0,40742.0,40762.0,12874.0
2024-01-05 17:50:00,40764.0,40906.0,40760.0,40888.0,12604.0
2024-01-05 17:51:00,40886.0,40906.0,40790.0,40795.0,14813.0
2024-01-05 17:52:00,40795.0,40797.0,40692.0,40727.0,6126.0
2024-01-05 17:53:00,40723.0,40849.0,40717.0,40827.0,12228.0
2024-01-05 17:54:00,40845.0,40968.0,40838.0,40940.0,10624.0
2024-01-05 17:55:00,40940.0,41110.0,40936.0,41106.0,22363.0
2024-01-05 17:56:00,41112.0,41185.0,41096.0,41176.0,12918.0
2024-01-05 17:57:00,41183.0,41196.0,41065.0,41082.0,11780.0
2024-01-05 17:58:00,41080.0,41104.0,41039.0,41065.0,10500.0
2024-01-05 17:59:00,41066.0,41173.0,41055.0,41137.0,14958.0
2024-01-05 18:00:00,41135.0,41149.0,41069.0,41107.0,17542.0
2024-01-05 18:01:00,41096.0,41101.0,40896.0,40929.0,21457.0
2024-01-05 18:02:00,40934.0,40957.0,40610.0,40644.0,7230.0
2024-01-05 18:03:00,40659.0,40671.0,40589.0,40603.0,16105.0
2024-01-05 18:04:00,40590.0,40655.0,40567.0,40637.0,13290.0
2024-01-05 18:05:00,40658.0,40697.0,40657.0,40690.0,13925.0
2024-01-05 18:06:00,40696.0,40728.0,40672.0,40710.0,17434.0
2024-01-05 18:07:00,40717.0,40740.0,40646.0,40650.0,19285.0
2024-01-05 18:08:00,40660.0,40672.0,40430.0,40461.0,5568.0
2024-01-05 18:09:00,40453.0,40595.0,40432.0,40587.0,11514.0
2024-01-05 18:10:00,40581.0,40659.0,40565.0,40624.0,18560.0
2024-01-05 18:11:00,40622.0,40640.0,40409.0,40422.0,19298.0
2024-01-05 18:12:00,40429.0,40527.0,40425.0,40492.0,17841.0
2024-01-05 18:13:00,40487.0,40498.0,40426.0,40440.0,16123.0
2024-01-05 18:14:00,40438.0,40440.0,40398.0,40418.0,18377.0
2024-01-05 18:15:00,40432.0,40519.0,40419.0,40492.0,4948.0
2024-01-05 18:16:00,40488.0,40492.0,40387.0,40420.0,14456.0
2024-01-05 18:17:00,40423.0,40442.0,40412.0,40439.0,9277.0
2024-01-05 18:18:00,40436.0,40438.0,40400.0,40422.0,9001.0
2024-01-05 18:19:00,40426.0,40428.0,40234.0,40259.0,6524.0
2024-01-05 18:20:00,40242.0,40263.0,40170.0,40202.0,8036.0
2024-01-05 18:21:00,40213.0,40269.0,40193.0,40267.0,11701.0
2024-01-05 18:22:00,40276.0,40527.0,40276.0,40512.0,4030.0
2024-01-05 18:23:00,40513.0,40525.0,40463.0,40496.0,5365.0
2024-01-05 18:24:00,40497.0,40504.0,40336.0,40363.0,14242.0
2024-01-05 18:25:00,40381.0,40491.0,40363.0,40463.0,6359.0
2024-01-05 18:26:00,40459.0,40468.0,40419.0,40437.0,14314.0
2024-01-05 18:27:00,40434.0,40485.0,40422.0,40480.0,20431.0
2024-01-05 18:28:00,40487.0,40490.0,40384.0,40406.0,8044.0
2024-01-05 18:29:00,40401.0,40418.0,40151.0,40171.0,9886.0
2024-01-05 18:30:00,40157.0,40283.0,40137.0,40252.0,6176.0
2024-01-05 18:31:00,40252.0,40425.0,40239.0,40390.0,19485.0
2024-01-05 18:32:00,40410.0,40530.0,40394.0,40520.0,20761.0
2024-01-05 18:33:00,40510.0,40518.0,40365.0,40376.0,18467.0
2024-01-05 18:34:00,40370.0,40466.0,40347.0,40432.0,18692.0
2024-01-05 18:35:00,40425.0,40590.0,40418.0,40587.0,10919.0
2024-01-05 18:36:00,40594.0,40672.0,40582.0,40640.0,18068.0
2024-01-05 18:37:00,40638.0,40639.0,40483.0,40502.0,19271.0
2024-01-05 18:38:00,40500.0,40572.0,40491.0,40563.0,11621.0
2024-01-05 18:39:00,40557.0,40564.0,40437.0,40473.0,22360.0
2024-01-05 18:40:00,40468.0,40491.0,40353.0,40380.0,20015.0
2024-01-05 18:41:00,40373.0,40503.0,40358.0,40477.0,18563.0
2024-01-05 18:42:00,40480.0,40499.0,40452.0,40464.0,18418.0
2024-01-05 18:43:00,40467.0,40595.0,40450.0,40576.0,17340.0
2024-01-05 18:44:00,40566.0,40625.0,40565.0,40604.0,4136.0
2024-01-05 18:45:00,40602.0,40603.0,40267.0,40281.0,20108.0
2024-01-05 18:46:00,40276.0,40379.0,40268.0,40344.0,15541.0
2024-01-05 18:47:00,40351.0,40364.0,40281.0,40320.0,19386.0
2024-01-05 18:48:00,40306.0,40376.0,40288.0,40350.0,12533.0
2024-01-05 18:49:00,40342.0,40352.0,40231.0,40263.0,8742.0
2024-01-05 18:50:00,40260.0,40272.0,40158.0,40194.0,7413.0
2024-01-05 18:51:00,40190.0,40193.0,40156.0,40176.0,7500.0
2024-01-05 18:52:00,40178.0,40248.0,40174.0,40229.0,3827.0
2024-01-05 18:53:00,40222.0,40311.0,40200.0,40301.0,5792.0
2024-01-05 18:54:00,40292.0,40305.0,40057.0,40096.0,17462.0
2024-01-05 18:55:00,40113.0,40113.0,40077.0,40110.0,15824.0
2024-01-05 18:56:00,40106.0,40187.0,40097.0,40147.0,5740.0
2024-01-05 18:57:00,40144.0,40334.0,40134.0,40316.0,21864.0
2024-01-05 18:58:00,40301.0,40315.0,40251.0,40269.0,14286.0
2024-01-05 18:59:00,40260.0,40310.0,40239.0,40293.0,15826.0
2024-01-05 19:00:00,40291.0,40296.0,39945.0,39969.0,5149.0
2024-01-05 19:01:00,39966.0,39967.0,39802.0,39832.0,21449.0
2024-01-05 19:02:00,39828.0,40072.0,39804.0,40046.0,7690.0
2024-01-05 19:03:00,40048.0,40235.0,40043.0,40227.0,21005.0
2024-01-05 19:04:00,40243.0,40371.0,40234.0,40359.0,22073.0
2024-01-05 19:05:00,40359.0,40447.0,40351.0,40418.0,12913.0
2024-01-05 19:06:00,40423.0,40560.0,40400.0,40556.0,6246.0
2024-01-05 19:07:00,40567.0,40586.0,40429.0,40445.0,15802.0
2024-01-05 19:08:00,40447.0,40509.0,40434.0,40498.0,20364.0
2024-01-05 19:09:00,40497.0,40505.0,40421.0,40432.0,17278.0
2024-01-05 19:10:00,40435.0,40448.0,40407.0,40433.0,9573.0
2024-01-05 19:11:00,40435.0,40620.0,40420.0,40597.0,5996.0
2024-01-05 19:12:00,40583.0,40604.0,40551.0,40579.0,20395.0
2024-01-05 19:13:00,40578.0,40738.0,40559.0,40712.0,5200.0
2024-01-05 19:14:00,40720.0,40726.0,40532.0,40542.0,19860.0
2024-01-05 19:15:00,40533.0,40545.0,40486.0,40509.0,19604.0
2024-01-05 19:16:00,40506.0,40525.0,40447.0,40475.0,8859.0
2024-01-05 19:17:00,40462.0,40698.0,40441.0,40659.0,10363.0
2024-01-05 19:18:00,40655.0,40735.0,40647.0,40723.0,8685.0
2024-01-05 19:19:00,40724.0,40803.0,40704.0,40794.0,19295.0
2024-01-05 19:20:00,40791.0,40811.0,40430.0,40442.0,12754.0
2024-01-05 19:21:00,40460.0,40595.0,40443.0,40561.0,14911.0
2024-01-05 19:22:00,40562.0,40565.0,40549.0,40549.0,12022.0
2024-01-05 19:23:00,40552.0,40555.0,40501.0,40522.0,14820.0
2024-01-05 19:24:00,40526.0,40549.0,40362.0,40391.0,18454.0
2024-01-05 19:25:00,40391.0,40399.0,40352.0,40371.0,10978.0
2024-01-05 19:26:00,40373.0,40523.0,40356.0,40494.0,7346.0
2024-01-05 19:27:00,40479.0,40586.0,40479.0,40570.0,17446.0
2024-01-05 19:28:00,40566.0,40579.0,40491.0,40516.0,14463.0
2024-01-05 19:29:00,40515.0,40634.0,40499.0,40612.0,13695.0
2024-01-05 19:30:00,40604.0,40606.0,40548.0,40549.0,13001.0
2024-01-05 19:31:00,40536.0,40621.0,40515.0,40617.0,17244.0
2024-01-05 19:32:00,40623.0,40865.0,40604.0,40837.0,9500.0
2024-01-05 19:33:00,40836.0,40931.0,40818.0,40917.0,11167.0
2024-01-05 19:34:00,40925.0,41013.0,40924.0,40981.0,20694.0
2024-01-05 19:35:00,40980.0,40990.0,40614.0,40639.0,16151.0
2024-01-05 19:36:00,40624.0,40733.0,40601.0,40727.0,14709.0
2024-01-05 19:37:00,40718.0,40728.0,40652.0,40692.0,19395.0
2024-01-05 19:38:00,40706.0,40895.0,40704.0,40888.0,90521.67060165793
2024-01-05 19:39:00,40881.0,40887.0,40635.0,40670.0,12632.0
2024-01-05 19:40:00,40663.0,40680.0,40599.0,40632.0,17076.0
2024-01-05 19:41:00,40633.0,40657.0,40327.0,40359.0,14626.0
2024-01-05 19:42:00,40356.0,40357.0,40281.0,40321.0,19617.0
2024-01-05 19:43:00,40329.0,40330.0,40192.0,40230.0,4289.0
2024-01-05 19:44:00,40235.0,40261.0,40211.0,40247.0,4620.0
2024-01-05 19:45:00,40252.0,40486.0,40251.0,40472.0,9248.0
2024-01-05 19:46:00,40465.0,40478.0,40314.0,40351.0,5513.0
2024-01-05 19:47:00,40359.0,40431.0,40343.0,40419.0,17023.0
2024-01-05 19:48:00,40413.0,40464.0,40404.0,40433.0,7085.0
2024-01-05 19:49:00,40416.0,40430.0,40332.0,40339.0,11354.0
2024-01-05 19:50:00,40354.0,40394.0,40346.0,40385.0,12051.0
2024-01-05 19:51:00,40406.0,40481.0,40397.0,40477.0,21715.0
2024-01-05 19:52:00,40471.0,40754.0,40468.0,40753.0,15420.0
2024-01-05 19:53:00,40745.0,40746.0,40536.0,40537.0,17372.0
2024-01-05 19:54:00,40537.0,40551.0,40476.0,40489.0,5247.0
2024-01-05 19:55:00,40482.0,40495.0,40295.0,40317.0,7205.0
2024-01-05 19:56:00,40317.0,40331.0,40260.0,40289.0,19375.0
2024-01-05 19:57:00,40294.0,40300.0,40208.0,40237.0,17073.0
2024-01-05 19:58:00,40230.0,40250.0,40155.0,40191.0,5602.0
2024-01-05 19:59:00,40200.0,40238.0,40185.0,40222.0,7327.0
2024-01-05 20:00:00,40227.0,40289.0,40218.0,40280.0,5983.0
2024-01-05 20:01:00,40278.0,40359.0,40278.0,40355.0,19165.0
2024-01-05 20:02:00,40349.0,40354.0,40284.0,40291.0,9718.0
2024-01-05 20:03:00,40282.0,40517.0,40268.0,40499.0,15726.0
2024-01-05 20:04:00,40491.0,40551.0,40487.0,40519.0,18522.0
2024-01-05 20:05:00,40505.0,40546.0,40489.0,40529.0,9972.0
2024-01-05 20:06:00,40519.0,40528.0,40503.0,40509.0,5701.0
2024-01-05 20:07:00,40491.0,40493.0,40338.0,40345.0,5193.0
2024-01-05 20:08:00,40342.0,40357.0,40215.0,40252.0,19084.0
2024-01-05 20:09:00,40260.0,40390.0,40244.0,40351.0,21064.0
2024-01-05 20:10:00,40344.0,40428.0,40321.0,40418.0,8018.0
2024-01-05 20:11:00,40427.0,40430.0,40301.0,40303.0,11592.0
2024-01-05 20:12:00,40305.0,40321.0,40178.0,40208.0,7483.0
2024-01-05 20:13:00,40199.0,40200.0,40085.0,40111.0,11671.0
2024-01-05 20:14:00,40097.0,40134.0,40080.0,40117.0,14743.0
2024-01-05 20:15:00,40134.0,40194.0,40128.0,40165.0,7153.0
2024-01-05 20:16:00,40167.0,40184.0,40000.0,40031.0,18902.0
2024-01-05 20:17:00,40030.0,40099.0,40024.0,40078.0,8732.0
2024-01-05 20:18:00,40075.0,40108.0,40070.0,40090.0,5576.0
2024-01-05 20:19:00,40080.0,40164.0,40072.0,40136.0,63554.29118613903
2024-01-05 20:20:00,40128.0,40449.0,40116.0,40424.0,3945.0
2024-01-05 20:21:00,40422.0,40568.0,40416.0,40546.0,14001.0
2024-01-05 20:22:00,40532.0,40668.0,40517.0,40641.0,16719.0
2024-01-05 20:23:00,40660.0,40792.0,40644.0,40765.0,14885.0
2024-01-05 20:24:00,40774.0,40794.0,40729.0,40742.0,6081.0
2024-01-05 20:25:00,40732.0,40753.0,40685.0,40692.0,16484.0
2024-01-05 20:26:00,40703.0,40722.0,40589.0,40622.0,20535.0
2024-01-05 20:27:00,40611.0,40743.0,40608.0,40705.0,7104.0
2024-01-05 20:28:00,40703.0,40729.0,40684.0,40704.0,13153.0
2024-01-05 20:29:00,40704.0,40921.0,40696.0,40908.0,13823.0
2024-01-05 20:30:00,40915.0,41087.0,40907.0,41052.0,12621.0
2024-01-05 20:31:00,41060.0,41235.0,41038.0,41214.0,14886.0
2024-01-05 20:32:00,41221.0,41229.0,41093.0,41101.0,15677.0
2024-01-05 20:33:00,41112.0,41130.0,41004.0,41013.0,20413.0
2024-01-05 20:34:00,41025.0,41090.0,41011.0,41071.0,9717.0
2024-01-05 20:35:00,41069.0,41079.0,40926.0,40967.0,19338.0
2024-01-05 20:36:00,40967.0,40980.0,40873.0,40879.0,9536.0
2024-01-05 20:37:00,40876.0,41132.0,40860.0,41108.0,20593.0
2024-01-05 20:38:00,41101.0,41118.0,41098.0,41114.0,4194.0
2024-01-05 20:39:00,41103.0,41169.0,41093.0,41130.0,20284.0
2024-01-05 20:40:00,41135.0,41161.0,41130.0,41151.0,10861.0
2024-01-05 20:41:00,41154.0,41177.0,41086.0,41095.0,12037.0
2024-01-05 20:42:00,41094.0,41145.0,41071.0,41112.0,4318.0
2024-01-05 20:43:00,41111.0,41123.0,41097.0,41120.0,13890.0
2024-01-05 20:44:00,41123.0,41186.0,41115.0,41178.0,17240.0
2024-01-05 20:45:00,41186.0,41191.0,41048.0,41052.0,8806.0
2024-01-05 20:46:00,41055.0,41063.0,40959.0,40977.0,13305.0
2024-01-05 20:47:00,40972.0,41141.0,40950.0,41119.0,16697.0
2024-01-05 20:48:00,41123.0,41372.0,41104.0,41367.0,17054.0
2024-01-05 20:49:00,41361.0,41400.0,41345.0,41386.0,9754.0
2024-01-05 20:50:00,41378.0,41520.0,41359.0,41507.0,8218.0
2024-01-05 20:51:00,41503.0,41522.0,41462.0,41467.0,5667.0
2024-01-05 20:52:00,41469.0,41476.0,41299.0,41317.0,13418.0
2024-01-05 20:53:00,41309.0,41328.0,41136.0,41173.0,9001.0
2024-01-05 20:54:00,41163.0,41185.0,41049.0,41085.0,22160.0
2024-01-05 20:55:00,41103.0,41197.0,41094.0,41164.0,11499.0
2024-01-05 20:56:00,41170.0,41179.0,41018.0,41051.0,21954.0
2024-01-05 20:57:00,41051.0,41198.0,41037.0,41183.0,5282.0
2024-01-05 20:58:00,41177.0,41195.0,41150.0,41153.0,5511.0
2024-01-05 20:59:00,41161.0,41207.0,41142.0,41200.0,12975.0
2024-01-05 21:00:00,41212.0,41390.0,41196.0,41362.0,19374.0
2024-01-05 21:01:00,41353.0,41372.0,41276.0,41303.0,18516.0
2024-01-05 21:02:00,41310.0,41418.0,41295.0,41413.0,18104.0
2024-01-05 21:03:00,41406.0,41580.0,41392.0,41539.0,10178.0
2024-01-05 21:04:00,41544.0,41657.0,41533.0,41638.0,19506.0
2024-01-05 21:05:00,41650.0,41915.0,41634.0,41902.0,20818.0
2024-01-05 21:06:00,41893.0,42061.0,41888.0,42029.0,21483.0
2024-01-05 21:07:00,42039.0,42129.0,42028.0,42087.0,13117.0
2024-01-05 21:08:00,42109.0,42126.0,41930.0,41932.0,7519.0
2024-01-05 21:09:00,41928.0,41943.0,41686.0,41713.0,15704.0
2024-01-05 21:10:00,41715.0,41910.0,41710.0,41877.0,18692.0
2024-01-05 21:11:00,41884.0,41886.0,41614.0,41655.0,6533.0
2024-01-05 21:12:00,41639.0,41964.0,41618.0,41937.0,4663.0
2024-01-05 21:13:00,41933.0,42089.0,41912.0,42078.0,18321.0
2024-01-05 21:14:00,42084.0,42088.0,41938.0,41979.0,20065.0
2024-01-05 21:15:00,41985.0,42008.0,41909.0,41937.0,12549.0
2024-01-05 21:16:00,41930.0,42043.0,41906.0,42028.0,20128.0
2024-01-05 21:17:00,42047.0,42187.0,42039.0,42145.0,5855.0
2024-01-05 21:18:00,42134.0,42514.0,42130.0,42485.0,16254.0
2024-01-05 21:19:00,42486.0,42626.0,42482.0,42607.0,10669.0
2024-01-05 21:20:00,42595.0,42598.0,42452.0,42489.0,5326.0
2024-01-05 21:21:00,42481.0,42623.0,42470.0,42585.0,19886.0
2024-01-05 21:22:00,42564.0,42694.0,42542.0,42669.0,19063.0
2024-01-05 21:23:00,42657.0,42775.0,42651.0,42765.0,3765.0
2024-01-05 21:24:00,42768.0,42771.0,42715.0,42741.0,16390.0
2024-01-05 21:25:00,42747.0,42773.0,42734.0,42755.0,19587.0
2024-01-05 21:26:00,42756.0,43205.0,42754.0,43182.0,21813.0
2024-01-05 21:27:00,43176.0,43282.0,43165.0,43280.0,6449.0
2024-01-05 21:28:00,43288.0,43362.0,43288.0,43334.0,14789.0
2024-01-05 21:29:00,43337.0,43402.0,43334.0,43363.0,8120.0
2024-01-05 21:30:00,43352.0,43377.0,43238.0,43274.0,14951.0
2024-01-05 21:31:00,43285.0,43293.0,43255.0,43259.0,9664.0
2024-01-05 21:32:00,43250.0,43293.0,43232.0,43278.0,14562.0
2024-01-05 21:33:00,43292.0,43577.0,43280.0,43565.0,16500.0
2024-01-05 21:34:00,43560.0,43818.0,43541.0,43778.0,17246.0
2024-01-05 21:35:00,43788.0,43793.0,43709.0,43713.0,13254.0
2024-01-05 21:36:00,43704.0,43803.0,43680.0,43769.0,18708.0
2024-01-05 21:37:00,43773.0,43797.0,43610.0,43613.0,16731.0
2024-01-05 21:38:00,43618.0,43715.0,43602.0,43710.0,4535.0
2024-01-05 21:39:00,43699.0,43711.0,43529.0,43560.0,21070.0
2024-01-05 21:40:00,43554.0,43634.0,43529.0,43628.0,14354.0
2024-01-05 21:41:00,43627.0,43645.0,43342.0,43356.0,20098.0
2024-01-05 21:42:00,43350.0,43441.0,43338.0,43399.0,6888.0
2024-01-05 21:43:00,43425.0,43542.0,43418.0,43509.0,21978.0
2024-01-05 21:44:00,43505.0,43523.0,43408.0,43426.0,8743.0
2024-01-05 21:45:00,43432.0,43433.0,43306.0,43330.0,19904.0
2024-01-05 21:46:00,43316.0,43447.0,43293.0,43419.0,19330.0
2024-01-05 21:47:00,43412.0,43420.0,43312.0,43315.0,14094.0
2024-01-05 21:48:00,43312.0,43417.0,43289.0,43394.0,21754.0
2024-01-05 21:49:00,43384.0,43459.0,43371.0,43418.0,6672.0
2024-01-05 21:50:00,43416.0,43429.0,43312.0,43331.0,4566.0
2024-01-05 21:51:00,43327.0,43347.0,43270.0,43310.0,19424.0
2024-01-05 21:52:00,43308.0,43321.0,43286.0,43313.0,13565.0
2024-01-05 21:53:00,43328.0,43345.0,43014.0,43035.0,15417.0
2024-01-05 21:54:00,43038.0,43387.0,43019.0,43385.0,21624.0
2024-01-05 21:55:00,43379.0,43401.0,43189.0,43206.0,20301.0
2024-01-05 21:56:00,43204.0,43207.0,43021.0,43061.0,19468.0
2024-01-05 21:57:00,43057.0,43205.0,43040.0,43167.0,7311.0
2024-01-05 21:58:00,43163.0,43182.0,43123.0,43147.0,13949.0
2024-01-05 21:59:00,43146.0,43339.0,43129.0,43319.0,10448.0
2024-01-05 22:00:00,43324.0,43361.0,43314.0,43342.0,12050.0
2024-01-05 22:01:00,43334.0,43350.0,43197.0,43205.0,5208.0
2024-01-05 22:02:00,43209.0,43213.0,43062.0,43105.0,8041.0
2024-01-05 22:03:00,43092.0,43093.0,43063.0,43087.0,7473.0
2024-01-05 22:04:00,43073.0,43179.0,43059.0,43147.0,14288.0
2024-01-05 22:05:00,43146.0,43235.0,43142.0,43214.0,5233.0
2024-01-05 22:06:00,43214.0,43266.0,43210.0,43240.0,12840.0
2024-01-05 22:07:00,43242.0,43303.0,43236.0,43263.0,13156.0
2024-01-05 22:08:00,43269.0,43301.0,43251.0,43297.0,11002.0
2024-01-05 22:09:00,43301.0,43310.0,43157.0,43197.0,7678.0
2024-01-05 22:10:00,43201.0,43206.0,43166.0,43189.0,9080.0
2024-01-05 22:11:00,43192.0,43330.0,43169.0,43310.0,5513.0
2024-01-05 22:12:00,43296.0,43315.0,43276.0,43300.0,12978.0
2024-01-05 22:13:00,43307.0,43327.0,43300.0,43306.0,6702.0
2024-01-05 22:14:00,43306.0,43309.0,43305.0,43307.0,6138.0
2024-01-05 22:15:00,43315.0,43424.0,43299.0,43418.0,13629.0
2024-01-05 22:16:00,43416.0,43440.0,43277.0,43306.0,12011.0
2024-01-05 22:17:00,43295.0,43303.0,43237.0,43240.0,6613.0
2024-01-05 22:18:00,43235.0,43348.0,43227.0,43331.0,11833.0
2024-01-05 22:19:00,43335.0,43359.0,43294.0,43330.0,12697.0
2024-01-05 22:20:00,43331.0,43397.0,43330.0,43373.0,10513.0
2024-01-05 22:21:00,43383.0,43459.0,43378.0,43440.0,12151.0
2024-01-05 22:22:00,43435.0,43439.0,43311.0,43336.0,5065.0
2024-01-05 22:23:00,43335.0,43348.0,43253.0,43286.0,5430.0
2024-01-05 22:24:00,43288.0,43297.0,43206.0,43221.0,9800.0
2024-01-05 22:25:00,43216.0,43217.0,43076.0,43100.0,14873.0
2024-01-05 22:26:00,43096.0,43103.0,43006.0,43023.0,2668.0
2024-01-05 22:27:00,43028.0,43040.0,42975.0,42985.0,14397.0
2024-01-05 22:28:00,42981.0,43039.0,42981.0,43022.0,10082.0
2024-01-05 22:29:00,43020.0,43098.0,43000.0,43090.0,13614.0
2024-01-05 22:30:00,43095.0,43191.0,43086.0,43162.0,7781.0
2024-01-05 22:31:00,43162.0,43283.0,43151.0,43280.0,5663.0
2024-01-05 22:32:00,43268.0,43281.0,43147.0,43149.0,10447.0
2024-01-05 22:33:00,43162.0,43294.0,43153.0,43290.0,9740.0
2024-01-05 22:34:00,43299.0,43485.0,43298.0,43476.0,4305.0
2024-01-05 22:35:00,43465.0,43517.0,43442.0,43497.0,4714.0
2024-01-05 22:36:00,43507.0,43532.0,43361.0,43371.0,7823.0
2024-01-05 22:37:00,43381.0,43451.0,43375.0,43416.0,11104.0
2024-01-05 22:38:00,43428.0,43462.0,43425.0,43434.0,9124.0
2024-01-05 22:39:00,43440.0,43454.0,43434.0,43435.0,3294.0
2024-01-05 22:40:00,43441.0,43479.0,43421.0,43462.0,4149.0
2024-01-05 22:41:00,43471.0,43477.0,43347.0,43368.0,9191.0
2024-01-05 22:42:00,43364.0,43414.0,43356.0,43375.0,10213.0
2024-01-05 22:43:00,43395.0,43452.0,43389.0,43417.0,5679.0
2024-01-05 22:44:00,43419.0,43444.0,43401.0,43421.0,11599.0
2024-01-05 22:45:00,43415.0,43477.0,43404.0,43476.0,6006.0
2024-01-05 22:46:00,43472.0,43487.0,43422.0,43454.0,12723.0
2024-01-05 22:47:00,43457.0,43458.0,43305.0,43313.0,3322.0
2024-01-05 22:48:00,43327.0,43331.0,43148.0,43156.0,4553.0
2024-01-05 22:49:00,43152.0,43186.0,43139.0,43185.0,3194.0
2024-01-05 22:50:00,43186.0,43289.0,43185.0,43250.0,3659.0
2024-01-05 22:51:00,43238.0,43254.0,43108.0,43144.0,14147.0
2024-01-05 22:52:00,43151.0,43228.0,43148.0,43206.0,13020.0
2024-01-05 22:53:00,43204.0,43218.0,43138.0,43147.0,14184.0
2024-01-05 22:54:00,43152.0,43162.0,43094.0,43125.0,2806.0
2024-01-05 22:55:00,43120.0,43223.0,43096.0,43188.0,12248.0
2024-01-05 22:56:00,43192.0,43214.0,43139.0,43174.0,12201.0
2024-01-05 22:57:00,43187.0,43200.0,43131.0,43134.0,51791.872291287094
2024-01-05 22:58:00,43143.0,43166.0,43022.0,43043.0,54562.27899815687
2024-01-05 22:59:00,43047.0,43050.0,43017.0,43039.0,7006.0
2024-01-05 23:00:00,43042.0,43114.0,43034.0,43106.0,11414.0
2024-01-05 23:01:00,43119.0,43140.0,43003.0,43024.0,5874.0
2024-01-05 23:02:00,43028.0,43086.0,43018.0,43071.0,3622.0
2024-01-05 23:03:00,43074.0,43180.0,43074.0,43161.0,5538.0
2024-01-05 23:04:00,43153.0,43253.0,43145.0,43237.0,7655.0
2024-01-05 23:05:00,43229.0,43372.0,43214.0,43350.0,4639.0
2024-01-05 23:06:00,43345.0,43490.0,43324.0,43472.0,7949.0
2024-01-05 23:07:00,43493.0,43558.0,43478.0,43519.0,7733.0
2024-01-05 23:08:00,43514.0,43569.0,43499.0,43540.0,9966.0
2024-01-05 23:09:00,43538.0,43586.0,43523.0,43563.0,6647.0
2024-01-05 23:10:00,43558.0,43601.0,43553.0,43566.0,3923.0
2024-01-05 23:11:00,43562.0,43587.0,43389.0,43424.0,9049.0
2024-01-05 23:12:00,43423.0,43435.0,43377.0,43379.0,13612.0
2024-01-05 23:13:00,43387.0,43460.0,43367.0,43422.0,12283.0
2024-01-05 23:14:00,43425.0,43520.0,43404.0,43490.0,3942.0
2024-01-05 23:15:00,43473.0,43539.0,43463.0,43524.0,8431.0
2024-01-05 23:16:00,43519.0,43528.0,43386.0,43428.0,12980.0
2024-01-05 23:17:00,43426.0,43431.0,43327.0,43345.0,9517.0
2024-01-05 23:18:00,43335.0,43342.0,43190.0,43209.0,10887.0
2024-01-05 23:19:00,43218.0,43243.0,43141.0,43149.0,9760.0
2024-01-05 23:20:00,43154.0,43249.0,43132.0,43230.0,7264.0
2024-01-05 23:21:00,43230.0,43248.0,43212.0,43223.0,10852.0
2024-01-05 23:22:00,43222.0,43261.0,43203.0,43231.0,9228.0
2024-01-05 23:23:00,43230.0,43291.0,43206.0,43283.0,13072.0
2024-01-05 23:24:00,43288.0,43313.0,43163.0,43203.0,11255.0
2024-01-05 23:25:00,43205.0,43229.0,42994.0,43014.0,7742.0
2024-01-05 23:26:00,43011.0,43089.0,42988.0,43089.0,8425.0
2024-01-05 23:27:00,43098.0,43162.0,43084.0,43152.0,2672.0
2024-01-05 23:28:00,43159.0,43182.0,42928.0,42968.0,3917.0
2024-01-05 23:29:00,42973.0,43051.0,42961.0,43046.0,7799.0
2024-01-05 23:30:00,43051.0,43069.0,42954.0,42980.0,112721.22840005085
2024-01-05 23:31:00,42978.0,43010.0,42958.0,42997.0,5015.0
2024-01-05 23:32:00,42999.0,43016.0,42977.0,43012.0,13002.0
2024-01-05 23:33:00,43013.0,43022.0,42998.0,43016.0,5546.0
2024-01-05 23:34:00,43020.0,43082.0,43003.0,43043.0,14978.0
2024-01-05 23:35:00,43046.0,43069.0,43018.0,43040.0,11839.0
2024-01-05 23:36:00,43025.0,43043.0,43012.0,43027.0,34884.70013547989
2024-01-05 23:37:00,43037.0,43170.0,43035.0,43152.0,2654.0
2024-01-05 23:38:00,43163.0,43189.0,42956.0,42986.0,8845.0
2024-01-05 23:39:00,42985.0,42994.0,42935.0,42953.0,9640.0
2024-01-05 23:40:00,42934.0,43014.0,42933.0,42981.0,13925.0
2024-01-05 23:41:00,42985.0,43007.0,42908.0,42935.0,14663.0
2024-01-05 23:42:00,42934.0,43018.0,42924.0,43008.0,11100.0
2024-01-05 23:43:00,43005.0,43009.0,42993.0,43004.0,14003.0
2024-01-05 23:44:00,43011.0,43169.0,42988.0,43158.0,12108.0
2024-01-05 23:45:00,43147.0,43158.0,43045.0,43069.0,8644.0
2024-01-05 23:46:00,43063.0,43155.0,43059.0,43125.0,14764.0
2024-01-05 23:47:00,43138.0,43141.0,43043.0,43049.0,8683.0
2024-01-05 23:48:00,43048.0,43052.0,43043.0,43045.0,14854.0
2024-01-05 23:49:00,43044.0,43094.0,43032.0,43060.0,14562.0
2024-01-05 23:50:00,43050.0,43072.0,42976.0,42977.0,11630.0
2024-01-05 23:51:00,42981.0,42996.0,42979.0,42990.0,6139.0
2024-01-05 23:52:00,42979.0,42992.0,42973.0,42991.0,13778.0
2024-01-05 23:53:00,42987.0,42994.0,42876.0,42890.0,10411.0
2024-01-05 23:54:00,42903.0,42903.0,42848.0,42872.0,10087.0
2024-01-05 23:55:00,42879.0,42902.0,42870.0,42893.0,5864.0
2024-01-05 23:56:00,42896.0,42913.0,42814.0,42824.0,9316.0
2024-01-05 23:57:00,42824.0,42840.0,42754.0,42781.0,13846.0
2024-01-05 23:58:00,42770.0,42889.0,42757.0,42868.0,4546.0
2024-01-05 23:59:00,42868.0,43027.0,42864.0,42985.0,5082.0
