timestamp,open,high,low,close,volume
2024-01-01 00:00:00,1999.48,2000.1200000000001,1986.24,1988.93,5494.0
2024-01-01 00:01:00,1988.15,1991.72,1987.6200000000001,1989.45,5311.0
2024-01-01 00:02:00,1989.23,1993.91,1988.69,1992.76,3642.0
2024-01-01 00:03:00,1992.44,1992.57,1988.98,1991.31,4169.0
2024-01-01 00:04:00,1991.26,1997.41,1991.1200000000001,1996.91,4178.0
2024-01-01 00:05:00,1998.29,1998.48,1995.16,1996.6000000000001,1699.0
2024-01-01 00:06:00,1996.19,2005.76,1996.0,2003.5800000000002,4598.0
2024-01-01 00:07:00,2004.0,2009.77,2002.54,2008.16,1337.0
2024-01-01 00:08:00,2007.5800000000002,2010.02,2005.96,2009.24,2369.0
2024-01-01 00:09:00,2009.53,2017.03,2008.1000000000001,2015.51,2741.0
2024-01-01 00:10:00,2015.94,2017.57,2008.74,2009.68,2339.0
2024-01-01 00:11:00,2009.32,2017.57,2007.77,2016.25,5465.0
2024-01-01 00:12:00,2015.65,2015.78,2008.5,2008.76,2787.0
2024-01-01 00:13:00,2008.0800000000002,2008.38,1996.79,1999.78,5061.0
2024-01-01 00:14:00,2000.75,2000.77,1997.55,1999.3300000000002,1567.0
2024-01-01 00:15:00,1999.15,2004.98,1998.93,2003.14,3601.0
2024-01-01 00:16:00,2003.04,2004.47,1997.97,1999.45,3443.0
2024-01-01 00:17:00,1998.81,2000.0900000000001,1990.8500000000001,1992.77,4138.0
2024-01-01 00:18:00,1993.81,1994.3300000000002,1988.39,1989.95,3158.0
2024-01-01 00:19:00,1989.9,1990.57,1976.56,1977.1200000000001,5407.0
2024-01-01 00:20:00,1976.96,1977.2,1972.3,1973.6000000000001,4512.0
2024-01-01 00:21:00,1972.8300000000002,1983.31,1971.5800000000002,1981.25,2351.0
2024-01-01 00:22:00,1981.99,1983.7,1978.3600000000001,1979.98,2618.0
2024-01-01 00:23:00,1979.76,1980.23,1975.74,1977.41,1719.0
2024-01-01 00:24:00,1977.81,1986.42,1977.01,1984.5800000000002,4117.0
2024-01-01 00:25:00,1984.93,1992.79,1983.8700000000001,1991.3400000000001,1870.0
2024-01-01 00:26:00,1991.24,1991.51,1985.17,1987.5900000000001,5198.0
2024-01-01 00:27:00,1988.21,1988.5,1985.26,1988.17,5521.0
2024-01-01 00:28:00,1988.42,1993.23,1986.78,1992.5,5719.0
2024-01-01 00:29:00,1992.31,1993.29,1983.0,1985.68,3368.0
2024-01-01 00:30:00,1986.31,1986.6000000000001,1982.4,1984.92,1029.0
2024-01-01 00:31:00,1985.1000000000001,1986.07,1975.71,1978.3700000000001,3369.0
2024-01-01 00:32:00,1977.46,1984.26,1976.69,1983.8500000000001,1905.0
2024-01-01 00:33:00,1984.68,1986.27,1975.5800000000002,1978.2,2508.0
2024-01-01 00:34:00,1976.89,1977.23,1974.29,1975.68,4081.0
2024-01-01 00:35:00,1975.53,1983.63,1974.43,1980.99,2169.0
2024-01-01 00:36:00,1980.13,1980.39,1973.5900000000001,1975.6100000000001,2893.0
2024-01-01 00:37:00,1976.28,1980.26,1976.28,1978.8700000000001,4922.0
2024-01-01 00:38:00,1977.89,1982.24,1976.66,1980.17,1312.0
2024-01-01 00:39:00,1979.76,1980.47,1977.53,1979.5900000000001,1268.0
2024-01-01 00:40:00,1980.24,1983.06,1978.8300000000002,1980.28,3719.0
2024-01-01 00:41:00,1980.66,1985.0,1979.06,1984.24,1979.0
2024-01-01 00:42:00,1983.71,1987.18,1982.0800000000002,1984.74,2059.0
2024-01-01 00:43:00,1985.27,1995.71,1983.51,1994.26,3917.0
2024-01-01 00:44:00,1994.42,1995.25,1990.31,1991.4,3136.0
2024-01-01 00:45:00,1991.68,1995.6000000000001,1990.52,1994.94,2156.0
2024-01-01 00:46:00,1994.0,1996.68,1993.78,1995.94,2064.0
2024-01-01 00:47:00,1996.07,1996.46,1994.5800000000002,1996.03,4987.0
2024-01-01 00:48:00,1995.17,1997.39,1993.98,1995.65,2584.0
2024-01-01 00:49:00,1996.92,1996.95,1995.81,1996.48,5855.0
2024-01-01 00:50:00,1997.64,2008.46,1996.6100000000001,2006.57,2663.0
2024-01-01 00:51:00,2008.0900000000001,2008.28,2004.3500000000001,2006.74,2499.0
2024-01-01 00:52:00,2006.44,2007.79,1999.65,2000.0,3718.0
2024-01-01 00:53:00,2000.91,2009.81,2000.3,2008.0,4889.0
2024-01-01 00:54:00,2008.99,2009.3600000000001,2005.67,2007.16,1160.0
2024-01-01 00:55:00,2007.52,2007.53,2000.04,2002.96,5405.0
2024-01-01 00:56:00,2002.7,2004.5800000000002,2002.65,2003.41,3775.0
2024-01-01 00:57:00,2002.03,2005.8300000000002,2001.93,2003.55,4036.0
2024-01-01 00:58:00,2004.56,2004.73,2000.93,2001.22,2222.0
2024-01-01 00:59:00,2000.94,2005.19,1999.82,2003.5,1186.0
2024-01-01 01:00:00,2002.96,2003.64,1998.6200000000001,2001.0900000000001,3724.0
2024-01-01 01:01:00,2001.3600000000001,2003.8,1999.95,2003.79,2495.0
2024-01-01 01:02:00,2004.26,2010.5,2003.15,2009.96,3127.0
2024-01-01 01:03:00,2009.53,2010.22,2006.8600000000001,2008.78,1440.0
2024-01-01 01:04:00,2009.4,2010.66,1999.92,2002.82,5343.0
2024-01-01 01:05:00,2003.1000000000001,2007.72,2002.47,2005.48,1603.0
2024-01-01 01:06:00,2004.67,2007.53,2003.82,2006.27,2225.0
2024-01-01 01:07:00,2005.73,2007.42,2005.3300000000002,2007.14,5044.0
2024-01-01 01:08:00,2007.67,2008.27,2004.32,2006.68,5507.0
2024-01-01 01:09:00,2006.46,2007.56,2005.0800000000002,2006.71,1891.0
2024-01-01 01:10:00,2006.97,2007.76,2002.17,2004.51,5753.0
2024-01-01 01:11:00,2005.46,2006.3600000000001,1995.76,1998.73,1061.0
2024-01-01 01:12:00,1999.1200000000001,1999.21,1991.47,1992.8300000000002,3413.0
2024-01-01 01:13:00,1993.24,1993.64,1990.71,1990.98,1777.0
2024-01-01 01:14:00,1990.8400000000001,2006.0,1990.3700000000001,2003.3500000000001,1576.0
2024-01-01 01:15:00,2002.8400000000001,2015.21,2001.44,2014.38,5358.0
2024-01-01 01:16:00,2014.32,2016.63,2013.69,2016.03,4464.0
2024-01-01 01:17:00,2016.4,2024.2,2016.38,2021.97,4839.0
2024-01-01 01:18:00,2021.41,2023.1200000000001,2015.98,2017.74,1876.0
2024-01-01 01:19:00,2017.57,2017.8,2011.48,2013.21,2196.0
2024-01-01 01:20:00,2012.89,2026.3300000000002,2012.71,2023.6200000000001,5588.0
2024-01-01 01:21:00,2023.51,2030.0800000000002,2022.38,2027.42,2133.0
2024-01-01 01:22:00,2028.27,2029.5,2024.79,2025.0900000000001,4962.937276525814
2024-01-01 01:23:00,2024.5800000000002,2027.66,2023.21,2026.0900000000001,2955.0
2024-01-01 01:24:00,2025.5900000000001,2038.73,2025.54,2036.38,5431.0
2024-01-01 01:25:00,2036.29,2043.75,2035.28,2042.32,1000.0
2024-01-01 01:26:00,2042.6100000000001,2051.76,2042.18,2049.19,4926.0
2024-01-01 01:27:00,2050.0,2053.02,2049.39,2050.9700000000003,3299.0
2024-01-01 01:28:00,2051.73,2052.52,2045.75,2046.41,5832.0
2024-01-01 01:29:00,2046.24,2050.63,2046.18,2050.39,2156.0
2024-01-01 01:30:00,2049.69,2058.59,2049.33,2057.82,1452.0
2024-01-01 01:31:00,2058.62,2069.85,2057.9900000000002,2068.02,2082.0
2024-01-01 01:32:00,2068.4,2077.32,2067.44,2075.4700000000003,2054.0
2024-01-01 01:33:00,2075.59,2076.52,2073.2400000000002,2074.7400000000002,1359.0
2024-01-01 01:34:00,2075.27,2075.91,2061.68,2064.36,5435.0
2024-01-01 01:35:00,2063.9900000000002,2069.79,2062.94,2068.41,1016.0
2024-01-01 01:36:00,2068.36,2069.03,2059.33,2061.32,5450.0
2024-01-01 01:37:00,2062.28,2063.51,2056.71,2059.57,1793.0
2024-01-01 01:38:00,2059.62,2061.32,2055.5,2057.56,2333.0
2024-01-01 01:39:00,2057.12,2058.82,2053.29,2055.27,3888.0
2024-01-01 01:40:00,2056.65,2056.66,2039.78,2040.63,1297.0
2024-01-01 01:41:00,2041.49,2042.44,2037.3300000000002,2039.6200000000001,1214.0
2024-01-01 01:42:00,2039.25,2040.14,2025.3500000000001,2026.03,9265.00255468683
2024-01-01 01:43:00,2026.25,2027.31,2020.39,2023.14,4348.0
2024-01-01 01:44:00,2022.41,2023.51,2020.75,2021.68,4008.0
2024-01-01 01:45:00,2021.6000000000001,2021.68,2011.53,2012.53,5462.0
2024-01-01 01:46:00,2013.0,2014.75,2005.47,2005.5800000000002,3440.0
2024-01-01 01:47:00,2005.78,2006.69,1994.2,1996.98,2580.0
2024-01-01 01:48:00,1996.79,1996.98,1993.76,1994.32,5796.0
2024-01-01 01:49:00,1994.95,1996.1000000000001,1991.3600000000001,1991.54,1607.0
2024-01-01 01:50:00,1991.54,1997.02,1990.76,1994.29,2718.0
2024-01-01 01:51:00,1993.0800000000002,1994.25,1988.67,1989.9,2723.0
2024-01-01 01:52:00,1989.68,1990.67,1985.28,1986.69,1664.0
2024-01-01 01:53:00,1987.21,1996.19,1986.13,1995.06,4012.0
2024-01-01 01:54:00,1995.03,1996.5,1992.94,1994.6000000000001,3809.0
2024-01-01 01:55:00,1995.45,1996.17,1992.6100000000001,1992.7,1230.0
2024-01-01 01:56:00,1992.96,1997.38,1992.19,1994.77,4149.0
2024-01-01 01:57:00,1994.44,1996.44,1993.6200000000001,1995.5,1033.0
2024-01-01 01:58:00,1996.17,1997.82,1985.21,1987.8,1267.0
2024-01-01 01:59:00,1988.47,1995.23,1986.71,1994.6200000000001,5543.0
2024-01-01 02:00:00,1993.99,2000.15,1993.03,1998.79,4627.0
2024-01-01 02:01:00,1999.41,2005.73,1998.5,2004.5900000000001,5983.0
2024-01-01 02:02:00,2004.8,2006.56,1999.66,2001.65,4463.0
2024-01-01 02:03:00,2002.5900000000001,2006.6100000000001,2001.55,2006.57,5904.0
2024-01-01 02:04:00,2006.64,2009.3500000000001,2006.5900000000001,2008.16,2790.0
2024-01-01 02:05:00,2007.78,2008.01,1995.14,1995.74,4026.0
2024-01-01 02:06:00,1995.2,1999.0900000000001,1993.56,1997.05,2849.0
2024-01-01 02:07:00,1996.69,1997.68,1989.67,1991.14,5253.0
2024-01-01 02:08:00,1990.94,1992.0900000000001,1982.54,1982.5800000000002,5243.0
2024-01-01 02:09:00,1982.46,1984.9,1982.18,1983.9,4717.0
2024-01-01 02:10:00,1983.43,1993.6200000000001,1981.76,1991.21,4327.0
2024-01-01 02:11:00,1989.6200000000001,1990.67,1986.8500000000001,1987.68,3963.0
2024-01-01 02:12:00,1986.63,1988.42,1980.4,1981.13,5151.0
2024-01-01 02:13:00,1980.69,1986.15,1979.31,1985.5,1608.0
2024-01-01 02:14:00,1986.04,1990.82,1985.88,1990.78,3183.0
2024-01-01 02:15:00,1990.15,2000.28,1989.0,1998.56,2712.0
2024-01-01 02:16:00,1998.89,2005.01,1997.95,2002.5900000000001,3237.0
2024-01-01 02:17:00,2002.1000000000001,2007.44,2000.71,2004.98,2549.0
2024-01-01 02:18:00,2003.52,2006.18,2001.75,2004.3300000000002,3697.0
2024-01-01 02:19:00,2003.8300000000002,2011.1200000000001,2002.3500000000001,2009.23,3568.0
2024-01-01 02:20:00,2009.71,2015.8300000000002,2008.13,2014.3700000000001,2900.0
2024-01-01 02:21:00,2015.0,2015.95,2007.49,2008.67,3707.0
2024-01-01 02:22:00,2008.39,2008.41,2005.15,2005.6000000000001,1674.0
2024-01-01 02:23:00,2005.96,2007.8300000000002,2004.54,2007.41,4470.0
2024-01-01 02:24:00,2006.6100000000001,2008.02,1999.8400000000001,2002.6200000000001,5635.0
2024-01-01 02:25:00,2002.78,2003.68,1999.92,2001.97,12509.10742424818
2024-01-01 02:26:00,2000.76,2001.48,1992.94,1995.69,3920.0
2024-01-01 02:27:00,1995.55,1998.76,1993.76,1998.44,2736.0
2024-01-01 02:28:00,1998.88,1999.03,1993.4,1994.3,4736.0
2024-01-01 02:29:00,1994.81,2002.89,1993.18,2000.02,4810.0
2024-01-01 02:30:00,1999.8400000000001,2001.31,1991.76,1994.67,2075.0
2024-01-01 02:31:00,1994.44,1997.6200000000001,1994.07,1994.76,2646.0
2024-01-01 02:32:00,1994.51,2004.13,1992.94,2001.6000000000001,2717.0
2024-01-01 02:33:00,2002.22,2002.47,1997.82,1999.8400000000001,3924.0
2024-01-01 02:34:00,2001.16,2001.6200000000001,1995.9,1996.03,3194.0
2024-01-01 02:35:00,1995.55,1997.06,1992.5800000000002,1993.46,4619.0
2024-01-01 02:36:00,1993.79,1994.67,1991.0,1991.41,3544.0
2024-01-01 02:37:00,1991.3600000000001,1992.64,1976.3300000000002,1976.8700000000001,5968.0
2024-01-01 02:38:00,1976.98,1980.76,1975.8600000000001,1980.3,4970.0
2024-01-01 02:39:00,1979.5,1983.6200000000001,1978.92,1981.04,1076.0
2024-01-01 02:40:00,1980.66,1985.67,1980.3400000000001,1984.52,22162.058625747315
2024-01-01 02:41:00,1985.1200000000001,1985.8400000000001,1970.16,1972.43,1749.0
2024-01-01 02:42:00,1973.4,1977.66,1973.0900000000001,1976.04,3122.0
2024-01-01 02:43:00,1976.64,1979.22,1976.4,1978.49,2689.0
2024-01-01 02:44:00,1978.71,1980.3,1970.3500000000001,1972.23,2730.0
2024-01-01 02:45:00,1972.3300000000002,1978.42,1971.14,1976.3500000000001,3174.0
2024-01-01 02:46:00,1975.94,1988.03,1975.71,1985.19,4213.0
2024-01-01 02:47:00,1985.1000000000001,1987.3600000000001,1984.44,1986.0,5776.0
2024-01-01 02:48:00,1986.18,1987.76,1977.6200000000001,1979.18,5099.0
2024-01-01 02:49:00,1978.23,1979.52,1968.77,1969.07,3851.0
2024-01-01 02:50:00,1968.74,1973.95,1967.63,1972.3400000000001,1563.0
2024-01-01 02:51:00,1972.55,1981.1100000000001,1971.23,1979.16,4858.0
2024-01-01 02:52:00,1978.89,1981.5800000000002,1977.26,1979.17,3457.0
2024-01-01 02:53:00,1979.21,1980.71,1975.88,1978.0,2387.0
2024-01-01 02:54:00,1978.8,1979.89,1966.17,1967.8,4189.0
2024-01-01 02:55:00,1967.66,1978.19,1966.67,1976.93,4298.0
2024-01-01 02:56:00,1977.16,1978.76,1966.5900000000001,1968.47,4700.0
2024-01-01 02:57:00,1968.43,1969.02,1962.71,1962.82,1448.0
2024-01-01 02:58:00,1961.95,1966.7,1961.27,1964.66,1310.0
2024-01-01 02:59:00,1963.58,1974.73,1962.32,1973.93,3032.0
2024-01-01 03:00:00,1973.6100000000001,1990.73,1972.5900000000001,1989.22,5039.0
2024-01-01 03:01:00,1990.1000000000001,1991.5,1981.43,1982.8600000000001,4351.0
2024-01-01 03:02:00,1982.3,1983.02,1971.74,1972.28,2455.0
2024-01-01 03:03:00,1972.5,1972.5800000000002,1968.1100000000001,1970.57,4708.0
2024-01-01 03:04:00,1970.81,1972.1100000000001,1964.26,1966.72,2152.0
2024-01-01 03:05:00,1966.1000000000001,1967.25,1961.41,1963.48,2103.0
2024-01-01 03:06:00,1962.43,1962.8600000000001,1958.75,1960.39,2934.0
2024-01-01 03:07:00,1961.07,1963.5,1959.65,1961.88,3139.0
2024-01-01 03:08:00,1962.38,1963.8500000000001,1961.42,1962.3600000000001,1058.0
2024-01-01 03:09:00,1962.52,1964.44,1961.97,1963.1200000000001,1525.0
2024-01-01 03:10:00,1962.25,1964.21,1961.49,1962.3400000000001,4289.0
2024-01-01 03:11:00,1962.64,1963.58,1960.93,1962.49,4114.0
2024-01-01 03:12:00,1961.8400000000001,1962.4,1956.14,1958.0900000000001,3790.0
2024-01-01 03:13:00,1956.83,1957.3500000000001,1947.57,1949.97,2894.0
2024-01-01 03:14:00,1950.45,1950.8,1945.04,1946.77,4741.0
2024-01-01 03:15:00,1946.44,1949.52,1945.42,1948.82,1845.0
2024-01-01 03:16:00,1949.0,1949.95,1940.6100000000001,1942.23,3818.0
2024-01-01 03:17:00,1942.07,1950.3400000000001,1940.55,1948.19,1509.0
2024-01-01 03:18:00,1948.19,1948.42,1943.83,1943.8400000000001,5884.0
2024-01-01 03:19:00,1943.6200000000001,1948.83,1943.3600000000001,1947.6100000000001,5980.0
2024-01-01 03:20:00,1947.6100000000001,1949.33,1935.33,1937.32,5835.0
2024-01-01 03:21:00,1937.54,1943.07,1936.0,1942.45,1693.0
2024-01-01 03:22:00,1942.32,1957.47,1941.4,1955.89,4969.0
2024-01-01 03:23:00,1955.74,1965.14,1955.27,1962.6000000000001,2668.0
2024-01-01 03:24:00,1962.3700000000001,1963.73,1960.93,1962.22,4600.0
2024-01-01 03:25:00,1962.77,1963.74,1950.51,1951.43,2229.0
2024-01-01 03:26:00,1950.97,1953.76,1949.96,1953.24,3564.0
2024-01-01 03:27:00,1953.56,1954.75,1953.05,1954.1100000000001,2189.0
2024-01-01 03:28:00,1954.89,1964.38,1953.77,1962.45,1747.0
2024-01-01 03:29:00,1962.8,1963.53,1961.18,1963.1100000000001,4229.0
2024-01-01 03:30:00,1963.3400000000001,1975.16,1963.2,1972.7,2085.0
2024-01-01 03:31:00,1972.26,1972.89,1967.49,1969.48,3852.0
2024-01-01 03:32:00,1970.95,1977.31,1970.55,1975.45,3320.0
2024-01-01 03:33:00,1975.47,1981.69,1975.25,1980.39,2559.0
2024-01-01 03:34:00,1980.79,1981.67,1976.16,1978.24,4068.0
2024-01-01 03:35:00,1978.23,1983.0800000000002,1977.68,1981.69,4550.0
2024-01-01 03:36:00,1981.57,1986.01,1980.05,1984.94,3379.0
2024-01-01 03:37:00,1985.6100000000001,1990.9,1984.63,1988.06,1234.0
2024-01-01 03:38:00,1988.1000000000001,1996.14,1988.01,1993.28,3286.0
2024-01-01 03:39:00,1993.6100000000001,1993.91,1983.57,1986.19,2595.0
2024-01-01 03:40:00,1987.21,1987.64,1983.05,1983.63,5823.0
2024-01-01 03:41:00,1983.75,1989.0800000000002,1982.8700000000001,1988.28,1767.0
2024-01-01 03:42:00,1988.54,1989.8600000000001,1985.1200000000001,1985.6000000000001,4815.0
2024-01-01 03:43:00,1986.01,1995.1100000000001,1985.16,1992.49,5385.0
2024-01-01 03:44:00,1992.3300000000002,1997.29,1991.17,1996.8400000000001,3965.0
2024-01-01 03:45:00,1997.18,1997.57,1989.96,1991.57,4462.0
2024-01-01 03:46:00,1992.0,1995.07,1991.57,1994.81,3171.0
2024-01-01 03:47:00,1994.04,2006.56,1992.65,2005.64,3954.0
2024-01-01 03:48:00,2005.21,2009.5800000000002,2003.4,2007.45,2358.0
2024-01-01 03:49:00,2007.74,2008.6100000000001,2002.77,2004.32,5569.0
2024-01-01 03:50:00,2004.5,2005.1200000000001,2002.25,2002.52,1057.0
2024-01-01 03:51:00,2002.7,2003.01,1997.15,1998.98,3796.0
2024-01-01 03:52:00,1998.44,1998.75,1986.92,1989.17,4177.0
2024-01-01 03:53:00,1988.8300000000002,1991.64,1987.16,1991.16,4318.0
2024-01-01 03:54:00,1990.1000000000001,2006.88,1988.46,2003.94,3189.0
2024-01-01 03:55:00,2004.3300000000002,2008.6000000000001,2002.67,2006.6000000000001,4325.0
2024-01-01 03:56:00,2007.24,2014.5,2006.4,2011.77,4706.0
2024-01-01 03:57:00,2011.5,2019.64,2009.77,2018.0800000000002,3636.0
2024-01-01 03:58:00,2018.06,2023.66,2017.8600000000001,2021.5800000000002,3646.0
2024-01-01 03:59:00,2021.07,2024.26,2020.54,2021.6100000000001,1794.0
2024-01-01 04:00:00,2021.22,2021.75,2015.16,2017.3,3430.0
2024-01-01 04:01:00,2016.21,2017.21,2012.15,2013.7,1179.0
2024-01-01 04:02:00,2013.65,2019.48,2013.63,2018.99,5869.0
2024-01-01 04:03:00,2019.57,2019.94,2014.3300000000002,2014.65,2755.0
2024-01-01 04:04:00,2014.8300000000002,2025.15,2013.3600000000001,2023.32,2635.0
2024-01-01 04:05:00,2023.91,2030.3300000000002,2023.18,2028.1100000000001,2578.0
2024-01-01 04:06:00,2028.55,2036.5,2026.76,2034.8300000000002,1496.0
2024-01-01 04:07:00,2034.3400000000001,2044.39,2034.16,2041.39,2577.0
2024-01-01 04:08:00,2041.04,2044.63,2040.5900000000001,2041.67,3655.0
2024-01-01 04:09:00,2041.19,2046.79,2040.1000000000001,2044.96,1129.0
2024-01-01 04:10:00,2044.31,2053.15,2042.71,2050.45,3216.0
2024-01-01 04:11:00,2049.95,2061.64,2049.77,2060.53,5168.0
2024-01-01 04:12:00,2059.87,2065.3,2058.89,2062.79,1747.0
2024-01-01 04:13:00,2062.52,2063.75,2057.02,2059.01,1404.0
2024-01-01 04:14:00,2059.8,2069.08,2059.64,2066.96,3784.0
2024-01-01 04:15:00,2066.85,2068.63,2066.13,2067.66,4424.0
2024-01-01 04:16:00,2067.59,2076.51,2067.17,2074.21,4891.0
2024-01-01 04:17:00,2075.09,2078.25,2074.51,2076.0,1507.0
2024-01-01 04:18:00,2076.06,2089.38,2074.89,2087.39,5490.0
2024-01-01 04:19:00,2088.25,2089.32,2072.81,2075.75,2817.0
2024-01-01 04:20:00,2076.96,2077.28,2066.63,2069.69,3487.0
2024-01-01 04:21:00,2069.87,2076.0,2068.08,2075.68,1273.0
2024-01-01 04:22:00,2074.91,2085.44,2073.62,2084.48,1672.0
2024-01-01 04:23:00,2084.8,2085.62,2082.51,2083.15,1653.0
2024-01-01 04:24:00,2083.29,2085.07,2078.46,2081.2,3907.0
2024-01-01 04:25:00,2081.52,2082.21,2076.1,2078.58,4625.0
2024-01-01 04:26:00,2078.38,2078.66,2072.17,2073.44,3798.0
2024-01-01 04:27:00,2073.69,2073.8,2065.66,2066.69,1621.0
2024-01-01 04:28:00,2067.33,2067.77,2061.5,2063.12,2631.0
2024-01-01 04:29:00,2063.09,2063.78,2059.83,2060.51,1692.0
2024-01-01 04:30:00,2060.69,2061.58,2054.67,2055.41,3435.0
2024-01-01 04:31:00,2055.67,2069.9,2054.17,2068.06,3700.0
2024-01-01 04:32:00,2067.61,2072.96,2066.9,2071.68,1205.0
2024-01-01 04:33:00,2072.7200000000003,2072.7200000000003,2070.45,2072.28,2885.0
2024-01-01 04:34:00,2073.07,2073.7,2067.92,2068.79,3066.0
2024-01-01 04:35:00,2068.63,2080.19,2067.7,2079.45,5556.0
2024-01-01 04:36:00,2080.02,2082.93,2078.58,2082.07,5474.0
2024-01-01 04:37:00,2082.21,2087.95,2080.66,2084.93,2512.0
2024-01-01 04:38:00,2084.63,2085.29,2084.25,2084.31,2357.0
2024-01-01 04:39:00,2083.61,2084.02,2082.04,2082.95,2180.0
2024-01-01 04:40:00,2082.55,2083.04,2076.37,2078.7200000000003,4429.0
2024-01-01 04:41:00,2079.27,2080.9700000000003,2073.77,2075.46,4728.0
2024-01-01 04:42:00,2076.05,2076.9,2075.13,2075.66,2494.0
2024-01-01 04:43:00,2075.62,2077.46,2072.62,2073.01,1512.0
2024-01-01 04:44:00,2072.82,2072.89,2072.03,2072.67,4770.0
2024-01-01 04:45:00,2071.68,2073.08,2047.8400000000001,2048.87,4909.0
2024-01-01 04:46:00,2049.06,2063.77,2048.8,2062.21,4428.0
2024-01-01 04:47:00,2064.0,2066.37,2062.78,2065.91,4726.0
2024-01-01 04:48:00,2066.01,2071.35,2064.52,2068.42,1075.0
2024-01-01 04:49:00,2069.45,2084.61,2067.7,2083.86,5810.0
2024-01-01 04:50:00,2083.3,2088.02,2081.48,2085.7200000000003,2613.0
2024-01-01 04:51:00,2086.05,2087.8,2081.63,2084.63,1696.0
2024-01-01 04:52:00,2083.35,2087.07,2082.94,2086.2,2456.0
2024-01-01 04:53:00,2086.45,2097.67,2084.73,2095.27,2223.0
2024-01-01 04:54:00,2095.57,2096.91,2079.66,2081.9,2420.0
2024-01-01 04:55:00,2081.63,2093.27,2081.35,2091.5,5200.0
2024-01-01 04:56:00,2091.93,2092.2200000000003,2090.9700000000003,2091.57,5308.0
2024-01-01 04:57:00,2092.38,2094.0,2089.92,2092.3,1424.0
2024-01-01 04:58:00,2091.2400000000002,2094.84,2089.71,2093.84,5089.0
2024-01-01 04:59:00,2093.2200000000003,2097.58,2092.25,2094.8,1847.0
2024-01-01 05:00:00,2093.41,2114.53,2091.98,2111.4900000000002,5465.0
2024-01-01 05:01:00,2111.45,2111.73,2104.13,2107.02,3960.0
2024-01-01 05:02:00,2106.7400000000002,2110.43,2106.48,2107.68,3100.0
2024-01-01 05:03:00,2108.9700000000003,2112.1,2108.71,2111.32,5674.0
2024-01-01 05:04:00,2111.8,2112.94,2101.34,2102.0,1449.0
2024-01-01 05:05:00,2100.63,2109.67,2100.4,2107.76,39183.104540500826
2024-01-01 05:06:00,2107.84,2109.32,2104.06,2105.26,4626.0
2024-01-01 05:07:00,2106.08,2107.2200000000003,2096.8,2099.91,4336.0
2024-01-01 05:08:00,2100.3,2104.41,2098.84,2101.69,1120.0
2024-01-01 05:09:00,2101.04,2101.08,2097.17,2098.91,2263.0
2024-01-01 05:10:00,2098.53,2103.1,2098.29,2101.45,5330.0
2024-01-01 05:11:00,2101.45,2108.26,2099.66,2107.07,3037.0
2024-01-01 05:12:00,2107.05,2108.92,2099.86,2100.41,5327.0
2024-01-01 05:13:00,2100.06,2100.71,2087.46,2089.37,2778.0
2024-01-01 05:14:00,2090.4900000000002,2092.01,2088.63,2091.44,30951.84744350207
2024-01-01 05:15:00,2091.77,2093.4900000000002,2087.1,2089.9900000000002,2302.0
2024-01-01 05:16:00,2090.4900000000002,2090.54,2085.77,2087.8,3094.0
2024-01-01 05:17:00,2088.34,2098.91,2087.92,2097.77,5271.0
2024-01-01 05:18:00,2097.79,2099.51,2086.82,2089.87,2507.0
2024-01-01 05:19:00,2089.19,2089.71,2078.6,2080.04,5335.0
2024-01-01 05:20:00,2079.52,2079.96,2073.03,2076.09,4664.0
2024-01-01 05:21:00,2076.03,2083.96,2075.2,2082.48,3381.0
2024-01-01 05:22:00,2081.78,2084.46,2080.37,2081.8,3342.0
2024-01-01 05:23:00,2080.71,2087.62,2080.12,2087.41,5760.0
2024-01-01 05:24:00,2087.34,2089.13,2083.62,2083.9,2577.0
2024-01-01 05:25:00,2083.95,2084.76,2074.87,2074.9900000000002,1874.0
2024-01-01 05:26:00,2074.68,2075.57,2069.06,2071.56,4293.0
2024-01-01 05:27:00,2071.61,2072.7,2063.82,2065.17,2526.0
2024-01-01 05:28:00,2065.77,2067.38,2061.0,2062.68,3056.0
2024-01-01 05:29:00,2062.17,2063.45,2056.65,2058.08,4981.0
2024-01-01 05:30:00,2058.28,2071.69,2057.54,2071.48,2468.0
2024-01-01 05:31:00,2071.54,2072.71,2070.7400000000002,2072.03,1881.0
2024-01-01 05:32:00,2071.71,2083.76,2070.18,2081.54,3508.0
2024-01-01 05:33:00,2081.36,2082.01,2071.78,2071.8,2790.0
2024-01-01 05:34:00,2072.32,2072.54,2069.34,2069.71,5206.0
2024-01-01 05:35:00,2070.6,2078.92,2070.38,2077.48,3124.0
2024-01-01 05:36:00,2078.29,2078.42,2075.76,2076.79,5882.0
2024-01-01 05:37:00,2076.06,2084.19,2075.85,2082.17,5400.0
2024-01-01 05:38:00,2082.16,2082.36,2070.75,2071.66,4867.0
2024-01-01 05:39:00,2072.02,2081.9900000000002,2071.35,2080.59,1607.0
2024-01-01 05:40:00,2080.56,2085.96,2079.16,2085.18,3590.0
2024-01-01 05:41:00,2085.4900000000002,2086.14,2084.27,2086.1,4011.0
2024-01-01 05:42:00,2086.35,2086.38,2079.41,2082.4700000000003,4455.0
2024-01-01 05:43:00,2082.17,2083.94,2077.04,2079.68,3066.0
2024-01-01 05:44:00,2081.26,2082.4,2070.16,2072.92,4436.0
2024-01-01 05:45:00,2073.36,2078.7200000000003,2071.77,2078.17,3353.0
2024-01-01 05:46:00,2079.48,2085.44,2078.58,2084.7400000000002,2853.0
2024-01-01 05:47:00,2085.05,2085.82,2070.11,2072.57,5881.0
2024-01-01 05:48:00,2071.9700000000003,2073.79,2070.2,2072.31,1766.0
2024-01-01 05:49:00,2072.71,2074.26,2071.7200000000003,2071.77,2838.0
2024-01-01 05:50:00,2071.96,2073.45,2066.41,2068.5,5597.0
2024-01-01 05:51:00,2068.03,2070.28,2067.2200000000003,2068.7200000000003,2792.0
2024-01-01 05:52:00,2069.17,2071.81,2068.94,2071.73,4850.0
2024-01-01 05:53:00,2071.59,2076.53,2070.5,2074.4900000000002,4884.0
2024-01-01 05:54:00,2075.15,2076.88,2074.53,2076.45,2290.0
2024-01-01 05:55:00,2077.09,2084.93,2075.38,2084.16,3006.0
2024-01-01 05:56:00,2083.45,2086.12,2082.15,2085.23,4011.0
2024-01-01 05:57:00,2085.14,2085.61,2083.02,2084.69,1578.0
2024-01-01 05:58:00,2085.2,2092.4900000000002,2084.26,2089.58,1976.0
2024-01-01 05:59:00,2090.25,2094.33,2090.16,2092.07,5670.0
2024-01-01 06:00:00,2092.16,2092.43,2084.52,2086.81,5562.0
2024-01-01 06:01:00,2087.26,2088.79,2086.2200000000003,2087.82,1867.0
2024-01-01 06:02:00,2087.83,2094.23,2087.63,2093.66,3581.0
2024-01-01 06:03:00,2093.68,2094.68,2080.7,2082.89,1660.0
2024-01-01 06:04:00,2083.09,2087.28,2081.41,2085.94,13041.278375605549
2024-01-01 06:05:00,2086.4,2087.41,2080.62,2083.7400000000002,4215.0
2024-01-01 06:06:00,2083.82,2086.17,2082.88,2084.42,3922.0
2024-01-01 06:07:00,2084.0,2084.48,2076.66,2079.02,1901.0
2024-01-01 06:08:00,2079.12,2079.58,2076.34,2076.94,1049.0
2024-01-01 06:09:00,2077.88,2077.9900000000002,2076.46,2077.62,1434.0
2024-01-01 06:10:00,2077.45,2080.7,2076.06,2077.98,1402.0
2024-01-01 06:11:00,2077.09,2087.32,2076.2400000000002,2086.25,4772.0
2024-01-01 06:12:00,2086.44,2087.54,2077.7,2079.06,3202.0
2024-01-01 06:13:00,2079.7200000000003,2098.38,2078.8,2097.83,5500.0
2024-01-01 06:14:00,2097.46,2105.32,2095.91,2104.1,4560.0
2024-01-01 06:15:00,2104.79,2118.7200000000003,2103.4,2118.34,3251.0
2024-01-01 06:16:00,2118.36,2127.71,2117.44,2124.84,1279.0
2024-01-01 06:17:00,2125.68,2126.5,2116.27,2117.16,4435.0
2024-01-01 06:18:00,2118.56,2120.41,2111.41,2113.71,4547.0
2024-01-01 06:19:00,2113.94,2114.17,2112.14,2112.89,5871.0
2024-01-01 06:20:00,2111.69,2113.32,2109.79,2113.06,5214.0
2024-01-01 06:21:00,2112.89,2113.61,2109.42,2112.2,1804.0
2024-01-01 06:22:00,2113.98,2114.52,2101.94,2104.94,2359.0
2024-01-01 06:23:00,2104.3,2110.18,2103.16,2109.06,5445.0
2024-01-01 06:24:00,2109.62,2111.96,2109.08,2109.9,3417.0
2024-01-01 06:25:00,2110.61,2111.71,2102.7,2105.18,2832.0
2024-01-01 06:26:00,2104.16,2105.73,2094.76,2095.17,2548.0
2024-01-01 06:27:00,2095.38,2101.34,2095.01,2101.12,5453.0
2024-01-01 06:28:00,2102.15,2102.18,2098.44,2100.77,4942.0
2024-01-01 06:29:00,2100.68,2101.85,2090.06,2093.17,2541.0
2024-01-01 06:30:00,2092.98,2097.05,2091.14,2096.41,4039.0
2024-01-01 06:31:00,2096.0,2096.69,2085.66,2087.69,1995.0
2024-01-01 06:32:00,2088.6,2094.2400000000002,2087.77,2092.6,5112.0
2024-01-01 06:33:00,2093.32,2098.15,2093.15,2096.76,2493.0
2024-01-01 06:34:00,2096.13,2099.93,2095.8,2098.2200000000003,2833.0
2024-01-01 06:35:00,2097.13,2097.13,2093.26,2093.35,2151.0
2024-01-01 06:36:00,2092.85,2100.17,2091.0,2099.31,1904.0
2024-01-01 06:37:00,2098.89,2100.15,2093.25,2095.85,1858.0
2024-01-01 06:38:00,2095.57,2096.52,2093.53,2093.7400000000002,5121.0
2024-01-01 06:39:00,2093.77,2102.61,2093.31,2101.59,2080.0
2024-01-01 06:40:00,2102.64,2106.54,2100.95,2105.28,3440.0
2024-01-01 06:41:00,2105.6,2106.2400000000002,2105.4700000000003,2105.7,4126.0
2024-01-01 06:42:00,2105.56,2105.59,2098.95,2099.56,2039.0
2024-01-01 06:43:00,2100.84,2102.67,2096.69,2098.85,2765.0
2024-01-01 06:44:00,2099.41,2106.53,2098.01,2105.57,2112.0
2024-01-01 06:45:00,2105.91,2114.07,2104.67,2113.13,4867.0
2024-01-01 06:46:00,2113.26,2119.13,2112.09,2118.43,1377.0
2024-01-01 06:47:00,2117.44,2120.6,2117.04,2120.36,4076.0
2024-01-01 06:48:00,2119.61,2120.29,2116.6,2118.55,1845.0
2024-01-01 06:49:00,2119.48,2126.68,2119.29,2124.96,3662.0
2024-01-01 06:50:00,2124.52,2125.4,2120.17,2121.51,2942.0
2024-01-01 06:51:00,2121.2,2122.03,2116.9900000000002,2117.2400000000002,1683.0
2024-01-01 06:52:00,2116.59,2122.94,2115.94,2120.9,1177.0
2024-01-01 06:53:00,2121.36,2121.87,2110.61,2113.14,3652.0
2024-01-01 06:54:00,2114.11,2118.65,2112.31,2118.11,4510.0
2024-01-01 06:55:00,2117.98,2122.7,2116.2200000000003,2120.2400000000002,5937.0
2024-01-01 06:56:00,2120.42,2130.46,2119.66,2130.3,5338.0
2024-01-01 06:57:00,2130.36,2144.84,2128.92,2142.61,4285.0
2024-01-01 06:58:00,2142.4700000000003,2149.13,2141.16,2146.35,2925.0
2024-01-01 06:59:00,2145.2,2146.26,2140.37,2143.34,5292.0
2024-01-01 07:00:00,2142.83,2150.94,2142.06,2150.83,5328.0
2024-01-01 07:01:00,2150.44,2151.32,2141.76,2143.57,4212.0
2024-01-01 07:02:00,2143.14,2143.23,2137.54,2138.69,2868.0
2024-01-01 07:03:00,2139.55,2145.55,2139.19,2143.21,2213.0
2024-01-01 07:04:00,2143.69,2144.59,2139.2400000000002,2142.19,5215.0
2024-01-01 07:05:00,2142.9900000000002,2151.61,2142.51,2149.56,5131.0
2024-01-01 07:06:00,2149.94,2150.69,2149.14,2149.96,4684.0
2024-01-01 07:07:00,2150.25,2154.9,2149.45,2153.2,2264.0
2024-01-01 07:08:00,2152.33,2152.53,2140.9900000000002,2143.87,2399.0
2024-01-01 07:09:00,2143.5,2153.15,2142.91,2150.02,4870.0
2024-01-01 07:10:00,2151.9,2158.15,2151.19,2157.86,5142.0
2024-01-01 07:11:00,2157.19,2157.36,2153.31,2156.23,3223.0
2024-01-01 07:12:00,2156.32,2163.41,2156.27,2161.18,2277.0
2024-01-01 07:13:00,2160.69,2161.94,2157.09,2158.03,5299.0
2024-01-01 07:14:00,2157.86,2161.6,2157.43,2160.75,1790.0
2024-01-01 07:15:00,2160.0,2163.81,2159.68,2161.9700000000003,2596.0
2024-01-01 07:16:00,2161.83,2163.67,2156.96,2157.4900000000002,1697.0
2024-01-01 07:17:00,2158.11,2165.16,2157.41,2164.54,5575.0
2024-01-01 07:18:00,2165.44,2166.11,2161.9900000000002,2162.19,4612.0
2024-01-01 07:19:00,2162.39,2164.2200000000003,2153.82,2156.52,5416.0
2024-01-01 07:20:00,2157.37,2167.79,2156.39,2165.75,2763.0
2024-01-01 07:21:00,2164.86,2166.63,2157.87,2157.9900000000002,1627.0
2024-01-01 07:22:00,2159.3,2160.42,2154.2200000000003,2154.77,3702.0
2024-01-01 07:23:00,2154.31,2158.29,2153.2,2155.53,4417.0
2024-01-01 07:24:00,2154.78,2155.36,2145.95,2148.43,2813.0
2024-01-01 07:25:00,2148.29,2149.36,2147.38,2149.02,15442.540782096961
2024-01-01 07:26:00,2148.4,2148.79,2136.18,2138.71,5334.0
2024-01-01 07:27:00,2138.05,2139.45,2132.53,2134.48,2170.0
2024-01-01 07:28:00,2134.16,2142.34,2133.38,2139.81,3750.0
2024-01-01 07:29:00,2140.28,2142.07,2139.5,2140.11,1352.0
2024-01-01 07:30:00,2139.17,2145.81,2137.4,2144.13,3105.0
2024-01-01 07:31:00,2144.94,2153.51,2144.36,2152.35,4281.0
2024-01-01 07:32:00,2152.88,2154.7400000000002,2145.32,2146.64,5125.0
2024-01-01 07:33:00,2146.51,2147.05,2137.31,2140.37,1189.0
2024-01-01 07:34:00,2140.55,2141.56,2140.03,2140.85,4187.0
2024-01-01 07:35:00,2140.68,2142.73,2140.4900000000002,2141.15,1732.0
2024-01-01 07:36:00,2141.91,2150.56,2141.68,2149.39,2328.0
2024-01-01 07:37:00,2149.2200000000003,2150.93,2145.75,2148.58,3330.0
2024-01-01 07:38:00,2149.28,2149.94,2143.56,2145.84,1623.0
2024-01-01 07:39:00,2145.56,2147.1,2143.7,2145.75,4350.0
2024-01-01 07:40:00,2144.63,2151.05,2143.45,2149.18,8443.968385189715
2024-01-01 07:41:00,2149.66,2165.7200000000003,2148.65,2165.05,5059.0
2024-01-01 07:42:00,2165.71,2170.09,2164.1,2167.69,3323.0
2024-01-01 07:43:00,2167.69,2176.16,2167.04,2175.33,4102.0
2024-01-01 07:44:00,2174.45,2182.93,2173.18,2179.73,2432.0
2024-01-01 07:45:00,2178.93,2184.75,2177.2400000000002,2183.16,1174.0
2024-01-01 07:46:00,2182.98,2193.29,2181.54,2190.3,3821.0
2024-01-01 07:47:00,2190.96,2196.23,2189.7200000000003,2193.52,5328.0
2024-01-01 07:48:00,2192.68,2193.87,2174.77,2177.57,4023.0
2024-01-01 07:49:00,2177.29,2187.8,2177.07,2184.96,3975.0
2024-01-01 07:50:00,2185.7000000000003,2190.37,2185.33,2187.23,5345.0
2024-01-01 07:51:00,2188.18,2189.91,2185.91,2187.88,1792.0
2024-01-01 07:52:00,2187.4700000000003,2196.41,2187.43,2195.52,5066.0
2024-01-01 07:53:00,2197.29,2199.59,2195.79,2199.53,1570.0
2024-01-01 07:54:00,2200.84,2206.32,2198.87,2203.94,22977.88790916983
2024-01-01 07:55:00,2203.61,2205.38,2193.78,2195.29,4501.0
2024-01-01 07:56:00,2195.43,2197.23,2187.17,2188.35,5468.0
2024-01-01 07:57:00,2188.37,2189.56,2187.02,2189.35,5610.0
2024-01-01 07:58:00,2190.04,2194.08,2188.9900000000002,2191.92,1208.0
2024-01-01 07:59:00,2190.43,2192.3,2188.53,2190.18,3100.0
2024-01-01 08:00:00,2189.73,2191.57,2168.9,2172.03,7595.0
2024-01-01 08:01:00,2171.98,2177.64,2171.78,2176.07,3527.0
2024-01-01 08:02:00,2176.66,2177.03,2174.32,2175.88,1686.0
2024-01-01 08:03:00,2176.92,2177.08,2173.68,2175.84,7115.0
2024-01-01 08:04:00,2175.11,2185.2400000000002,2173.67,2182.9700000000003,4527.0
2024-01-01 08:05:00,2183.31,2183.7200000000003,2180.0,2180.15,6898.0
2024-01-01 08:06:00,2180.4,2181.05,2177.85,2179.75,3012.0
2024-01-01 08:07:00,2180.21,2181.16,2151.0,2153.08,6683.0
2024-01-01 08:08:00,2153.55,2154.06,2132.79,2135.8,8634.0
2024-01-01 08:09:00,2135.9,2144.14,2134.89,2142.58,8945.0
2024-01-01 08:10:00,2143.13,2155.88,2142.54,2155.7,8880.0
2024-01-01 08:11:00,2155.45,2170.52,2154.9700000000003,2169.26,8029.0
2024-01-01 08:12:00,2168.51,2168.61,2149.01,2150.26,6183.0
2024-01-01 08:13:00,2149.79,2158.91,2147.93,2157.55,7716.0
2024-01-01 08:14:00,2156.3,2165.18,2154.37,2162.17,3329.0
2024-01-01 08:15:00,2161.59,2187.52,2160.19,2186.2200000000003,2082.0
2024-01-01 08:16:00,2189.70752,2190.80128,2188.6137599999997,2190.363776,8894.0
2024-01-01 08:17:00,2201.6,2203.44,2198.79,2199.27,3696.0
2024-01-01 08:18:00,2199.44,2202.43,2199.03,2202.05,2027.0
2024-01-01 08:19:00,2201.82,2203.55,2183.73,2186.66,8924.0
2024-01-01 08:20:00,2186.48,2186.84,2180.73,2183.42,4124.0
2024-01-01 08:21:00,2182.15,2183.83,2168.53,2170.01,2509.0
2024-01-01 08:22:00,2169.89,2180.41,2169.23,2177.89,7328.0
2024-01-01 08:23:00,2177.7,2179.06,2163.29,2163.42,3757.0
2024-01-01 08:24:00,2163.34,2163.34,2160.26,2162.7200000000003,43370.66360606196
2024-01-01 08:25:00,2162.91,2165.2,2162.87,2163.87,4922.0
2024-01-01 08:26:00,2162.95,2164.18,2161.9700000000003,2163.2200000000003,3339.0
2024-01-01 08:27:00,2162.7,2171.52,2162.18,2168.91,6956.0
2024-01-01 08:28:00,2168.56,2179.84,2166.7200000000003,2177.38,6265.0
2024-01-01 08:29:00,2177.51,2182.45,2176.85,2180.96,7973.0
2024-01-01 08:30:00,2180.73,2194.11,2178.85,2191.9900000000002,6561.0
2024-01-01 08:31:00,2192.11,2196.28,2191.62,2193.07,6942.0
2024-01-01 08:32:00,2193.9500000000003,2206.4,2192.23,2203.65,4860.0
2024-01-01 08:33:00,2203.38,2219.78,2203.05,2217.14,7774.0
2024-01-01 08:34:00,2216.51,2216.56,2215.81,2215.86,6327.0
2024-01-01 08:35:00,2214.54,2214.92,2203.51,2206.4700000000003,5428.0
2024-01-01 08:36:00,2207.82,2223.35,2206.46,2223.02,5733.0
2024-01-01 08:37:00,2222.76,2236.17,2222.34,2233.65,8160.0
2024-01-01 08:38:00,2233.8,2234.14,2221.51,2223.27,2339.0
2024-01-01 08:39:00,2223.51,2228.93,2221.71,2228.06,5216.0
2024-01-01 08:40:00,2227.9,2229.59,2211.37,2214.42,7770.0
2024-01-01 08:41:00,2214.42,2216.27,2201.27,2202.93,8134.0
2024-01-01 08:42:00,2202.44,2202.88,2201.43,2201.56,5416.0
2024-01-01 08:43:00,2201.07,2204.38,2200.37,2203.73,5350.0
2024-01-01 08:44:00,2203.52,2204.85,2200.06,2202.75,6438.0
2024-01-01 08:45:00,2202.52,2202.9700000000003,2183.95,2184.37,2300.0
2024-01-01 08:46:00,2184.18,2184.2200000000003,2180.95,2184.0,2655.0
2024-01-01 08:47:00,2183.75,2189.08,2182.59,2188.15,2895.0
2024-01-01 08:48:00,2188.56,2189.56,2177.54,2179.12,4048.0
2024-01-01 08:49:00,2179.65,2180.26,2162.18,2164.16,7991.0
2024-01-01 08:50:00,2165.07,2166.25,2154.92,2155.79,1687.0
2024-01-01 08:51:00,2156.0,2157.84,2148.87,2149.7400000000002,4505.0
2024-01-01 08:52:00,2149.42,2150.4700000000003,2145.98,2148.14,8808.0
2024-01-01 08:53:00,2149.43,2157.15,2148.67,2154.31,7221.0
2024-01-01 08:54:00,2154.32,2155.65,2151.64,2153.93,6844.0
2024-01-01 08:55:00,2154.86,2155.94,2151.91,2153.91,1506.0
2024-01-01 08:56:00,2153.77,2154.07,2137.09,2140.3,4778.0
2024-01-01 08:57:00,2140.36,2147.81,2139.4700000000003,2146.2400000000002,7121.0
2024-01-01 08:58:00,2145.37,2146.28,2144.34,2145.9,5325.0
2024-01-01 08:59:00,2145.83,2159.1,2145.13,2157.25,1773.0
2024-01-01 09:00:00,2157.38,2170.5,2156.77,2169.76,8632.0
2024-01-01 09:01:00,2169.96,2171.9,2163.88,2163.93,3224.0
2024-01-01 09:02:00,2163.27,2164.43,2158.9,2160.44,7459.0
2024-01-01 09:03:00,2161.08,2162.94,2152.14,2152.84,2552.0
2024-01-01 09:04:00,2151.7,2168.51,2151.01,2166.14,6436.0
2024-01-01 09:05:00,2166.01,2166.23,2132.3,2134.81,6079.0
2024-01-01 09:06:00,2135.46,2143.36,2134.76,2143.18,8680.0
2024-01-01 09:07:00,2141.46,2143.12,2140.18,2141.79,6828.0
2024-01-01 09:08:00,2141.4900000000002,2141.57,2138.98,2141.14,6416.0
2024-01-01 09:09:00,2141.69,2145.16,2141.31,2142.12,8690.0
2024-01-01 09:10:00,2142.79,2144.2200000000003,2140.67,2142.35,2197.0
2024-01-01 09:11:00,2142.27,2150.35,2141.6,2149.82,7340.0
2024-01-01 09:12:00,2151.7,2152.1,2144.79,2146.78,8585.0
2024-01-01 09:13:00,2147.45,2152.56,2145.9700000000003,2151.26,1574.0
2024-01-01 09:14:00,2150.48,2166.9,2148.66,2164.4700000000003,4449.0
2024-01-01 09:15:00,2163.61,2176.17,2162.9700000000003,2173.9,4224.0
2024-01-01 09:16:00,2173.9700000000003,2175.62,2160.7,2161.4,2748.0
2024-01-01 09:17:00,2162.07,2168.06,2160.89,2165.73,5637.0
2024-01-01 09:18:00,2166.86,2168.68,2160.07,2161.89,4036.0
2024-01-01 09:19:00,2160.82,2175.12,2160.65,2174.39,4014.0
2024-01-01 09:20:00,2174.25,2174.8,2164.4900000000002,2167.39,8186.0
2024-01-01 09:21:00,2167.15,2179.42,2167.0,2176.66,1800.0
2024-01-01 09:22:00,2175.91,2177.53,2167.87,2169.44,6533.0
2024-01-01 09:23:00,2169.16,2170.79,2161.27,2163.0,5970.0
2024-01-01 09:24:00,2164.11,2165.92,2158.12,2160.53,4637.0
2024-01-01 09:25:00,2159.95,2166.63,2158.77,2166.1,1894.0
2024-01-01 09:26:00,2166.08,2167.05,2164.8,2164.9900000000002,7377.0
2024-01-01 09:27:00,2164.8,2165.66,2161.1,2161.39,2770.0
2024-01-01 09:28:00,2161.39,2170.2400000000002,2160.57,2167.2200000000003,8193.0
2024-01-01 09:29:00,2167.59,2168.35,2161.4700000000003,2164.01,8861.0
2024-01-01 09:30:00,2165.48,2176.42,2164.46,2176.28,8308.0
2024-01-01 09:31:00,2175.62,2189.52,2174.91,2188.07,8651.0
2024-01-01 09:32:00,2187.64,2189.75,2186.21,2188.09,1876.0
2024-01-01 09:33:00,2187.31,2190.4700000000003,2185.62,2188.8,3833.0
2024-01-01 09:34:00,2189.07,2197.02,2188.41,2196.55,4431.0
2024-01-01 09:35:00,2197.11,2201.13,2196.9,2199.9,4398.0
2024-01-01 09:36:00,2199.44,2203.8,2198.16,2201.79,3925.0
2024-01-01 09:37:00,2201.59,2208.3,2200.29,2205.46,7198.0
2024-01-01 09:38:00,2205.78,2207.36,2192.33,2193.9900000000002,2056.0
2024-01-01 09:39:00,2194.37,2207.16,2194.14,2204.7000000000003,5105.0
2024-01-01 09:40:00,2204.9700000000003,2213.36,2203.31,2210.43,3284.0
2024-01-01 09:41:00,2209.89,2221.28,2208.52,2220.9900000000002,5206.0
2024-01-01 09:42:00,2219.59,2220.43,2206.85,2210.12,5858.0
2024-01-01 09:43:00,2209.94,2211.15,2193.18,2194.62,6967.0
2024-01-01 09:44:00,2194.81,2195.9700000000003,2177.69,2180.05,6739.0
2024-01-01 09:45:00,2179.66,2192.7000000000003,2179.55,2190.31,5238.0
2024-01-01 09:46:00,2190.83,2191.4700000000003,2174.9900000000002,2177.18,8530.0
2024-01-01 09:47:00,2177.4900000000002,2192.81,2175.79,2191.66,6627.0
2024-01-01 09:48:00,2190.81,2191.57,2185.61,2186.96,5121.0
2024-01-01 09:49:00,2187.78,2189.62,2185.32,2186.2000000000003,8424.0
2024-01-01 09:50:00,2185.01,2189.12,2183.4900000000002,2187.07,3452.0
2024-01-01 09:51:00,2187.34,2188.85,2172.61,2173.65,7463.0
2024-01-01 09:52:00,2172.78,2173.54,2164.61,2167.32,1925.0
2024-01-01 09:53:00,2167.87,2168.02,2159.85,2161.02,8764.0
2024-01-01 09:54:00,2161.68,2167.7,2161.56,2164.85,5353.0
2024-01-01 09:55:00,2164.2400000000002,2188.7400000000002,2162.7400000000002,2186.39,6849.0
2024-01-01 09:56:00,2186.78,2188.62,2178.7400000000002,2181.45,2347.0
2024-01-01 09:57:00,2182.39,2184.02,2177.57,2179.02,5991.0
2024-01-01 09:58:00,2179.93,2181.51,2178.51,2178.53,8834.0
2024-01-01 09:59:00,2177.62,2192.57,2176.52,2189.39,5300.0
2024-01-01 10:00:00,2188.9500000000003,2190.08,2167.21,2170.36,3287.0
2024-01-01 10:01:00,2170.73,2172.07,2159.04,2161.67,2696.0
2024-01-01 10:02:00,2162.44,2176.1,2161.27,2173.63,7542.0
2024-01-01 10:03:00,2173.4900000000002,2175.31,2166.12,2166.87,2345.0
2024-01-01 10:04:00,2166.92,2180.09,2166.52,2179.01,8000.0
2024-01-01 10:05:00,2178.85,2182.61,2178.34,2180.34,2904.0
2024-01-01 10:06:00,2179.57,2179.64,2159.76,2162.07,5609.0
2024-01-01 10:07:00,2160.79,2161.25,2153.2200000000003,2154.38,3346.0
2024-01-01 10:08:00,2154.4,2159.37,2153.58,2156.92,7685.0
2024-01-01 10:09:00,2158.15,2162.75,2157.93,2162.43,6052.0
2024-01-01 10:10:00,2163.41,2163.79,2157.37,2159.09,6285.0
2024-01-01 10:11:00,2158.7400000000002,2163.65,2158.3,2162.59,2804.0
2024-01-01 10:12:00,2162.19,2171.3,2162.16,2169.48,5936.0
2024-01-01 10:13:00,2169.66,2170.06,2151.78,2154.9900000000002,4845.0
2024-01-01 10:14:00,2153.87,2154.27,2145.4900000000002,2148.54,1658.0
2024-01-01 10:15:00,2148.92,2153.91,2148.62,2150.9700000000003,3115.0
2024-01-01 10:16:00,2150.9700000000003,2157.44,2150.7200000000003,2156.94,6904.0
2024-01-01 10:17:00,2156.48,2168.94,2155.33,2166.03,5684.0
2024-01-01 10:18:00,2165.95,2179.14,2165.14,2177.71,2859.0
2024-01-01 10:19:00,2177.86,2182.86,2176.42,2180.51,7672.0
2024-01-01 10:20:00,2179.39,2181.32,2176.77,2178.26,8313.0
2024-01-01 10:21:00,2177.77,2200.17,2176.61,2197.89,8868.0
2024-01-01 10:22:00,2198.16,2199.75,2190.35,2190.42,5488.0
2024-01-01 10:23:00,2190.9900000000002,2191.28,2181.58,2182.82,3517.0
2024-01-01 10:24:00,2182.38,2192.19,2181.35,2191.06,4453.0
2024-01-01 10:25:00,2191.03,2191.15,2176.12,2176.86,3873.0
2024-01-01 10:26:00,2176.2400000000002,2177.62,2171.84,2172.79,1800.0
2024-01-01 10:27:00,2173.4900000000002,2174.04,2166.03,2167.75,7131.0
2024-01-01 10:28:00,2167.95,2180.3,2166.36,2177.71,6415.0
2024-01-01 10:29:00,2178.17,2194.32,2178.06,2193.31,6304.0
2024-01-01 10:30:00,2193.68,2194.76,2190.31,2191.46,7421.0
2024-01-01 10:31:00,2191.04,2192.93,2189.17,2190.69,1610.0
2024-01-01 10:32:00,2190.25,2191.69,2180.48,2182.46,8420.0
2024-01-01 10:33:00,2181.9700000000003,2189.69,2180.05,2187.53,4439.0
2024-01-01 10:34:00,2188.28,2189.87,2187.14,2187.25,7943.0
2024-01-01 10:35:00,2186.65,2199.06,2184.94,2198.11,8257.0
2024-01-01 10:36:00,2197.39,2198.12,2191.52,2194.1,5355.0
2024-01-01 10:37:00,2193.25,2195.3,2191.39,2194.59,5099.0
2024-01-01 10:38:00,2194.18,2204.3,2194.13,2204.25,2376.0
2024-01-01 10:39:00,2205.35,2205.96,2198.2000000000003,2201.05,4222.0
2024-01-01 10:40:00,2201.92,2203.69,2188.7200000000003,2190.73,2821.0
2024-01-01 10:41:00,2191.36,2191.43,2182.67,2183.7,3515.0
2024-01-01 10:42:00,2184.29,2185.54,2176.55,2176.78,3738.0
2024-01-01 10:43:00,2176.51,2178.15,2174.64,2175.8,5344.0
2024-01-01 10:44:00,2176.65,2182.9900000000002,2175.52,2180.2,4829.0
2024-01-01 10:45:00,2180.61,2181.13,2178.31,2178.84,7603.0
2024-01-01 10:46:00,2179.58,2189.59,2178.9900000000002,2189.02,7683.0
2024-01-01 10:47:00,2188.82,2190.57,2177.96,2180.67,4719.0
2024-01-01 10:48:00,2180.7,2189.2400000000002,2179.28,2186.37,7660.0
2024-01-01 10:49:00,2187.07,2188.2400000000002,2167.35,2170.34,5834.0
2024-01-01 10:50:00,2170.02,2170.96,2168.38,2170.3,8040.0
2024-01-01 10:51:00,2171.06,2171.09,2162.86,2163.61,6416.0
2024-01-01 10:52:00,2164.0,2164.12,2154.79,2154.87,5703.0
2024-01-01 10:53:00,2154.87,2155.7200000000003,2140.79,2141.12,4160.0
2024-01-01 10:54:00,2140.56,2140.95,2134.2200000000003,2135.42,7787.0
2024-01-01 10:55:00,2135.87,2137.7400000000002,2128.89,2131.4,4070.0
2024-01-01 10:56:00,2131.04,2149.15,2129.2,2146.06,7955.0
2024-01-01 10:57:00,2145.5,2147.37,2142.03,2142.2,2850.0
2024-01-01 10:58:00,2141.16,2142.88,2128.31,2128.94,8379.0
2024-01-01 10:59:00,2129.53,2130.7200000000003,2117.2,2118.93,2336.0
2024-01-01 11:00:00,2118.35,2129.48,2117.4900000000002,2127.68,4107.0
2024-01-01 11:01:00,2126.55,2127.82,2124.96,2126.71,5015.0
2024-01-01 11:02:00,2126.76,2127.14,2116.12,2118.44,3192.0
2024-01-01 11:03:00,2117.18,2145.7200000000003,2115.78,2143.27,7451.0
2024-01-01 11:04:00,2143.4700000000003,2144.86,2143.28,2144.62,4414.0
2024-01-01 11:05:00,2144.79,2146.25,2140.58,2141.23,6642.0
2024-01-01 11:06:00,2141.45,2142.33,2127.39,2129.9900000000002,4755.0
2024-01-01 11:07:00,2129.7200000000003,2138.75,2128.4900000000002,2138.54,8315.0
2024-01-01 11:08:00,2137.56,2139.08,2126.84,2128.01,7622.0
2024-01-01 11:09:00,2128.12,2129.26,2125.19,2125.48,7981.0
2024-01-01 11:10:00,2126.1,2126.4700000000003,2123.39,2123.43,2916.0
2024-01-01 11:11:00,2123.5,2124.17,2114.9,2116.84,7111.0
2024-01-01 11:12:00,2117.43,2118.87,2113.93,2114.01,2356.0
2024-01-01 11:13:00,2113.56,2135.86,2113.4,2134.65,3835.0
2024-01-01 11:14:00,2133.98,2134.27,2126.79,2129.57,4702.0
2024-01-01 11:15:00,2129.26,2132.42,2127.62,2130.85,3109.0
2024-01-01 11:16:00,2131.52,2132.98,2129.75,2132.4900000000002,8940.0
2024-01-01 11:17:00,2132.11,2153.6,2131.2200000000003,2150.65,3768.0
2024-01-01 11:18:00,2150.89,2151.8,2148.42,2150.78,3355.0
2024-01-01 11:19:00,2150.77,2152.59,2149.14,2150.12,4589.0
2024-01-01 11:20:00,2149.9,2151.68,2143.53,2144.98,5591.0
2024-01-01 11:21:00,2143.71,2146.07,2142.03,2145.53,8210.0
2024-01-01 11:22:00,2146.1,2164.66,2144.4700000000003,2163.14,3060.0
2024-01-01 11:23:00,2163.32,2163.96,2150.15,2150.83,5940.0
2024-01-01 11:24:00,2150.41,2161.44,2148.88,2159.26,7097.0
2024-01-01 11:25:00,2158.65,2160.2400000000002,2155.88,2156.21,8293.0
2024-01-01 11:26:00,2154.76,2161.29,2154.64,2159.4700000000003,2328.0
2024-01-01 11:27:00,2159.58,2164.0,2157.69,2162.03,3599.0
2024-01-01 11:28:00,2160.28,2161.09,2148.62,2151.81,3315.0
2024-01-01 11:29:00,2151.31,2152.65,2149.62,2151.03,1931.0
2024-01-01 11:30:00,2150.1,2153.39,2148.68,2151.4700000000003,8555.0
2024-01-01 11:31:00,2151.86,2160.09,2151.7200000000003,2158.98,8515.0
2024-01-01 11:32:00,2159.1,2160.9900000000002,2155.0,2157.31,5158.0
2024-01-01 11:33:00,2157.09,2157.9900000000002,2151.38,2152.25,5048.0
2024-01-01 11:34:00,2152.45,2156.31,2152.45,2153.4900000000002,7201.0
2024-01-01 11:35:00,2153.71,2153.76,2140.92,2143.1,2298.0
2024-01-01 11:36:00,2142.8,2143.92,2141.48,2141.84,6225.0
2024-01-01 11:37:00,2142.05,2148.91,2140.13,2148.87,7354.0
2024-01-01 11:38:00,2148.6,2150.52,2139.69,2140.7200000000003,4665.0
2024-01-01 11:39:00,2141.41,2144.26,2141.02,2141.57,4534.0
2024-01-01 11:40:00,2142.18,2166.9,2142.0,2164.2400000000002,4357.0
2024-01-01 11:41:00,2164.7200000000003,2171.55,2163.96,2168.66,4678.0
2024-01-01 11:42:00,2167.82,2169.8,2167.65,2168.35,3517.0
2024-01-01 11:43:00,2167.9900000000002,2169.02,2159.19,2162.41,3532.0
2024-01-01 11:44:00,2162.21,2180.41,2161.68,2177.77,5512.0
2024-01-01 11:45:00,2178.25,2180.9700000000003,2176.85,2179.41,2028.0
2024-01-01 11:46:00,2180.04,2218.89,2179.18,2216.67,3334.0
2024-01-01 11:47:00,2217.17,2218.98,2207.08,2209.35,6338.0
2024-01-01 11:48:00,2209.48,2211.04,2198.01,2198.19,2173.0
2024-01-01 11:49:00,2198.12,2210.76,2197.9,2209.11,4653.0
2024-01-01 11:50:00,2209.54,2209.56,2194.04,2195.88,7537.0
2024-01-01 11:51:00,2194.81,2195.7200000000003,2192.56,2194.31,6198.0
2024-01-01 11:52:00,2194.89,2196.4900000000002,2186.11,2187.11,4649.0
2024-01-01 11:53:00,2187.4500000000003,2200.73,2186.4,2199.46,4481.0
2024-01-01 11:54:00,2199.19,2200.88,2188.08,2188.64,6134.0
2024-01-01 11:55:00,2188.9,2190.68,2175.46,2175.78,8956.0
2024-01-01 11:56:00,2175.07,2176.93,2156.35,2158.89,6548.0
2024-01-01 11:57:00,2159.2200000000003,2169.34,2158.15,2169.09,4589.0
2024-01-01 11:58:00,2168.3,2169.14,2152.27,2154.15,4367.0
2024-01-01 11:59:00,2154.39,2155.58,2144.9700000000003,2145.03,6970.0
2024-01-01 12:00:00,2144.83,2144.98,2139.26,2142.11,3637.0
2024-01-01 12:01:00,2142.23,2146.35,2141.26,2143.36,1937.0
2024-01-01 12:02:00,2143.7400000000002,2157.41,2142.12,2156.16,4147.0
2024-01-01 12:03:00,2158.83,2163.55,2158.51,2161.02,7631.0
2024-01-01 12:04:00,2160.4,2161.86,2146.4700000000003,2149.07,2091.0
2024-01-01 12:05:00,2149.04,2155.39,2148.41,2154.26,3649.0
2024-01-01 12:06:00,2154.96,2162.5,2154.51,2159.56,7587.0
2024-01-01 12:07:00,2158.44,2175.76,2156.53,2172.79,8253.0
2024-01-01 12:08:00,2173.14,2186.55,2172.81,2184.6,4814.0
2024-01-01 12:09:00,2184.96,2196.2000000000003,2184.9,2194.88,4367.0
2024-01-01 12:10:00,2194.78,2210.76,2194.07,2209.42,6448.0
2024-01-01 12:11:00,2209.4,2222.21,2209.4,2219.19,3644.0
2024-01-01 12:12:00,2218.91,2220.13,2218.18,2218.82,4947.0
2024-01-01 12:13:00,2218.93,2219.66,2195.68,2197.82,3447.0
2024-01-01 12:14:00,2197.77,2199.17,2196.85,2198.33,1577.0
2024-01-01 12:15:00,2198.81,2203.2200000000003,2198.65,2200.59,2793.0
2024-01-01 12:16:00,2199.62,2202.94,2199.01,2200.44,4724.0
2024-01-01 12:17:00,2200.89,2205.21,2198.93,2204.68,5954.0
2024-01-01 12:18:00,2204.2200000000003,2219.55,2203.1,2216.57,2988.0
2024-01-01 12:19:00,2216.81,2217.11,2210.4900000000002,2212.07,3449.0
2024-01-01 12:20:00,2213.69,2215.55,2202.78,2204.67,3407.0
2024-01-01 12:21:00,2203.81,2204.46,2192.63,2192.75,6630.0
2024-01-01 12:22:00,2193.31,2193.78,2185.21,2188.02,2588.0
2024-01-01 12:23:00,2188.19,2200.23,2186.77,2198.35,8301.0
2024-01-01 12:24:00,2198.28,2206.54,2197.51,2203.43,3603.0
2024-01-01 12:25:00,2204.17,2213.58,2202.3,2210.64,8360.0
2024-01-01 12:26:00,2210.64,2223.11,2210.44,2221.96,2137.0
2024-01-01 12:27:00,2222.07,2222.7200000000003,2220.27,2222.4700000000003,7985.0
2024-01-01 12:28:00,2223.06,2238.71,2221.75,2237.56,8042.0
2024-01-01 12:29:00,2238.73,2239.0,2226.23,2227.16,1743.0
2024-01-01 12:30:00,2228.16,2228.77,2223.81,2225.85,8796.0
2024-01-01 12:31:00,2227.15,2231.59,2225.9500000000003,2231.18,8089.0
2024-01-01 12:32:00,2231.83,2233.67,2223.71,2223.75,3628.0
2024-01-01 12:33:00,2224.9500000000003,2226.57,2223.17,2226.55,3930.0
2024-01-01 12:34:00,2226.39,2230.79,2226.1,2230.33,1728.0
2024-01-01 12:35:00,2229.61,2230.25,2215.28,2215.91,5584.0
2024-01-01 12:36:00,2215.73,2231.48,2214.83,2230.2000000000003,4446.0
2024-01-01 12:37:00,2230.12,2230.69,2224.87,2225.34,6357.0
2024-01-01 12:38:00,2225.17,2239.63,2224.51,2237.15,5488.0
2024-01-01 12:39:00,2237.2200000000003,2245.26,2236.59,2244.71,8646.0
2024-01-01 12:40:00,2244.01,2248.03,2242.7000000000003,2246.02,4309.0
2024-01-01 12:41:00,2245.13,2246.42,2231.9500000000003,2234.7400000000002,5330.0
2024-01-01 12:42:00,2234.93,2236.36,2225.11,2226.03,7315.0
2024-01-01 12:43:00,2225.2400000000002,2225.64,2218.75,2220.84,8079.0
2024-01-01 12:44:00,2220.9500000000003,2221.13,2207.81,2210.38,6808.0
2024-01-01 12:45:00,2210.07,2214.26,2209.77,2211.29,7106.0
2024-01-01 12:46:00,2210.53,2210.56,2206.9500000000003,2207.23,4843.0
2024-01-01 12:47:00,2206.7400000000002,2208.13,2204.79,2207.7000000000003,8176.0
2024-01-01 12:48:00,2207.18,2229.42,2206.56,2226.44,7070.0
2024-01-01 12:49:00,2226.62,2235.88,2225.4500000000003,2233.14,7063.0
2024-01-01 12:50:00,2233.42,2238.21,2233.37,2237.9900000000002,2571.0
2024-01-01 12:51:00,2237.7200000000003,2265.14,2235.73,2262.03,5812.0
2024-01-01 12:52:00,2262.02,2282.77,2260.59,2279.42,4263.0
2024-01-01 12:53:00,2279.63,2297.6,2278.76,2295.93,7155.0
2024-01-01 12:54:00,2296.34,2297.84,2292.94,2293.19,7281.0
2024-01-01 12:55:00,2293.04,2295.02,2282.91,2283.92,4772.0
2024-01-01 12:56:00,2283.71,2294.71,2282.03,2293.48,7315.0
2024-01-01 12:57:00,2293.31,2294.91,2280.4,2281.9,8646.0
2024-01-01 12:58:00,2283.36,2294.54,2282.03,2293.42,5190.0
2024-01-01 12:59:00,2292.7200000000003,2294.7000000000003,2287.7200000000003,2289.27,6310.0
2024-01-01 13:00:00,2289.35,2297.91,2287.7200000000003,2296.44,5867.0
2024-01-01 13:01:00,2295.82,2311.7200000000003,2294.19,2311.36,4045.0
2024-01-01 13:02:00,2310.9900000000002,2312.64,2304.33,2304.9700000000003,2955.0
2024-01-01 13:03:00,2304.9500000000003,2335.05,2303.4500000000003,2334.04,2273.0
2024-01-01 13:04:00,2333.87,2334.9700000000003,2328.9,2331.77,3462.0
2024-01-01 13:05:00,2331.23,2332.48,2326.98,2330.4700000000003,3958.0
2024-01-01 13:06:00,2330.57,2331.7400000000002,2315.36,2318.77,2437.0
2024-01-01 13:07:00,2316.9700000000003,2316.98,2315.3,2316.2200000000003,5001.0
2024-01-01 13:08:00,2316.41,2318.82,2314.82,2318.44,2619.0
2024-01-01 13:09:00,2318.42,2320.33,2303.56,2305.2400000000002,5837.0
2024-01-01 13:10:00,2304.51,2310.51,2302.64,2308.33,6539.0
2024-01-01 13:11:00,2308.18,2319.83,2308.03,2316.79,3893.0
2024-01-01 13:12:00,2317.18,2319.25,2307.94,2309.9900000000002,2152.0
2024-01-01 13:13:00,2309.69,2315.2400000000002,2308.83,2314.98,8893.0
2024-01-01 13:14:00,2315.15,2316.4700000000003,2304.42,2307.09,1798.0
2024-01-01 13:15:00,2307.89,2309.5,2300.65,2301.35,3364.0
2024-01-01 13:16:00,2300.7200000000003,2302.06,2288.75,2289.03,4921.0
2024-01-01 13:17:00,2289.17,2298.29,2288.1,2294.9500000000003,5157.0
2024-01-01 13:18:00,2294.91,2295.14,2279.0,2279.13,5878.0
2024-01-01 13:19:00,2279.11,2281.33,2277.79,2280.32,1528.0
2024-01-01 13:20:00,2279.5,2294.01,2278.51,2293.35,4659.0
2024-01-01 13:21:00,2292.8,2298.12,2292.58,2296.14,4577.0
2024-01-01 13:22:00,2295.33,2313.58,2295.09,2312.52,6631.0
2024-01-01 13:23:00,2312.33,2312.92,2305.63,2305.75,5248.0
2024-01-01 13:24:00,2305.5,2305.71,2302.96,2304.56,5030.0
2024-01-01 13:25:00,2304.55,2305.46,2295.2200000000003,2296.64,6366.0
2024-01-01 13:26:00,2296.34,2299.56,2294.85,2299.31,8786.0
2024-01-01 13:27:00,2298.59,2308.65,2297.19,2306.4700000000003,6755.0
2024-01-01 13:28:00,2306.27,2310.67,2305.04,2308.84,7258.0
2024-01-01 13:29:00,2309.3,2312.73,2309.27,2311.28,4041.0
2024-01-01 13:30:00,2311.2200000000003,2319.92,2309.4500000000003,2317.87,2661.0
2024-01-01 13:31:00,2317.41,2334.17,2316.23,2332.63,1753.0
2024-01-01 13:32:00,2331.52,2340.2400000000002,2331.06,2338.77,5755.0
2024-01-01 13:33:00,2338.93,2344.51,2338.51,2341.8,3749.0
2024-01-01 13:34:00,2341.33,2347.48,2339.61,2346.73,6206.0
2024-01-01 13:35:00,2345.9,2356.6,2345.4900000000002,2354.91,5863.0
2024-01-01 13:36:00,2354.6,2357.42,2354.43,2354.9900000000002,8443.0
2024-01-01 13:37:00,2354.7400000000002,2354.9900000000002,2341.9,2343.04,8417.0
2024-01-01 13:38:00,2343.8,2344.28,2326.02,2328.9500000000003,4547.0
2024-01-01 13:39:00,2329.29,2331.2200000000003,2315.9900000000002,2316.98,1969.0
2024-01-01 13:40:00,2316.94,2317.21,2301.28,2301.31,7888.0
2024-01-01 13:41:00,2300.48,2306.7000000000003,2299.73,2305.15,5051.0
2024-01-01 13:42:00,2304.98,2307.8,2302.94,2306.01,5514.0
2024-01-01 13:43:00,2305.78,2311.4700000000003,2304.33,2308.18,4521.0
2024-01-01 13:44:00,2308.35,2308.62,2304.87,2307.88,3935.0
2024-01-01 13:45:00,2308.4700000000003,2309.64,2299.29,2302.16,7978.0
2024-01-01 13:46:00,2303.14,2304.44,2289.28,2291.13,1652.0
2024-01-01 13:47:00,2290.25,2291.3,2278.53,2281.16,7768.0
2024-01-01 13:48:00,2279.9900000000002,2283.15,2278.31,2282.62,3538.0
2024-01-01 13:49:00,2281.26,2287.37,2280.84,2284.7000000000003,6524.0
2024-01-01 13:50:00,2284.4500000000003,2285.9,2272.37,2274.71,8031.0
2024-01-01 13:51:00,2274.9,2276.3,2270.32,2271.3,7319.0
2024-01-01 13:52:00,2272.27,2285.14,2270.85,2283.14,4273.0
2024-01-01 13:53:00,2282.27,2302.21,2280.79,2299.06,5013.0
2024-01-01 13:54:00,2298.35,2304.58,2297.6,2303.4900000000002,6948.0
2024-01-01 13:55:00,2303.01,2303.18,2299.9700000000003,2302.59,8033.0
2024-01-01 13:56:00,2303.4900000000002,2304.96,2286.36,2289.17,4575.0
2024-01-01 13:57:00,2288.1,2295.53,2287.41,2294.31,7174.0
2024-01-01 13:58:00,2295.14,2295.88,2287.12,2288.4,3002.0
2024-01-01 13:59:00,2288.25,2290.19,2283.9700000000003,2287.1,1628.0
2024-01-01 14:00:00,2285.69,2290.02,2283.7200000000003,2289.33,5062.0
2024-01-01 14:01:00,2289.73,2290.71,2287.38,2289.0,3065.0
2024-01-01 14:02:00,2288.53,2289.2400000000002,2270.8,2272.5,2794.0
2024-01-01 14:03:00,2272.76,2272.81,2267.31,2269.07,7022.0
2024-01-01 14:04:00,2268.52,2279.18,2267.12,2276.39,5351.0
2024-01-01 14:05:00,2277.54,2278.68,2275.54,2278.56,1713.0
2024-01-01 14:06:00,2277.38,2283.55,2277.31,2283.36,6417.0
2024-01-01 14:07:00,2283.87,2284.27,2276.83,2279.12,2323.0
2024-01-01 14:08:00,2279.82,2281.38,2268.88,2268.96,6176.0
2024-01-01 14:09:00,2268.8,2270.41,2264.18,2265.85,5789.0
2024-01-01 14:10:00,2265.6,2271.75,2264.4700000000003,2270.81,1551.0
2024-01-01 14:11:00,2270.25,2270.55,2256.71,2258.96,3869.0
2024-01-01 14:12:00,2259.9500000000003,2280.02,2259.05,2278.58,3912.0
2024-01-01 14:13:00,2279.26,2283.33,2277.8,2281.7400000000002,5570.0
2024-01-01 14:14:00,2282.37,2289.69,2281.26,2286.34,7101.0
2024-01-01 14:15:00,2286.2000000000003,2286.27,2282.44,2282.61,5176.0
2024-01-01 14:16:00,2281.94,2295.01,2281.57,2293.01,6054.0
2024-01-01 14:17:00,2293.29,2294.34,2286.88,2289.64,2619.0
2024-01-01 14:18:00,2289.15,2290.9500000000003,2275.98,2277.9900000000002,2187.0
2024-01-01 14:19:00,2278.61,2286.86,2276.89,2286.8,3368.0
2024-01-01 14:20:00,2286.84,2290.92,2285.17,2290.35,7130.0
2024-01-01 14:21:00,2290.48,2291.6,2284.8,2288.03,3501.0
2024-01-01 14:22:00,2287.33,2294.11,2287.04,2293.87,4367.0
2024-01-01 14:23:00,2293.4500000000003,2295.21,2287.9500000000003,2290.29,8662.0
2024-01-01 14:24:00,2291.33,2292.02,2277.17,2279.12,7937.0
2024-01-01 14:25:00,2279.68,2281.2400000000002,2272.69,2275.87,2978.0
2024-01-01 14:26:00,2275.16,2275.92,2260.9900000000002,2261.57,2498.0
2024-01-01 14:27:00,2260.81,2261.35,2248.02,2248.63,4455.0
2024-01-01 14:28:00,2248.58,2249.36,2238.28,2241.56,2376.0
2024-01-01 14:29:00,2240.68,2241.15,2235.4,2237.65,7626.0
2024-01-01 14:30:00,2237.96,2250.8,2236.53,2250.17,4347.0
2024-01-01 14:31:00,2249.77,2250.4500000000003,2243.84,2244.04,6733.0
2024-01-01 14:32:00,2244.7400000000002,2245.9500000000003,2240.61,2243.1,3773.0
2024-01-01 14:33:00,2243.09,2261.4700000000003,2241.35,2258.53,8568.0
2024-01-01 14:34:00,2259.19,2276.56,2258.91,2275.94,7681.0
2024-01-01 14:35:00,2275.7200000000003,2276.38,2272.35,2274.93,7938.0
2024-01-01 14:36:00,2275.08,2276.4,2264.59,2266.7200000000003,3838.0
2024-01-01 14:37:00,2267.44,2267.9900000000002,2252.07,2253.98,6257.0
2024-01-01 14:38:00,2253.52,2260.23,2251.51,2256.91,3359.0
2024-01-01 14:39:00,2256.7200000000003,2262.38,2255.17,2261.2400000000002,1971.0
2024-01-01 14:40:00,2262.4700000000003,2264.37,2259.67,2261.14,4476.0
2024-01-01 14:41:00,2260.38,2273.1,2258.35,2270.16,2362.0
2024-01-01 14:42:00,2268.87,2278.89,2267.84,2278.39,2302.0
2024-01-01 14:43:00,2280.4900000000002,2281.25,2278.52,2279.84,8655.0
2024-01-01 14:44:00,2279.46,2287.18,2278.66,2286.79,8300.0
2024-01-01 14:45:00,2286.71,2295.44,2285.87,2292.41,6968.0
2024-01-01 14:46:00,2293.33,2298.02,2291.57,2297.62,7914.0
2024-01-01 14:47:00,2296.98,2299.08,2295.83,2298.2400000000002,1699.0
2024-01-01 14:48:00,2297.7400000000002,2300.87,2297.26,2300.28,4994.0
2024-01-01 14:49:00,2300.36,2314.12,2299.4700000000003,2312.64,7661.0
2024-01-01 14:50:00,2312.44,2320.19,2312.21,2319.87,3592.0
2024-01-01 14:51:00,2320.81,2322.27,2310.34,2313.36,5964.0
2024-01-01 14:52:00,2312.86,2313.56,2307.26,2310.37,4835.0
2024-01-01 14:53:00,2310.2000000000003,2316.34,2310.06,2314.1,2919.0
2024-01-01 14:54:00,2313.77,2321.43,2312.88,2318.34,3121.0
2024-01-01 14:55:00,2319.46,2337.66,2319.1,2336.03,7170.0
2024-01-01 14:56:00,2334.9700000000003,2336.48,2324.7200000000003,2326.52,2377.0
2024-01-01 14:57:00,2326.64,2327.81,2306.4,2307.34,7038.0
2024-01-01 14:58:00,2307.9900000000002,2319.9700000000003,2307.2200000000003,2319.15,8054.0
2024-01-01 14:59:00,2319.96,2339.12,2319.34,2336.41,4349.0
2024-01-01 15:00:00,2337.0,2337.17,2325.51,2326.7200000000003,1959.0
2024-01-01 15:01:00,2326.58,2337.64,2325.26,2336.29,6844.0
2024-01-01 15:02:00,2337.42,2339.51,2337.27,2339.4500000000003,8655.0
2024-01-01 15:03:00,2339.52,2340.7200000000003,2339.19,2339.69,5248.0
2024-01-01 15:04:00,2340.52,2342.58,2327.34,2330.6,5101.0
2024-01-01 15:05:00,2329.87,2345.65,2328.62,2344.88,2268.0
2024-01-01 15:06:00,2344.28,2345.46,2337.12,2338.48,5963.0
2024-01-01 15:07:00,2337.59,2342.94,2337.23,2342.68,6331.0
2024-01-01 15:08:00,2341.9500000000003,2350.13,2341.25,2347.78,7839.0
2024-01-01 15:09:00,2346.93,2357.46,2346.75,2354.13,5311.0
2024-01-01 15:10:00,2354.71,2356.5,2354.01,2354.09,7870.0
2024-01-01 15:11:00,2353.7200000000003,2357.69,2353.02,2354.63,5393.0
2024-01-01 15:12:00,2354.52,2355.33,2347.31,2349.9700000000003,7562.0
2024-01-01 15:13:00,2349.83,2351.86,2328.66,2332.13,4405.0
2024-01-01 15:14:00,2331.9700000000003,2333.35,2322.44,2324.33,6714.0
2024-01-01 15:15:00,2325.09,2346.77,2323.7000000000003,2345.7000000000003,2816.0
2024-01-01 15:16:00,2345.73,2352.08,2345.3,2348.66,3639.0
2024-01-01 15:17:00,2348.19,2350.2200000000003,2344.82,2345.98,7871.0
2024-01-01 15:18:00,2346.01,2346.4500000000003,2334.88,2334.89,2404.0
2024-01-01 15:19:00,2334.69,2335.25,2313.55,2315.2400000000002,1937.0
2024-01-01 15:20:00,2314.65,2315.7200000000003,2301.37,2302.4700000000003,8896.0
2024-01-01 15:21:00,2301.87,2314.59,2300.83,2311.46,1764.0
2024-01-01 15:22:00,2312.67,2319.34,2311.98,2316.9,1524.0
2024-01-01 15:23:00,2316.94,2320.4,2316.71,2318.02,8975.0
2024-01-01 15:24:00,2316.83,2317.96,2313.2400000000002,2315.67,2483.0
2024-01-01 15:25:00,2316.17,2318.1,2304.3,2306.75,6698.0
2024-01-01 15:26:00,2306.25,2307.73,2287.05,2289.62,8822.0
2024-01-01 15:27:00,2289.28,2289.35,2282.4500000000003,2285.06,3282.0
2024-01-01 15:28:00,2284.87,2286.91,2276.5,2276.9,5761.0
2024-01-01 15:29:00,2277.16,2279.18,2262.07,2262.56,8515.0
2024-01-01 15:30:00,2261.77,2262.13,2254.08,2254.15,7199.0
2024-01-01 15:31:00,2254.23,2254.38,2241.4900000000002,2244.37,4390.0
2024-01-01 15:32:00,2243.66,2246.46,2242.59,2244.2200000000003,7217.0
2024-01-01 15:33:00,2242.7400000000002,2249.0,2242.5,2247.63,7302.0
2024-01-01 15:34:00,2247.06,2253.34,2246.84,2251.43,1583.0
2024-01-01 15:35:00,2252.25,2252.5,2246.21,2248.03,8778.0
2024-01-01 15:36:00,2247.08,2247.44,2242.21,2242.42,4008.0
2024-01-01 15:37:00,2243.2000000000003,2248.98,2241.66,2248.81,4117.0
2024-01-01 15:38:00,2247.46,2248.4700000000003,2230.14,2231.98,6570.0
2024-01-01 15:39:00,2232.57,2256.6,2232.16,2256.58,8759.0
2024-01-01 15:40:00,2257.4500000000003,2268.8,2255.61,2268.57,7629.0
2024-01-01 15:41:00,2268.3,2268.3,2266.19,2266.28,4154.0
2024-01-01 15:42:00,2267.6,2268.9700000000003,2262.38,2265.12,4336.0
2024-01-01 15:43:00,2265.34,2266.4500000000003,2255.9900000000002,2258.31,5327.0
2024-01-01 15:44:00,2258.7400000000002,2266.04,2258.08,2264.83,7571.0
2024-01-01 15:45:00,2265.16,2266.4,2242.92,2244.91,8942.0
2024-01-01 15:46:00,2244.9500000000003,2246.79,2239.57,2240.92,6608.0
2024-01-01 15:47:00,2240.65,2242.63,2232.61,2235.13,6901.0
2024-01-01 15:48:00,2236.14,2241.39,2236.06,2239.16,2447.0
2024-01-01 15:49:00,2238.98,2247.64,2237.44,2245.54,4774.0
2024-01-01 15:50:00,2245.3,2255.84,2244.12,2255.42,5896.0
2024-01-01 15:51:00,2256.12,2256.54,2256.05,2256.32,1920.0
2024-01-01 15:52:00,2257.1,2275.27,2256.35,2272.65,7941.0
2024-01-01 15:53:00,2271.55,2271.66,2249.76,2250.73,8395.0
2024-01-01 15:54:00,2252.2000000000003,2252.55,2231.61,2234.4,2060.0
2024-01-01 15:55:00,2234.91,2236.83,2234.42,2235.5,3714.0
2024-01-01 15:56:00,2234.76,2248.53,2234.04,2247.89,4143.0
2024-01-01 15:57:00,2247.3,2247.5,2244.68,2245.9900000000002,5697.0
2024-01-01 15:58:00,2246.09,2256.76,2245.1,2256.15,7905.0
2024-01-01 15:59:00,2256.65,2257.4,2251.94,2252.07,7853.0
2024-01-01 16:00:00,2252.37,2253.55,2250.16,2250.48,5141.0
2024-01-01 16:01:00,2251.62,2255.46,2250.93,2252.44,1644.0
2024-01-01 16:02:00,2252.8,2253.07,2248.68,2251.93,8119.0
2024-01-01 16:03:00,2251.83,2253.0,2236.88,2237.48,1537.0
2024-01-01 16:04:00,2237.85,2248.8,2237.69,2246.15,5562.0
2024-01-01 16:05:00,2245.66,2256.56,2244.87,2253.2400000000002,7688.0
2024-01-01 16:06:00,2253.61,2254.62,2253.48,2254.4500000000003,7967.0
2024-01-01 16:07:00,2254.4,2267.06,2252.63,2266.7000000000003,2276.0
2024-01-01 16:08:00,2267.19,2267.27,2261.4700000000003,2262.91,3336.0
2024-01-01 16:09:00,2262.78,2285.68,2261.92,2284.98,8177.0
2024-01-01 16:10:00,2284.28,2288.92,2283.58,2285.9500000000003,7137.0
2024-01-01 16:11:00,2285.58,2287.34,2269.91,2272.54,8414.0
2024-01-01 16:12:00,2273.05,2273.69,2265.14,2267.52,3528.0
2024-01-01 16:13:00,2268.23,2275.1,2268.01,2273.2200000000003,8991.0
2024-01-01 16:14:00,2272.48,2273.57,2265.41,2266.2400000000002,8121.0
2024-01-01 16:15:00,2265.7200000000003,2273.87,2263.88,2272.37,7138.0
2024-01-01 16:16:00,2271.98,2273.23,2268.5,2269.32,2825.0
2024-01-01 16:17:00,2269.25,2269.33,2252.23,2254.4,1856.0
2024-01-01 16:18:00,2254.17,2268.71,2253.68,2267.23,5219.0
2024-01-01 16:19:00,2266.03,2281.93,2264.51,2280.25,4488.0
2024-01-01 16:20:00,2281.91,2284.92,2280.07,2284.29,4014.0
2024-01-01 16:21:00,2283.93,2285.75,2267.71,2269.38,1926.0
2024-01-01 16:22:00,2270.36,2271.76,2259.09,2261.11,6706.0
2024-01-01 16:23:00,2261.19,2263.08,2259.33,2262.53,6877.0
2024-01-01 16:24:00,2264.08,2283.85,2262.68,2282.3,6316.0
2024-01-01 16:25:00,2282.43,2284.04,2247.4900000000002,2250.81,4227.0
2024-01-01 16:26:00,2251.73,2265.08,2251.67,2263.9500000000003,2951.0
2024-01-01 16:27:00,2264.0,2265.79,2242.06,2242.32,5575.0
2024-01-01 16:28:00,2242.7200000000003,2243.96,2238.85,2241.4,7826.0
2024-01-01 16:29:00,2241.05,2241.17,2233.7200000000003,2236.32,2936.0
2024-01-01 16:30:00,2235.92,2237.67,2231.56,2234.16,6318.0
2024-01-01 16:31:00,2233.4,2251.87,2232.4500000000003,2251.05,5688.0
2024-01-01 16:32:00,2250.7400000000002,2250.86,2237.71,2238.84,5365.0
2024-01-01 16:33:00,2237.9900000000002,2244.3,2236.12,2242.39,5156.0
2024-01-01 16:34:00,2242.73,2244.51,2236.75,2239.02,21570.972854837342
2024-01-01 16:35:00,2238.36,2239.48,2232.63,2234.28,8288.0
2024-01-01 16:36:00,2234.17,2249.63,2232.63,2248.58,5581.0
2024-01-01 16:37:00,2248.2400000000002,2257.58,2246.35,2256.32,8334.0
2024-01-01 16:38:00,2256.46,2257.1,2242.03,2244.48,2182.0
2024-01-01 16:39:00,2243.52,2244.4,2228.55,2229.79,6629.0
2024-01-01 16:40:00,2228.64,2235.77,2226.9500000000003,2234.53,5696.0
2024-01-01 16:41:00,2234.25,2234.34,2224.82,2225.46,7020.0
2024-01-01 16:42:00,2225.87,2242.09,2223.93,2241.98,7521.0
2024-01-01 16:43:00,2242.09,2251.15,2241.4900000000002,2249.75,4944.0
2024-01-01 16:44:00,2250.55,2250.8,2225.13,2226.51,8939.0
2024-01-01 16:45:00,2226.42,2226.82,2212.87,2215.82,4886.0
2024-01-01 16:46:00,2215.43,2216.69,2211.36,2214.58,5743.0
2024-01-01 16:47:00,2215.98,2216.87,2207.26,2210.18,8482.0
2024-01-01 16:48:00,2209.8,2215.35,2208.58,2214.01,6036.0
2024-01-01 16:49:00,2214.1,2216.13,2212.88,2214.85,7450.0
2024-01-01 16:50:00,2215.62,2216.27,2210.27,2212.09,8770.0
2024-01-01 16:51:00,2212.55,2219.73,2210.92,2217.09,3260.0
2024-01-01 16:52:00,2216.48,2216.57,2204.77,2206.94,6761.0
2024-01-01 16:53:00,2207.39,2207.86,2204.13,2206.4900000000002,8559.0
2024-01-01 16:54:00,2205.94,2207.35,2200.01,2202.31,6860.0
2024-01-01 16:55:00,2202.59,2205.82,2202.13,2205.23,8099.0
2024-01-01 16:56:00,2205.87,2222.23,2204.2200000000003,2220.04,1905.0
2024-01-01 16:57:00,2218.89,2220.82,2203.62,2203.89,3154.0
2024-01-01 16:58:00,2204.5,2205.46,2200.93,2202.37,8824.0
2024-01-01 16:59:00,2202.71,2208.56,2201.26,2206.12,1510.0
2024-01-01 17:00:00,2206.3,2218.75,2206.14,2218.7200000000003,1561.0
2024-01-01 17:01:00,2219.14,2220.43,2203.9700000000003,2205.63,8532.0
2024-01-01 17:02:00,2206.25,2207.78,2203.21,2203.41,5386.0
2024-01-01 17:03:00,2202.77,2208.38,2201.4900000000002,2207.77,3895.0
2024-01-01 17:04:00,2207.36,2207.88,2206.9700000000003,2207.68,6766.0
2024-01-01 17:05:00,2208.03,2211.62,2207.98,2210.98,4051.0
2024-01-01 17:06:00,2211.25,2212.92,2204.3,2206.38,5667.0
2024-01-01 17:07:00,2206.06,2221.16,2205.75,2218.73,1782.0
2024-01-01 17:08:00,2219.06,2225.2200000000003,2218.11,2222.54,6748.0
2024-01-01 17:09:00,2221.13,2223.38,2219.42,2221.33,4561.0
2024-01-01 17:10:00,2223.26,2229.9,2221.7000000000003,2227.7400000000002,2921.0
2024-01-01 17:11:00,2228.35,2235.94,2227.76,2233.62,7615.0
2024-01-01 17:12:00,2234.3,2234.9700000000003,2219.76,2221.9700000000003,2225.0
2024-01-01 17:13:00,2222.21,2231.31,2220.4500000000003,2230.55,4492.0
2024-01-01 17:14:00,2230.68,2242.4,2229.76,2242.11,3596.0
2024-01-01 17:15:00,2242.33,2252.02,2242.12,2250.86,6114.0
2024-01-01 17:16:00,2251.25,2252.03,2245.96,2247.88,3538.0
2024-01-01 17:17:00,2248.06,2248.67,2245.85,2246.65,3913.0
2024-01-01 17:18:00,2245.9,2246.09,2242.55,2243.54,8572.0
2024-01-01 17:19:00,2242.77,2244.37,2239.44,2240.19,8166.0
2024-01-01 17:20:00,2238.46,2242.23,2238.34,2242.13,1676.0
2024-01-01 17:21:00,2241.62,2270.37,2241.21,2268.0,6355.0
2024-01-01 17:22:00,2267.84,2268.83,2262.8,2265.78,8777.0
2024-01-01 17:23:00,2265.06,2267.34,2263.1,2266.83,8127.0
2024-01-01 17:24:00,2266.9700000000003,2286.28,2266.02,2284.85,6748.0
2024-01-01 17:25:00,2284.5,2285.4,2283.02,2283.03,5104.0
2024-01-01 17:26:00,2283.27,2284.17,2272.11,2272.93,8535.0
2024-01-01 17:27:00,2272.05,2272.29,2261.73,2263.78,2281.0
2024-01-01 17:28:00,2263.31,2278.13,2261.43,2275.87,6197.0
2024-01-01 17:29:00,2276.03,2283.2000000000003,2275.69,2281.28,6652.0
2024-01-01 17:30:00,2281.14,2298.83,2280.63,2296.41,7742.0
2024-01-01 17:31:00,2296.53,2298.19,2289.69,2290.16,1989.0
2024-01-01 17:32:00,2290.48,2291.65,2282.59,2284.51,2124.0
2024-01-01 17:33:00,2285.02,2292.0,2284.41,2290.9900000000002,3908.0
2024-01-01 17:34:00,2291.54,2303.0,2289.94,2301.21,2205.0
2024-01-01 17:35:00,2300.69,2301.98,2284.92,2288.28,4399.0
2024-01-01 17:36:00,2288.02,2300.91,2287.7400000000002,2300.69,5151.0
2024-01-01 17:37:00,2301.25,2302.32,2296.37,2297.3,1744.0
2024-01-01 17:38:00,2297.07,2303.9900000000002,2296.3,2302.57,6988.0
2024-01-01 17:39:00,2302.68,2313.62,2301.12,2310.71,3566.0
2024-01-01 17:40:00,2310.21,2318.15,2308.7400000000002,2316.69,7503.0
2024-01-01 17:41:00,2317.66,2317.66,2297.16,2298.82,7607.0
2024-01-01 17:42:00,2299.02,2299.86,2284.7200000000003,2287.11,1824.0
2024-01-01 17:43:00,2286.6,2286.65,2277.8,2280.34,8969.0
2024-01-01 17:44:00,2279.48,2295.27,2279.12,2293.01,8415.0
2024-01-01 17:45:00,2292.56,2293.34,2283.46,2283.71,2629.0
2024-01-01 17:46:00,2283.92,2285.36,2278.65,2280.92,8081.0
2024-01-01 17:47:00,2279.7200000000003,2289.73,2279.41,2289.07,8055.0
2024-01-01 17:48:00,2288.11,2298.2400000000002,2287.2000000000003,2296.07,8932.0
2024-01-01 17:49:00,2296.06,2297.17,2295.51,2297.06,3603.0
2024-01-01 17:50:00,2296.64,2308.81,2295.14,2308.5,4748.0
2024-01-01 17:51:00,2307.51,2309.08,2296.9,2297.88,6411.0
2024-01-01 17:52:00,2297.65,2299.68,2278.39,2280.18,2061.0
2024-01-01 17:53:00,2280.61,2284.0,2279.67,2281.87,8632.0
2024-01-01 17:54:00,2282.21,2282.2200000000003,2272.75,2275.43,6822.0
2024-01-01 17:55:00,2276.12,2292.11,2274.91,2291.79,5213.0
2024-01-01 17:56:00,2291.2400000000002,2297.18,2290.0,2297.08,3028.0
2024-01-01 17:57:00,2298.03,2302.7200000000003,2297.42,2299.67,2079.0
2024-01-01 17:58:00,2299.87,2301.58,2290.46,2292.15,7201.0
2024-01-01 17:59:00,2291.6,2295.42,2290.71,2292.7400000000002,2883.0
2024-01-01 18:00:00,2293.21,2294.91,2288.23,2290.65,7458.0
2024-01-01 18:01:00,2291.0,2292.88,2282.7400000000002,2285.75,4413.0
2024-01-01 18:02:00,2286.19,2294.98,2284.26,2294.38,4686.0
2024-01-01 18:03:00,2295.23,2305.18,2295.05,2302.0,2290.0
2024-01-01 18:04:00,2301.96,2302.98,2299.71,2300.4500000000003,4803.0
2024-01-01 18:05:00,2299.2200000000003,2300.57,2288.81,2290.26,4343.0
2024-01-01 18:06:00,2290.66,2302.96,2289.66,2301.1,1716.0
2024-01-01 18:07:00,2302.3,2309.81,2301.03,2307.14,7002.0
2024-01-01 18:08:00,2307.36,2307.6,2303.54,2305.02,8080.0
2024-01-01 18:09:00,2305.9,2306.44,2286.2400000000002,2287.38,7478.0
2024-01-01 18:10:00,2286.33,2291.67,2284.9900000000002,2291.21,3447.0
2024-01-01 18:11:00,2290.6,2302.96,2289.56,2301.21,2909.0
2024-01-01 18:12:00,2300.44,2305.5,2298.48,2305.27,6731.0
2024-01-01 18:13:00,2305.94,2309.0,2304.28,2308.54,8100.0
2024-01-01 18:14:00,2307.9500000000003,2317.68,2306.18,2315.18,3007.0
2024-01-01 18:15:00,2314.31,2328.76,2313.76,2327.2200000000003,2716.0
2024-01-01 18:16:00,2327.13,2330.61,2326.66,2328.05,2527.0
2024-01-01 18:17:00,2328.85,2329.93,2325.73,2327.08,6482.0
2024-01-01 18:18:00,2327.4700000000003,2328.2400000000002,2309.55,2312.2200000000003,4579.0
2024-01-01 18:19:00,2312.29,2312.76,2298.4900000000002,2300.91,5741.0
2024-01-01 18:20:00,2300.28,2300.79,2288.5,2289.93,2935.0
2024-01-01 18:21:00,2289.4900000000002,2289.5,2287.62,2288.21,4750.0
2024-01-01 18:22:00,2288.52,2290.16,2277.5,2278.36,7157.0
2024-01-01 18:23:00,2277.87,2281.76,2276.51,2280.16,5020.0
2024-01-01 18:24:00,2280.41,2280.9900000000002,2271.68,2272.56,27204.83539470027
2024-01-01 18:25:00,2273.26,2276.42,2271.9,2275.83,7172.0
2024-01-01 18:26:00,2275.75,2276.35,2271.8,2273.59,4120.0
2024-01-01 18:27:00,2274.63,2296.31,2273.9900000000002,2296.16,5669.0
2024-01-01 18:28:00,2297.04,2297.25,2291.9500000000003,2292.06,7227.0
2024-01-01 18:29:00,2291.62,2314.55,2290.18,2312.91,4280.0
2024-01-01 18:30:00,2313.01,2341.35,2312.14,2339.32,2323.0
2024-01-01 18:31:00,2338.48,2357.75,2337.06,2355.76,1807.0
2024-01-01 18:32:00,2355.94,2356.02,2349.42,2351.81,6923.0
2024-01-01 18:33:00,2351.58,2352.77,2343.42,2345.63,8780.0
2024-01-01 18:34:00,2345.87,2370.86,2345.61,2368.4,2382.0
2024-01-01 18:35:00,2368.14,2368.2400000000002,2354.73,2357.23,4586.0
2024-01-01 18:36:00,2356.9500000000003,2358.86,2345.96,2348.54,4737.0
2024-01-01 18:37:00,2349.73,2350.57,2333.2200000000003,2336.46,6638.0
2024-01-01 18:38:00,2336.84,2354.2200000000003,2336.43,2352.43,3424.0
2024-01-01 18:39:00,2352.89,2366.84,2352.52,2363.57,7223.0
2024-01-01 18:40:00,2363.86,2368.4,2363.02,2367.44,2439.0
2024-01-01 18:41:00,2366.87,2368.17,2356.96,2360.2200000000003,5095.0
2024-01-01 18:42:00,2359.9,2360.66,2355.89,2357.3,5043.0
2024-01-01 18:43:00,2357.46,2358.04,2335.86,2338.76,2903.0
2024-01-01 18:44:00,2338.37,2339.87,2314.98,2318.16,5457.0
2024-01-01 18:45:00,2317.8,2319.26,2310.54,2312.4700000000003,4136.0
2024-01-01 18:46:00,2313.52,2317.31,2312.4700000000003,2316.42,3374.0
2024-01-01 18:47:00,2317.21,2318.61,2311.48,2312.55,3153.0
2024-01-01 18:48:00,2311.48,2311.92,2306.2400000000002,2308.63,2595.0
2024-01-01 18:49:00,2308.21,2309.13,2302.96,2304.19,5678.0
2024-01-01 18:50:00,2304.32,2305.75,2298.61,2301.14,3440.0
2024-01-01 18:51:00,2300.79,2300.89,2294.61,2296.81,6644.0
2024-01-01 18:52:00,2297.75,2298.51,2286.9700000000003,2287.15,2072.0
2024-01-01 18:53:00,2288.02,2288.76,2273.18,2275.46,7416.0
2024-01-01 18:54:00,2274.31,2275.36,2267.23,2269.31,1699.0
2024-01-01 18:55:00,2270.26,2283.44,2268.65,2280.23,2324.0
2024-01-01 18:56:00,2281.25,2289.69,2279.85,2287.54,1781.0
2024-01-01 18:57:00,2288.7000000000003,2302.81,2287.44,2301.46,7838.0
2024-01-01 18:58:00,2301.82,2309.36,2300.37,2306.9500000000003,7520.0
2024-01-01 18:59:00,2306.82,2313.42,2305.03,2310.7200000000003,8045.0
2024-01-01 19:00:00,2311.26,2311.44,2297.08,2300.23,7037.0
2024-01-01 19:01:00,2300.66,2306.81,2299.2000000000003,2305.4700000000003,5515.0
2024-01-01 19:02:00,2305.27,2306.68,2300.07,2301.42,5494.0
2024-01-01 19:03:00,2301.93,2307.28,2301.35,2305.41,7341.0
2024-01-01 19:04:00,2305.71,2306.62,2296.96,2297.21,6913.0
2024-01-01 19:05:00,2297.2200000000003,2303.03,2295.5,2299.91,7247.0
2024-01-01 19:06:00,2298.93,2319.05,2298.31,2318.78,2622.0
2024-01-01 19:07:00,2318.38,2323.05,2317.8,2321.2000000000003,5820.0
2024-01-01 19:08:00,2320.36,2325.89,2319.39,2324.11,8117.0
2024-01-01 19:09:00,2323.91,2329.48,2322.25,2327.89,1661.0
2024-01-01 19:10:00,2328.51,2352.48,2327.51,2352.37,8346.0
2024-01-01 19:11:00,2351.75,2351.76,2336.62,2339.4900000000002,3252.0
2024-01-01 19:12:00,2338.7400000000002,2343.96,2336.9900000000002,2340.77,2132.0
2024-01-01 19:13:00,2339.73,2352.93,2337.7000000000003,2349.94,5780.0
2024-01-01 19:14:00,2349.65,2363.39,2347.73,2361.8,4999.0
2024-01-01 19:15:00,2360.55,2364.61,2359.64,2362.61,6725.0
2024-01-01 19:16:00,2361.7000000000003,2372.18,2360.2400000000002,2369.4700000000003,6828.0
2024-01-01 19:17:00,2370.4,2372.37,2363.4500000000003,2366.93,1949.0
2024-01-01 19:18:00,2365.78,2366.5,2352.09,2353.61,2106.0
2024-01-01 19:19:00,2353.75,2355.26,2345.29,2348.3,8783.0
2024-01-01 19:20:00,2350.04,2350.44,2339.2000000000003,2341.51,8519.0
2024-01-01 19:21:00,2342.28,2346.02,2340.65,2343.77,3424.0
2024-01-01 19:22:00,2343.84,2344.26,2329.38,2329.9,5959.0
2024-01-01 19:23:00,2330.13,2331.78,2318.66,2321.88,2761.0
2024-01-01 19:24:00,2322.86,2323.56,2311.13,2311.68,6916.0
2024-01-01 19:25:00,2311.67,2312.06,2299.05,2302.31,3612.0
2024-01-01 19:26:00,2302.02,2327.64,2300.79,2324.52,2194.0
2024-01-01 19:27:00,2324.79,2325.64,2311.83,2314.43,5096.0
2024-01-01 19:28:00,2314.18,2314.65,2308.73,2311.33,2615.0
2024-01-01 19:29:00,2310.65,2310.66,2302.26,2305.29,8083.0
2024-01-01 19:30:00,2306.26,2317.56,2304.48,2314.57,5858.0
2024-01-01 19:31:00,2314.37,2325.4500000000003,2312.9700000000003,2323.29,8915.0
2024-01-01 19:32:00,2323.42,2329.46,2322.94,2326.3,3525.0
2024-01-01 19:33:00,2327.7000000000003,2332.79,2326.98,2332.09,7779.0
2024-01-01 19:34:00,2332.46,2333.11,2325.01,2326.79,8453.0
2024-01-01 19:35:00,2327.3,2331.25,2325.36,2330.82,3449.0
2024-01-01 19:36:00,2330.4700000000003,2336.6,2329.73,2335.19,2609.0
2024-01-01 19:37:00,2334.77,2335.01,2324.73,2326.02,7725.0
2024-01-01 19:38:00,2325.37,2333.61,2325.29,2332.34,2795.0
2024-01-01 19:39:00,2332.12,2332.98,2307.0,2307.7400000000002,4344.0
2024-01-01 19:40:00,2308.13,2308.28,2287.8,2288.23,4569.0
2024-01-01 19:41:00,2289.67,2308.13,2288.09,2306.05,1591.0
2024-01-01 19:42:00,2306.4500000000003,2307.0,2300.44,2303.06,1926.0
2024-01-01 19:43:00,2302.52,2318.0,2300.5,2315.83,7578.0
2024-01-01 19:44:00,2315.41,2315.63,2304.83,2305.04,7069.0
2024-01-01 19:45:00,2304.65,2305.31,2293.05,2295.77,3957.0
2024-01-01 19:46:00,2295.54,2297.28,2285.79,2288.01,3288.0
2024-01-01 19:47:00,2287.86,2299.9900000000002,2287.25,2298.9,6899.0
2024-01-01 19:48:00,2299.21,2311.13,2297.31,2309.4900000000002,2381.0
2024-01-01 19:49:00,2308.61,2333.42,2308.36,2330.33,2783.0
2024-01-01 19:50:00,2330.57,2332.37,2329.03,2331.69,6609.0
2024-01-01 19:51:00,2333.06,2340.14,2331.56,2339.59,6601.0
2024-01-01 19:52:00,2339.53,2346.4500000000003,2339.34,2343.58,8122.0
2024-01-01 19:53:00,2343.79,2344.68,2327.91,2328.81,4839.0
2024-01-01 19:54:00,2328.96,2330.4,2317.89,2319.31,7074.0
2024-01-01 19:55:00,2320.2200000000003,2321.27,2303.4500000000003,2303.61,6204.0
2024-01-01 19:56:00,2303.43,2315.02,2303.2200000000003,2313.08,7367.0
2024-01-01 19:57:00,2312.27,2324.9900000000002,2311.12,2322.88,8594.0
2024-01-01 19:58:00,2322.43,2326.2000000000003,2321.04,2325.38,6123.0
2024-01-01 19:59:00,2325.96,2327.4700000000003,2325.09,2327.19,4516.0
2024-01-01 20:00:00,2327.53,2333.4700000000003,2325.46,2330.33,6351.0
2024-01-01 20:01:00,2329.5,2330.82,2328.75,2329.61,4260.0
2024-01-01 20:02:00,2329.73,2331.33,2327.44,2329.53,5361.0
2024-01-01 20:03:00,2329.11,2329.39,2319.53,2322.06,1990.0
2024-01-01 20:04:00,2322.02,2323.44,2318.61,2319.71,7078.0
2024-01-01 20:05:00,2320.19,2325.57,2319.58,2325.21,8188.0
2024-01-01 20:06:00,2325.96,2335.43,2324.42,2332.7000000000003,7961.0
2024-01-01 20:07:00,2333.9,2335.73,2326.9,2329.77,7416.0
2024-01-01 20:08:00,2328.93,2332.26,2328.13,2331.31,2437.0
2024-01-01 20:09:00,2331.42,2334.4700000000003,2329.52,2332.63,6930.0
2024-01-01 20:10:00,2333.41,2338.25,2331.6,2335.43,8518.0
2024-01-01 20:11:00,2334.75,2335.2400000000002,2325.67,2327.08,7507.0
2024-01-01 20:12:00,2326.41,2335.92,2325.9900000000002,2333.04,5440.0
2024-01-01 20:13:00,2333.37,2334.15,2320.83,2323.61,8754.0
2024-01-01 20:14:00,2322.9700000000003,2339.6,2322.6,2337.55,8935.0
2024-01-01 20:15:00,2337.62,2337.96,2334.77,2337.17,5941.0
2024-01-01 20:16:00,2336.83,2337.51,2328.2200000000003,2331.65,6037.0
2024-01-01 20:17:00,2331.94,2343.38,2330.91,2340.7400000000002,6717.0
2024-01-01 20:18:00,2341.4700000000003,2348.9700000000003,2341.43,2346.98,6019.0
2024-01-01 20:19:00,2346.5,2346.89,2342.5,2344.41,35769.783511696354
2024-01-01 20:20:00,2344.69,2347.2200000000003,2343.57,2347.2000000000003,3132.0
2024-01-01 20:21:00,2347.09,2348.48,2333.4700000000003,2336.79,8902.0
2024-01-01 20:22:00,2337.26,2352.81,2335.85,2350.53,4736.0
2024-01-01 20:23:00,2351.27,2352.21,2338.9900000000002,2339.92,4798.0
2024-01-01 20:24:00,2340.73,2343.85,2340.36,2343.36,7849.0
2024-01-01 20:25:00,2343.65,2360.75,2342.79,2357.9700000000003,5822.0
2024-01-01 20:26:00,2358.52,2360.35,2351.37,2352.96,3479.0
2024-01-01 20:27:00,2352.61,2353.4900000000002,2333.66,2335.32,4133.0
2024-01-01 20:28:00,2335.9500000000003,2337.58,2335.01,2336.35,3343.0
2024-01-01 20:29:00,2336.31,2337.76,2316.6,2319.76,2061.0
2024-01-01 20:30:00,2319.37,2323.07,2318.78,2319.88,3759.0
2024-01-01 20:31:00,2319.83,2321.63,2310.65,2312.77,5148.0
2024-01-01 20:32:00,2312.63,2323.79,2311.4700000000003,2322.16,3596.0
2024-01-01 20:33:00,2321.73,2329.53,2321.2400000000002,2327.63,6313.0
2024-01-01 20:34:00,2327.51,2331.17,2326.02,2330.89,7210.0
2024-01-01 20:35:00,2330.83,2331.84,2321.42,2323.82,7859.0
2024-01-01 20:36:00,2334.17184,2335.33776,2333.00592,2334.871392,2155.0
2024-01-01 20:37:00,2305.2000000000003,2308.78,2304.17,2307.6,6620.0
2024-01-01 20:38:00,2308.46,2309.9700000000003,2285.9500000000003,2289.03,2548.0
2024-01-01 20:39:00,2288.87,2288.9,2268.53,2270.88,5763.0
2024-01-01 20:40:00,2269.67,2270.36,2260.08,2263.04,3149.0
2024-01-01 20:41:00,2262.69,2268.11,2261.41,2266.04,3013.0
2024-01-01 20:42:00,2264.5,2284.87,2263.7200000000003,2283.18,1996.0
2024-01-01 20:43:00,2282.41,2284.78,2281.33,2282.8,5530.0
2024-01-01 20:44:00,2281.82,2290.77,2281.26,2289.26,2690.0
2024-01-01 20:45:00,2290.09,2293.53,2289.7200000000003,2293.25,1784.0
2024-01-01 20:46:00,2293.81,2298.36,2292.07,2296.4500000000003,3969.0
2024-01-01 20:47:00,2296.07,2299.57,2295.17,2296.2000000000003,8665.0
2024-01-01 20:48:00,2297.4,2297.89,2287.9,2288.2400000000002,4644.0
2024-01-01 20:49:00,2287.93,2298.64,2285.9900000000002,2297.07,6237.0
2024-01-01 20:50:00,2297.19,2302.98,2296.58,2301.18,2533.0
2024-01-01 20:51:00,2300.11,2308.2400000000002,2298.42,2304.9,7885.0
2024-01-01 20:52:00,2304.16,2305.06,2302.25,2304.75,5601.0
2024-01-01 20:53:00,2304.2400000000002,2309.35,2303.56,2307.23,6501.0
2024-01-01 20:54:00,2306.69,2308.62,2296.01,2297.12,7201.0
2024-01-01 20:55:00,2296.57,2298.53,2294.55,2296.5,6614.0
2024-01-01 20:56:00,2296.5,2297.04,2281.56,2282.64,7358.0
2024-01-01 20:57:00,2282.39,2282.71,2277.28,2278.7200000000003,4708.0
2024-01-01 20:58:00,2277.93,2283.88,2277.83,2282.52,4938.0
2024-01-01 20:59:00,2283.29,2287.9900000000002,2282.84,2286.7000000000003,5149.0
2024-01-01 21:00:00,2285.96,2287.7400000000002,2278.91,2280.32,4833.0
2024-01-01 21:01:00,2281.12,2282.4500000000003,2274.06,2274.16,8556.0
2024-01-01 21:02:00,2273.03,2273.13,2265.86,2267.59,4796.0
2024-01-01 21:03:00,2267.54,2269.44,2266.82,2269.03,3794.0
2024-01-01 21:04:00,2268.14,2281.78,2266.88,2279.5,4543.0
2024-01-01 21:05:00,2280.12,2290.63,2279.84,2287.66,1803.0
2024-01-01 21:06:00,2287.25,2306.21,2285.2400000000002,2303.4500000000003,6199.0
2024-01-01 21:07:00,2303.96,2309.89,2302.85,2309.78,4778.0
2024-01-01 21:08:00,2311.23,2312.27,2310.67,2311.46,2673.0
2024-01-01 21:09:00,2311.46,2313.31,2290.4500000000003,2291.56,5593.0
2024-01-01 21:10:00,2291.73,2297.2400000000002,2291.25,2294.12,5534.0
2024-01-01 21:11:00,2294.09,2309.68,2292.7000000000003,2307.66,4937.0
2024-01-01 21:12:00,2308.58,2310.4900000000002,2301.14,2301.62,6896.0
2024-01-01 21:13:00,2301.44,2305.58,2300.17,2305.04,3010.0
2024-01-01 21:14:00,2305.36,2318.11,2303.4,2318.04,3046.0
2024-01-01 21:15:00,2318.43,2319.85,2311.87,2315.03,8774.0
2024-01-01 21:16:00,2315.61,2335.33,2313.66,2334.96,16348.83301053787
2024-01-01 21:17:00,2334.58,2335.83,2329.83,2330.17,5049.0
2024-01-01 21:18:00,2329.67,2336.27,2327.78,2333.81,7227.0
2024-01-01 21:19:00,2333.27,2350.81,2332.37,2348.2000000000003,7162.0
2024-01-01 21:20:00,2349.27,2350.94,2336.91,2337.03,4346.0
2024-01-01 21:21:00,2336.41,2339.4700000000003,2335.09,2339.2200000000003,4786.0
2024-01-01 21:22:00,2339.54,2342.21,2337.48,2341.42,7672.0
2024-01-01 21:23:00,2340.8,2342.52,2333.79,2336.8,7086.0
2024-01-01 21:24:00,2337.9,2338.03,2331.65,2333.34,5177.0
2024-01-01 21:25:00,2333.7400000000002,2340.25,2332.93,2340.06,2941.0
2024-01-01 21:26:00,2339.8,2373.54,2339.48,2372.65,6176.0
2024-01-01 21:27:00,2372.73,2373.7400000000002,2362.05,2363.09,2806.0
2024-01-01 21:28:00,2361.94,2372.57,2361.55,2370.42,7898.0
2024-01-01 21:29:00,2370.94,2375.33,2369.44,2375.05,3178.0
2024-01-01 21:30:00,2375.38,2375.65,2362.02,2363.8,2052.0
2024-01-01 21:31:00,2363.02,2372.46,2362.64,2369.51,2441.0
2024-01-01 21:32:00,2370.2400000000002,2391.33,2369.73,2390.12,5615.0
2024-01-01 21:33:00,2389.04,2397.8,2388.98,2396.6,6435.0
2024-01-01 21:34:00,2394.9900000000002,2409.4900000000002,2394.33,2405.9,6061.0
2024-01-01 21:35:00,2406.85,2417.84,2404.93,2417.29,6593.0
2024-01-01 21:36:00,2417.6,2419.32,2399.58,2402.7200000000003,5431.0
2024-01-01 21:37:00,2402.57,2419.39,2402.17,2417.03,5526.0
2024-01-01 21:38:00,2415.37,2415.39,2400.94,2403.15,3402.0
2024-01-01 21:39:00,2401.8,2409.2200000000003,2401.5,2407.37,3059.0
2024-01-01 21:40:00,2406.83,2415.0,2406.55,2411.58,4668.0
2024-01-01 21:41:00,2410.82,2412.87,2386.6,2388.92,5170.0
2024-01-01 21:42:00,2389.31,2397.25,2389.04,2396.64,7540.0
2024-01-01 21:43:00,2397.26,2420.19,2396.03,2418.55,8995.0
2024-01-01 21:44:00,2419.4700000000003,2420.4900000000002,2407.03,2410.1,4992.0
2024-01-01 21:45:00,2410.8,2414.4900000000002,2409.04,2413.9900000000002,8906.0
2024-01-01 21:46:00,2415.14,2424.59,2414.64,2423.92,4553.0
2024-01-01 21:47:00,2423.9900000000002,2425.26,2419.25,2422.39,1700.0
2024-01-01 21:48:00,2421.73,2430.65,2419.91,2427.53,4979.0
2024-01-01 21:49:00,2427.96,2429.1,2427.38,2428.4900000000002,2778.0
2024-01-01 21:50:00,2427.83,2428.94,2421.56,2424.69,7258.0
2024-01-01 21:51:00,2424.2200000000003,2431.17,2422.77,2430.2200000000003,8211.0
2024-01-01 21:52:00,2429.8,2445.38,2428.21,2445.36,8288.0
2024-01-01 21:53:00,2443.21,2443.55,2439.27,2440.7000000000003,6182.0
2024-01-01 21:54:00,2440.01,2453.18,2438.21,2451.31,2778.0
2024-01-01 21:55:00,2451.9,2459.9,2450.0,2456.23,6814.0
2024-01-01 21:56:00,2456.55,2458.7400000000002,2443.43,2444.77,8239.0
2024-01-01 21:57:00,2445.62,2446.4700000000003,2424.31,2424.63,4727.0
2024-01-01 21:58:00,2424.08,2430.9700000000003,2423.43,2428.44,5556.0
2024-01-01 21:59:00,2428.2400000000002,2429.6,2415.88,2417.04,8751.0
2024-01-01 22:00:00,2418.21,2419.08,2412.25,2414.31,5831.0
2024-01-01 22:01:00,2413.32,2414.69,2411.51,2413.88,3450.0
2024-01-01 22:02:00,2414.32,2426.43,2412.61,2423.25,1325.0
2024-01-01 22:03:00,2424.29,2424.3,2404.34,2407.15,2057.0
2024-01-01 22:04:00,2405.9,2408.44,2405.23,2407.9500000000003,4682.0
2024-01-01 22:05:00,2408.16,2409.94,2392.18,2393.37,4575.0
2024-01-01 22:06:00,2393.13,2396.64,2392.86,2394.31,2305.0
2024-01-01 22:07:00,2393.78,2394.3,2388.9900000000002,2389.57,5247.0
2024-01-01 22:08:00,2389.58,2390.5,2383.15,2386.17,3994.0
2024-01-01 22:09:00,2385.68,2391.54,2383.61,2389.14,4210.0
2024-01-01 22:10:00,2387.9900000000002,2396.2400000000002,2387.57,2396.04,2469.0
2024-01-01 22:11:00,2395.57,2415.71,2395.43,2413.9500000000003,2935.0
2024-01-01 22:12:00,2414.03,2414.41,2411.69,2413.86,5043.0
2024-01-01 22:13:00,2414.3,2424.63,2412.64,2423.07,2146.0
2024-01-01 22:14:00,2422.8,2435.4700000000003,2421.4500000000003,2431.96,1697.0
2024-01-01 22:15:00,2432.54,2440.19,2430.36,2439.73,4060.0
2024-01-01 22:16:00,2440.63,2447.65,2440.18,2445.2400000000002,2603.0
2024-01-01 22:17:00,2446.13,2446.25,2442.5,2443.35,5395.0
2024-01-01 22:18:00,2442.35,2443.4500000000003,2437.9500000000003,2438.54,5474.0
2024-01-01 22:19:00,2438.7200000000003,2439.19,2418.82,2421.32,4083.0
2024-01-01 22:20:00,2420.05,2420.4700000000003,2415.54,2418.08,4057.0
2024-01-01 22:21:00,2417.25,2429.94,2416.2200000000003,2428.26,5493.0
2024-01-01 22:22:00,2427.54,2434.8,2427.07,2431.98,2669.0
2024-01-01 22:23:00,2431.23,2454.2400000000002,2430.66,2452.9700000000003,3300.0
2024-01-01 22:24:00,2452.58,2470.56,2451.8,2467.09,1107.0
2024-01-01 22:25:00,2467.1,2471.29,2465.59,2468.01,1776.0
2024-01-01 22:26:00,2468.6,2470.14,2464.34,2467.08,5364.0
2024-01-01 22:27:00,2467.84,2467.89,2463.68,2465.53,2123.0
2024-01-01 22:28:00,2466.03,2472.82,2466.03,2469.93,2764.0
2024-01-01 22:29:00,2470.03,2479.86,2468.9900000000002,2477.36,4903.0
2024-01-01 22:30:00,2476.77,2478.04,2470.86,2471.52,3355.0
2024-01-01 22:31:00,2472.2200000000003,2473.2200000000003,2464.86,2466.18,2061.0
2024-01-01 22:32:00,2465.27,2474.39,2464.07,2471.07,3317.0
2024-01-01 22:33:00,2470.9700000000003,2475.8,2469.7400000000002,2475.04,4748.0
2024-01-01 22:34:00,2474.91,2490.79,2473.36,2490.68,3347.0
2024-01-01 22:35:00,2489.83,2491.08,2482.48,2484.53,5285.0
2024-01-01 22:36:00,2484.75,2485.62,2477.1,2478.04,4004.0
2024-01-01 22:37:00,2477.28,2482.15,2476.82,2480.9,4562.0
2024-01-01 22:38:00,2480.29,2480.5,2477.13,2479.93,1261.0
2024-01-01 22:39:00,2479.03,2483.79,2478.46,2480.11,4851.0
2024-01-01 22:40:00,2479.62,2491.7200000000003,2478.9900000000002,2490.29,4241.0
2024-01-01 22:41:00,2490.3,2502.91,2489.85,2499.4500000000003,3677.0
2024-01-01 22:42:00,2499.2000000000003,2500.4500000000003,2486.59,2489.37,5065.0
2024-01-01 22:43:00,2490.26,2491.76,2483.15,2485.4500000000003,5199.0
2024-01-01 22:44:00,2485.21,2495.98,2483.11,2492.65,3228.0
2024-01-01 22:45:00,2492.76,2503.42,2491.27,2501.19,2703.0
2024-01-01 22:46:00,2501.05,2502.35,2488.1,2490.08,4510.0
2024-01-01 22:47:00,2490.13,2491.63,2486.4700000000003,2488.25,2329.0
2024-01-01 22:48:00,2489.12,2501.05,2488.57,2497.55,1847.0
2024-01-01 22:49:00,2499.2200000000003,2500.07,2492.17,2495.43,5562.0
2024-01-01 22:50:00,2494.9900000000002,2495.21,2489.48,2491.1,2005.0
2024-01-01 22:51:00,2491.63,2491.86,2485.16,2485.8,4376.0
2024-01-01 22:52:00,2484.25,2485.06,2476.25,2477.26,1227.0
2024-01-01 22:53:00,2476.86,2494.87,2476.81,2491.42,3059.0
2024-01-01 22:54:00,2492.16,2492.76,2484.29,2487.43,2059.0
2024-01-01 22:55:00,2486.83,2498.7400000000002,2485.2200000000003,2497.44,3241.0
2024-01-01 22:56:00,2499.29,2499.9500000000003,2497.4500000000003,2497.73,3740.0
2024-01-01 22:57:00,2497.96,2500.06,2491.84,2494.4500000000003,3580.0
2024-01-01 22:58:00,2494.63,2495.81,2487.14,2488.36,1943.0
2024-01-01 22:59:00,2487.87,2488.35,2468.8,2471.4700000000003,4293.0
2024-01-01 23:00:00,2472.23,2472.68,2458.71,2461.89,3881.0
2024-01-01 23:01:00,2462.48,2468.07,2462.4,2467.41,4143.0
2024-01-01 23:02:00,2467.35,2469.3,2455.17,2458.4700000000003,5518.0
2024-01-01 23:03:00,2459.65,2460.32,2447.7000000000003,2451.14,2717.0
2024-01-01 23:04:00,2451.6,2461.19,2450.12,2460.66,3891.0
2024-01-01 23:05:00,2460.9500000000003,2462.2400000000002,2453.81,2454.64,4835.0
2024-01-01 23:06:00,2454.26,2455.55,2442.85,2444.56,1994.0
2024-01-01 23:07:00,2445.9700000000003,2449.09,2445.51,2448.44,22228.373585099485
2024-01-01 23:08:00,2447.79,2448.18,2432.81,2434.89,5754.0
2024-01-01 23:09:00,2433.37,2444.52,2433.09,2441.05,4636.0
2024-01-01 23:10:00,2441.4900000000002,2467.9700000000003,2440.08,2465.7000000000003,3258.0
2024-01-01 23:11:00,2466.28,2467.6,2461.35,2461.9,3806.0
2024-01-01 23:12:00,2463.01,2472.2200000000003,2462.34,2471.32,4637.0
2024-01-01 23:13:00,2471.09,2480.19,2470.54,2479.92,2501.0
2024-01-01 23:14:00,2478.7000000000003,2485.38,2477.5,2482.54,4546.0
2024-01-01 23:15:00,2482.88,2485.09,2477.73,2479.21,4503.0
2024-01-01 23:16:00,2478.29,2478.82,2475.54,2476.14,2958.0
2024-01-01 23:17:00,2476.7200000000003,2478.5,2467.84,2470.91,5874.0
2024-01-01 23:18:00,2472.29,2474.66,2470.56,2472.85,4623.0
2024-01-01 23:19:00,2472.7400000000002,2480.84,2470.52,2479.83,3687.0
2024-01-01 23:20:00,2480.2400000000002,2481.31,2474.91,2475.07,2922.0
2024-01-01 23:21:00,2475.2000000000003,2490.05,2473.56,2489.98,2522.0
2024-01-01 23:22:00,2490.03,2490.7400000000002,2481.03,2484.37,4140.0
2024-01-01 23:23:00,2484.37,2492.14,2482.61,2490.06,1727.0
2024-01-01 23:24:00,2489.61,2491.66,2486.68,2488.2400000000002,4778.0
2024-01-01 23:25:00,2487.89,2487.91,2481.01,2482.38,2685.0
2024-01-01 23:26:00,2481.92,2488.82,2481.71,2486.59,3502.0
2024-01-01 23:27:00,2485.63,2495.2200000000003,2484.7200000000003,2491.62,4922.0
2024-01-01 23:28:00,2491.8,2505.66,2490.15,2502.34,5728.0
2024-01-01 23:29:00,2500.35,2500.86,2486.7200000000003,2489.34,3148.0
2024-01-01 23:30:00,2490.2000000000003,2490.4,2486.66,2486.98,4459.0
2024-01-01 23:31:00,2487.37,2504.1,2486.73,2500.64,3112.0
2024-01-01 23:32:00,2500.86,2502.31,2496.9700000000003,2500.32,3658.0
2024-01-01 23:33:00,2500.82,2504.04,2500.76,2502.7200000000003,5087.0
2024-01-01 23:34:00,2503.86,2505.56,2501.03,2501.53,4635.0
2024-01-01 23:35:00,2501.66,2503.37,2485.02,2488.38,1836.0
2024-01-01 23:36:00,2487.34,2498.87,2485.28,2496.7400000000002,2975.0
2024-01-01 23:37:00,2496.09,2500.17,2494.55,2499.67,4398.0
2024-01-01 23:38:00,2499.6,2500.4700000000003,2481.43,2484.2400000000002,5573.0
2024-01-01 23:39:00,2484.36,2486.08,2482.78,2483.31,5714.0
2024-01-01 23:40:00,2481.7200000000003,2490.21,2479.5,2489.3,4191.0
2024-01-01 23:41:00,2489.02,2489.61,2484.41,2484.4900000000002,2984.0
2024-01-01 23:42:00,2485.68,2486.35,2479.4900000000002,2480.28,3433.0
2024-01-01 23:43:00,2478.9500000000003,2479.67,2468.94,2472.04,5969.0
2024-01-01 23:44:00,2471.84,2473.27,2457.39,2459.34,5303.0
2024-01-01 23:45:00,2459.76,2459.9,2448.14,2451.63,2372.0
2024-01-01 23:46:00,2451.88,2453.12,2445.3,2448.78,4794.0
2024-01-01 23:47:00,2449.18,2450.9,2432.38,2435.58,4165.0
2024-01-01 23:48:00,2436.01,2446.75,2435.38,2444.55,1590.0
2024-01-01 23:49:00,2444.32,2445.18,2429.37,2432.76,4884.0
2024-01-01 23:50:00,2433.65,2434.03,2431.01,2433.06,3857.0
2024-01-01 23:51:00,2433.02,2442.63,2432.9900000000002,2439.85,2527.0
2024-01-01 23:52:00,2440.7400000000002,2454.44,2440.07,2454.37,4934.0
2024-01-01 23:53:00,2455.2000000000003,2460.9700000000003,2453.77,2457.78,1803.0
2024-01-01 23:54:00,2458.6,2470.39,2458.39,2467.2200000000003,4948.0
2024-01-01 23:55:00,2465.96,2484.05,2465.61,2481.4500000000003,3467.0
2024-01-01 23:56:00,2481.73,2491.26,2480.3,2490.3,1195.0
2024-01-01 23:57:00,2490.61,2492.38,2483.57,2483.88,3152.0
2024-01-01 23:58:00,2483.26,2483.67,2472.03,2473.25,4839.0
2024-01-01 23:59:00,2472.9700000000003,2477.9700000000003,2472.39,2476.43,3349.0
2024-01-02 00:00:00,2478.1,2479.66,2473.68,2475.0,1603.0
2024-01-02 00:01:00,2476.73,2477.43,2465.54,2465.98,4644.0
2024-01-02 00:02:00,2465.71,2467.26,2460.42,2463.56,4426.0
2024-01-02 00:03:00,2463.36,2464.59,2459.34,2461.4700000000003,5983.0
2024-01-02 00:04:00,2460.93,2462.81,2448.42,2451.9900000000002,3132.0
2024-01-02 00:05:00,2451.78,2452.44,2442.07,2442.13,3640.0
2024-01-02 00:06:00,2442.93,2453.03,2442.65,2452.34,2041.0
2024-01-02 00:07:00,2451.7000000000003,2454.86,2450.38,2454.08,5538.0
2024-01-02 00:08:00,2453.57,2453.91,2446.19,2449.56,1809.0
2024-01-02 00:09:00,2449.28,2461.69,2448.18,2458.73,5812.0
2024-01-02 00:10:00,2459.26,2461.9,2457.05,2459.7000000000003,1993.0
2024-01-02 00:11:00,2459.46,2459.5,2453.89,2456.29,2992.0
2024-01-02 00:12:00,2454.12,2455.7200000000003,2448.73,2448.8,1643.0
2024-01-02 00:13:00,2449.61,2456.4700000000003,2449.54,2454.43,4130.0
2024-01-02 00:14:00,2455.56,2457.7200000000003,2454.81,2455.35,1954.0
2024-01-02 00:15:00,2455.23,2456.51,2442.68,2442.71,2368.0
2024-01-02 00:16:00,2443.2200000000003,2446.2000000000003,2441.51,2443.7200000000003,1352.0
2024-01-02 00:17:00,2443.59,2457.9,2443.4900000000002,2456.34,3619.0
2024-01-02 00:18:00,2456.84,2457.86,2454.17,2456.0,5058.0
2024-01-02 00:19:00,2455.39,2456.18,2446.28,2449.4500000000003,3291.0
2024-01-02 00:20:00,2449.9500000000003,2464.37,2448.4700000000003,2462.73,1226.0
2024-01-02 00:21:00,2462.16,2463.88,2453.9500000000003,2455.4,2415.0
2024-01-02 00:22:00,2455.7200000000003,2455.85,2447.38,2448.68,2930.0
2024-01-02 00:23:00,2448.34,2449.2000000000003,2446.79,2446.94,2835.0
2024-01-02 00:24:00,2446.33,2447.12,2439.31,2442.19,3184.0
2024-01-02 00:25:00,2441.54,2441.9700000000003,2435.98,2436.5,4513.0
2024-01-02 00:26:00,2437.21,2440.76,2436.85,2437.59,1622.0
2024-01-02 00:27:00,2437.89,2443.43,2437.52,2442.23,3611.0
2024-01-02 00:28:00,2442.59,2443.82,2434.09,2434.23,3692.0
2024-01-02 00:29:00,2434.55,2443.21,2432.37,2440.41,4332.0
2024-01-02 00:30:00,2440.08,2446.26,2439.86,2446.0,5329.0
2024-01-02 00:31:00,2446.2200000000003,2447.64,2437.2000000000003,2437.44,3597.0
2024-01-02 00:32:00,2437.11,2438.3,2426.67,2428.94,4371.0
2024-01-02 00:33:00,2428.33,2429.7000000000003,2427.4500000000003,2428.31,1504.0
2024-01-02 00:34:00,2428.67,2433.34,2428.36,2432.2200000000003,3264.0
2024-01-02 00:35:00,2432.65,2434.41,2427.58,2430.43,4850.0
2024-01-02 00:36:00,2429.83,2435.05,2429.26,2433.76,1433.0
2024-01-02 00:37:00,2433.4,2446.33,2431.83,2444.7400000000002,3769.0
2024-01-02 00:38:00,2445.91,2446.54,2442.9500000000003,2443.2200000000003,5538.0
2024-01-02 00:39:00,2443.8,2445.7200000000003,2439.05,2442.4,5502.0
2024-01-02 00:40:00,2443.4500000000003,2443.64,2432.1,2435.63,4980.0
2024-01-02 00:41:00,2435.75,2436.36,2425.94,2428.76,1281.0
2024-01-02 00:42:00,2429.89,2431.03,2422.3,2423.38,4206.0
2024-01-02 00:43:00,2421.54,2421.7400000000002,2406.96,2410.39,2192.0
2024-01-02 00:44:00,2410.9500000000003,2412.51,2405.51,2407.7200000000003,5790.0
2024-01-02 00:45:00,2408.91,2415.7000000000003,2406.9500000000003,2413.5,5459.0
2024-01-02 00:46:00,2413.65,2421.28,2413.11,2419.5,1992.0
2024-01-02 00:47:00,2419.04,2420.23,2414.33,2415.4500000000003,5342.0
2024-01-02 00:48:00,2415.2200000000003,2416.08,2401.0,2404.29,4035.0
2024-01-02 00:49:00,2404.02,2404.11,2402.04,2402.33,5357.0
2024-01-02 00:50:00,2402.79,2402.81,2392.96,2395.09,4712.0
2024-01-02 00:51:00,2395.89,2397.7200000000003,2395.0,2395.13,3935.0
2024-01-02 00:52:00,2395.73,2400.7000000000003,2393.63,2397.66,2115.0
2024-01-02 00:53:00,2397.51,2398.3,2386.91,2390.1,4929.0
2024-01-02 00:54:00,2389.64,2391.48,2379.01,2382.5,3630.0
2024-01-02 00:55:00,2382.21,2383.25,2379.96,2382.2000000000003,5369.0
2024-01-02 00:56:00,2382.7400000000002,2383.92,2382.01,2382.82,3501.0
2024-01-02 00:57:00,2382.65,2382.7400000000002,2379.84,2382.51,1501.0
2024-01-02 00:58:00,2382.02,2382.79,2370.02,2373.11,4592.0
2024-01-02 00:59:00,2372.9500000000003,2388.78,2371.18,2386.94,2127.0
2024-01-02 01:00:00,2385.6,2399.2000000000003,2384.53,2398.73,1308.0
2024-01-02 01:01:00,2398.59,2400.26,2394.79,2396.41,4799.0
2024-01-02 01:02:00,2396.66,2408.68,2394.6,2405.87,4888.0
2024-01-02 01:03:00,2406.37,2407.36,2399.35,2400.75,2206.0
2024-01-02 01:04:00,2400.1,2401.65,2392.44,2395.23,2588.0
2024-01-02 01:05:00,2395.68,2401.52,2394.31,2400.17,4899.0
2024-01-02 01:06:00,2400.52,2404.9900000000002,2399.87,2402.67,1664.0
2024-01-02 01:07:00,2402.46,2404.6,2397.11,2400.23,2488.0
2024-01-02 01:08:00,2400.78,2400.87,2389.82,2391.43,5375.0
2024-01-02 01:09:00,2392.03,2394.17,2390.04,2390.4,5105.0
2024-01-02 01:10:00,2389.57,2390.98,2381.25,2381.98,4147.0
2024-01-02 01:11:00,2382.67,2384.04,2372.68,2375.2200000000003,1489.0
2024-01-02 01:12:00,2374.98,2385.63,2373.06,2383.27,1805.0
2024-01-02 01:13:00,2383.11,2384.17,2373.34,2373.85,2394.0
2024-01-02 01:14:00,2373.5,2388.29,2373.28,2386.1,2170.0
2024-01-02 01:15:00,2386.11,2386.3,2377.84,2381.2000000000003,5489.0
2024-01-02 01:16:00,2381.3,2383.38,2368.03,2368.12,4490.0
2024-01-02 01:17:00,2368.4700000000003,2375.14,2366.65,2373.77,1352.0
2024-01-02 01:18:00,2374.84,2375.4700000000003,2368.9500000000003,2369.23,3324.0
2024-01-02 01:19:00,2369.2000000000003,2371.2200000000003,2358.25,2361.0,4819.0
2024-01-02 01:20:00,2360.28,2366.67,2359.88,2366.54,5949.0
2024-01-02 01:21:00,2365.76,2372.26,2364.9,2372.09,4864.0
2024-01-02 01:22:00,2372.53,2373.8,2370.2400000000002,2372.39,5293.0
2024-01-02 01:23:00,2372.01,2380.05,2371.8,2377.4900000000002,2148.0
2024-01-02 01:24:00,2376.29,2378.25,2374.27,2376.75,3656.0
2024-01-02 01:25:00,2377.39,2379.03,2370.36,2373.15,5169.0
2024-01-02 01:26:00,2373.27,2376.07,2372.52,2373.38,1310.0
2024-01-02 01:27:00,2373.7200000000003,2387.7200000000003,2372.5,2386.91,2443.0
2024-01-02 01:28:00,2385.51,2388.05,2384.88,2387.7400000000002,2624.0
2024-01-02 01:29:00,2387.75,2388.53,2383.7400000000002,2386.4,4028.0
2024-01-02 01:30:00,2385.61,2391.26,2385.38,2390.03,1538.0
2024-01-02 01:31:00,2389.53,2399.25,2388.51,2397.55,4562.0
2024-01-02 01:32:00,2397.91,2410.88,2396.58,2408.69,4617.0
2024-01-02 01:33:00,2409.05,2409.9700000000003,2399.9500000000003,2403.05,5220.0
2024-01-02 01:34:00,2402.2400000000002,2403.92,2380.16,2382.82,3738.0
2024-01-02 01:35:00,2383.58,2385.29,2381.52,2383.33,4547.0
2024-01-02 01:36:00,2383.7200000000003,2383.81,2372.56,2374.48,5177.0
2024-01-02 01:37:00,2375.52,2381.2400000000002,2373.54,2378.26,5140.0
2024-01-02 01:38:00,2378.23,2379.4900000000002,2366.58,2369.16,3497.0
2024-01-02 01:39:00,2369.19,2373.89,2367.21,2371.01,1279.0
2024-01-02 01:40:00,2371.4500000000003,2378.44,2370.05,2375.66,4812.0
2024-01-02 01:41:00,2375.73,2377.73,2374.35,2375.78,2836.0
2024-01-02 01:42:00,2375.57,2378.02,2374.1,2378.01,2934.0
2024-01-02 01:43:00,2377.69,2379.79,2373.83,2377.33,1991.0
2024-01-02 01:44:00,2377.34,2379.32,2375.25,2377.29,4045.0
2024-01-02 01:45:00,2376.67,2385.98,2376.23,2382.63,5985.0
2024-01-02 01:46:00,2382.12,2400.1,2380.4900000000002,2397.0,4710.0
2024-01-02 01:47:00,2398.1,2399.93,2382.54,2384.85,1220.0
2024-01-02 01:48:00,2386.86,2387.58,2383.5,2385.38,3651.0
2024-01-02 01:49:00,2385.3,2388.6,2384.76,2386.03,3705.0
2024-01-02 01:50:00,2386.87,2389.29,2386.73,2387.02,3307.0
2024-01-02 01:51:00,2388.44,2389.69,2382.55,2385.29,5560.0
2024-01-02 01:52:00,2384.54,2390.26,2384.4500000000003,2387.46,1054.0
2024-01-02 01:53:00,2388.65,2400.73,2387.81,2398.66,5980.0
2024-01-02 01:54:00,2396.78,2398.91,2383.6,2385.09,4871.0
2024-01-02 01:55:00,2385.88,2386.64,2381.41,2382.03,2614.0
2024-01-02 01:56:00,2383.09,2392.09,2381.01,2388.89,3855.0
2024-01-02 01:57:00,2389.8,2401.6,2388.55,2400.79,1369.0
2024-01-02 01:58:00,2400.13,2400.16,2388.65,2391.21,4083.0
2024-01-02 01:59:00,2390.06,2392.18,2377.76,2379.4500000000003,4145.0
2024-01-02 02:00:00,2379.43,2379.53,2364.6,2365.9,1972.0
2024-01-02 02:01:00,2365.31,2367.4,2348.79,2351.4900000000002,3027.0
2024-01-02 02:02:00,2351.59,2353.48,2337.82,2341.28,1234.0
2024-01-02 02:03:00,2341.75,2347.53,2340.65,2344.03,1639.0
2024-01-02 02:04:00,2343.67,2349.8,2341.86,2347.91,1325.0
2024-01-02 02:05:00,2347.93,2348.13,2342.56,2344.5,5573.0
2024-01-02 02:06:00,2344.92,2346.66,2341.04,2344.31,1674.0
2024-01-02 02:07:00,2343.32,2345.33,2339.66,2340.61,1786.0
2024-01-02 02:08:00,2339.9700000000003,2351.2400000000002,2339.7200000000003,2350.1,5076.0
2024-01-02 02:09:00,2350.64,2352.06,2350.16,2351.4500000000003,3426.0
2024-01-02 02:10:00,2351.31,2352.36,2345.36,2347.19,1002.0
2024-01-02 02:11:00,2347.13,2358.26,2346.78,2357.88,4349.0
2024-01-02 02:12:00,2358.46,2359.82,2338.96,2339.46,2701.0
2024-01-02 02:13:00,2338.66,2340.57,2325.91,2325.91,4859.0
2024-01-02 02:14:00,2325.34,2330.4500000000003,2324.2200000000003,2328.58,5122.0
2024-01-02 02:15:00,2328.13,2340.82,2326.16,2337.34,2128.0
2024-01-02 02:16:00,2337.66,2344.81,2337.27,2344.63,4089.0
2024-01-02 02:17:00,2343.51,2345.52,2341.75,2343.53,4215.0
2024-01-02 02:18:00,2343.25,2353.78,2343.01,2350.81,3877.0
2024-01-02 02:19:00,2350.68,2369.4700000000003,2349.63,2367.38,3057.0
2024-01-02 02:20:00,2368.5,2378.9700000000003,2366.6,2375.61,5608.0
2024-01-02 02:21:00,2375.92,2379.87,2375.54,2377.61,2706.0
2024-01-02 02:22:00,2377.04,2385.01,2375.01,2384.14,3990.0
2024-01-02 02:23:00,2385.04,2385.07,2381.34,2383.38,3495.0
2024-01-02 02:24:00,2384.26,2396.37,2382.41,2395.48,2342.0
2024-01-02 02:25:00,2396.15,2396.58,2390.77,2391.51,2961.0
2024-01-02 02:26:00,2390.11,2390.5,2383.4700000000003,2386.98,3582.0
2024-01-02 02:27:00,2386.61,2393.15,2384.96,2390.36,1630.0
2024-01-02 02:28:00,2389.43,2390.01,2380.04,2381.91,4484.0
2024-01-02 02:29:00,2381.71,2384.9900000000002,2381.34,2384.52,1744.0
2024-01-02 02:30:00,2384.76,2389.92,2382.73,2387.2400000000002,2468.0
2024-01-02 02:31:00,2387.56,2395.48,2385.61,2393.7200000000003,1665.0
2024-01-02 02:32:00,2394.52,2408.9,2392.63,2408.16,5507.0
2024-01-02 02:33:00,2408.7200000000003,2412.38,2408.28,2410.66,4146.0
2024-01-02 02:34:00,2410.7200000000003,2411.26,2395.52,2396.12,4092.0
2024-01-02 02:35:00,2395.87,2397.15,2392.68,2394.46,3761.0
2024-01-02 02:36:00,2394.28,2394.7200000000003,2379.58,2382.66,3295.0
2024-01-02 02:37:00,2382.7000000000003,2384.62,2376.79,2377.85,4573.0
2024-01-02 02:38:00,2377.33,2377.75,2369.0,2369.56,3986.0
2024-01-02 02:39:00,2368.96,2369.43,2365.59,2367.05,1794.0
2024-01-02 02:40:00,2367.65,2368.01,2352.54,2354.4900000000002,1769.0
2024-01-02 02:41:00,2353.4900000000002,2360.35,2353.2400000000002,2357.35,5975.0
2024-01-02 02:42:00,2357.09,2357.64,2352.9500000000003,2354.37,5905.0
2024-01-02 02:43:00,2353.9900000000002,2362.36,2352.44,2360.76,1077.0
2024-01-02 02:44:00,2359.85,2365.51,2359.7200000000003,2362.77,4763.0
2024-01-02 02:45:00,2362.9900000000002,2363.85,2357.44,2358.66,3746.0
2024-01-02 02:46:00,2358.07,2361.4,2356.2000000000003,2360.11,5795.0
2024-01-02 02:47:00,2358.73,2363.62,2357.73,2360.9700000000003,3488.0
2024-01-02 02:48:00,2361.87,2366.4900000000002,2361.38,2366.17,2296.0
2024-01-02 02:49:00,2367.16,2383.48,2366.39,2382.2200000000003,4721.0
2024-01-02 02:50:00,2382.25,2383.89,2378.93,2382.2000000000003,5996.0
2024-01-02 02:51:00,2381.46,2382.3,2377.19,2379.57,25835.48937058724
2024-01-02 02:52:00,2378.27,2379.15,2367.0,2368.62,2888.0
2024-01-02 02:53:00,2367.68,2368.05,2360.67,2360.94,2090.0
2024-01-02 02:54:00,2361.68,2363.35,2354.11,2356.3,5051.0
2024-01-02 02:55:00,2356.35,2359.76,2356.27,2358.87,4873.0
2024-01-02 02:56:00,2359.9500000000003,2371.53,2358.29,2370.78,4865.0
2024-01-02 02:57:00,2370.31,2379.66,2369.81,2376.91,5489.0
2024-01-02 02:58:00,2376.9900000000002,2378.56,2367.69,2369.71,5962.0
2024-01-02 02:59:00,2369.88,2370.83,2364.55,2366.58,5468.0
2024-01-02 03:00:00,2366.59,2367.62,2359.92,2362.06,4313.0
2024-01-02 03:01:00,2362.08,2368.43,2361.29,2367.38,4744.0
2024-01-02 03:02:00,2367.01,2369.01,2356.37,2358.55,5243.0
2024-01-02 03:03:00,2358.13,2368.23,2357.4900000000002,2366.98,2105.0
2024-01-02 03:04:00,2367.79,2368.3,2358.92,2362.25,1907.0
2024-01-02 03:05:00,2362.2400000000002,2363.9,2359.21,2361.37,2660.0
2024-01-02 03:06:00,2363.2000000000003,2371.17,2361.8,2368.73,1422.0
2024-01-02 03:07:00,2369.66,2377.33,2368.2400000000002,2377.28,1600.0
2024-01-02 03:08:00,2378.03,2387.87,2376.37,2386.37,3148.0
2024-01-02 03:09:00,2386.1,2391.85,2383.96,2389.16,4730.0
2024-01-02 03:10:00,2387.83,2388.52,2384.42,2385.64,2450.0
2024-01-02 03:11:00,2386.26,2387.57,2376.77,2378.7000000000003,3777.0
2024-01-02 03:12:00,2378.69,2378.78,2364.9700000000003,2368.43,1624.0
2024-01-02 03:13:00,2367.8,2369.92,2362.64,2364.01,2439.0
2024-01-02 03:14:00,2364.16,2364.29,2362.82,2363.34,1200.0
2024-01-02 03:15:00,2364.07,2368.05,2363.78,2365.39,2348.0
2024-01-02 03:16:00,2365.51,2375.56,2363.65,2372.2200000000003,4751.0
2024-01-02 03:17:00,2372.25,2373.62,2359.4,2361.17,3865.0
2024-01-02 03:18:00,2361.61,2377.77,2360.38,2377.46,3681.0
2024-01-02 03:19:00,2378.14,2382.06,2377.29,2378.82,2781.0
2024-01-02 03:20:00,2379.21,2380.26,2369.79,2371.8,2689.0
2024-01-02 03:21:00,2371.46,2383.44,2369.48,2382.53,2370.0
2024-01-02 03:22:00,2382.07,2395.33,2381.12,2393.08,1500.0
2024-01-02 03:23:00,2393.03,2393.31,2387.33,2389.01,1834.0
2024-01-02 03:24:00,2390.88,2392.36,2387.1,2387.9900000000002,1737.0
2024-01-02 03:25:00,2388.76,2389.55,2371.76,2372.93,5418.0
2024-01-02 03:26:00,2372.32,2372.62,2369.87,2370.82,1307.0
2024-01-02 03:27:00,2370.98,2372.69,2363.11,2363.53,4151.0
2024-01-02 03:28:00,2362.92,2364.76,2358.54,2360.79,5168.0
2024-01-02 03:29:00,2359.94,2360.56,2354.7400000000002,2357.66,1962.0
2024-01-02 03:30:00,2357.82,2358.01,2352.82,2354.4700000000003,1503.0
2024-01-02 03:31:00,2355.02,2361.7000000000003,2354.18,2360.18,5227.0
2024-01-02 03:32:00,2360.32,2360.96,2344.8,2347.18,1231.0
2024-01-02 03:33:00,2348.4500000000003,2350.4500000000003,2333.55,2336.11,4219.0
2024-01-02 03:34:00,2336.4,2341.83,2334.7000000000003,2341.4500000000003,4469.0
2024-01-02 03:35:00,2342.02,2343.04,2340.43,2342.9700000000003,3096.0
2024-01-02 03:36:00,2342.69,2343.38,2336.7400000000002,2339.9500000000003,4884.0
2024-01-02 03:37:00,2340.7400000000002,2342.57,2333.51,2334.1,5350.0
2024-01-02 03:38:00,2335.09,2339.67,2334.67,2338.41,5205.0
2024-01-02 03:39:00,2337.21,2353.77,2335.46,2350.9700000000003,4612.0
2024-01-02 03:40:00,2350.15,2352.39,2348.57,2352.12,4252.0
2024-01-02 03:41:00,2351.85,2353.18,2341.92,2345.39,5334.0
2024-01-02 03:42:00,2344.5,2344.64,2337.84,2339.34,3292.0
2024-01-02 03:43:00,2338.89,2359.76,2338.55,2357.94,5801.0
2024-01-02 03:44:00,2357.84,2359.62,2355.73,2358.05,5438.0
2024-01-02 03:45:00,2358.11,2358.71,2356.64,2357.0,5941.0
2024-01-02 03:46:00,2357.81,2359.91,2349.48,2352.21,4676.0
2024-01-02 03:47:00,2352.25,2353.08,2338.75,2339.36,3083.0
2024-01-02 03:48:00,2338.63,2339.82,2326.35,2326.65,3731.0
2024-01-02 03:49:00,2326.78,2341.07,2326.2000000000003,2339.7400000000002,5171.0
2024-01-02 03:50:00,2339.53,2348.51,2337.61,2346.71,2638.0
2024-01-02 03:51:00,2348.77,2349.66,2344.9900000000002,2345.46,3727.0
2024-01-02 03:52:00,2345.38,2347.34,2330.43,2331.55,2314.0
2024-01-02 03:53:00,2330.93,2331.57,2325.94,2328.07,5212.0
2024-01-02 03:54:00,2327.57,2342.4900000000002,2326.42,2339.84,4158.0
2024-01-02 03:55:00,2339.3,2347.98,2338.33,2345.96,2239.0
2024-01-02 03:56:00,2346.88,2347.9700000000003,2340.15,2340.63,2647.0
2024-01-02 03:57:00,2339.4500000000003,2347.17,2337.69,2345.2200000000003,1245.0
2024-01-02 03:58:00,2345.31,2346.9700000000003,2338.61,2341.16,2268.0
2024-01-02 03:59:00,2340.18,2342.68,2339.71,2342.39,2063.0
2024-01-02 04:00:00,2342.18,2343.4700000000003,2335.33,2337.9900000000002,5500.0
2024-01-02 04:01:00,2337.5,2338.88,2331.7400000000002,2334.69,4130.0
2024-01-02 04:02:00,2334.87,2337.1,2334.55,2335.06,4602.0
2024-01-02 04:03:00,2335.2200000000003,2336.98,2326.02,2328.56,3726.0
2024-01-02 04:04:00,2328.92,2330.63,2328.33,2330.16,3266.0
2024-01-02 04:05:00,2329.91,2330.33,2321.92,2323.7000000000003,5962.0
2024-01-02 04:06:00,2322.57,2328.0,2320.91,2326.56,5571.0
2024-01-02 04:07:00,2326.48,2333.59,2325.8,2333.31,1422.0
2024-01-02 04:08:00,2333.84,2343.61,2333.7200000000003,2341.64,2982.0
2024-01-02 04:09:00,2342.48,2346.0,2341.19,2342.58,3373.0
2024-01-02 04:10:00,2342.75,2344.3,2340.4900000000002,2341.19,4018.0
2024-01-02 04:11:00,2341.2400000000002,2341.96,2331.87,2335.33,4076.0
2024-01-02 04:12:00,2334.0,2334.31,2319.67,2323.16,2732.0
2024-01-02 04:13:00,2325.29,2326.44,2323.53,2324.68,3541.0
2024-01-02 04:14:00,2323.8,2327.82,2323.78,2327.7200000000003,2909.0
2024-01-02 04:15:00,2328.48,2330.39,2325.84,2327.17,3261.0
2024-01-02 04:16:00,2327.18,2328.85,2325.56,2326.58,3008.0
2024-01-02 04:17:00,2326.39,2339.67,2324.84,2336.65,1252.0
2024-01-02 04:18:00,2337.63,2338.75,2334.85,2336.1,1679.0
2024-01-02 04:19:00,2336.48,2348.98,2335.52,2345.59,3180.0
2024-01-02 04:20:00,2346.26,2348.28,2331.66,2333.88,5701.0
2024-01-02 04:21:00,2334.64,2338.2400000000002,2334.06,2337.57,1139.0
2024-01-02 04:22:00,2337.26,2341.11,2335.76,2339.66,2311.0
2024-01-02 04:23:00,2339.63,2347.17,2337.54,2344.2400000000002,5107.0
2024-01-02 04:24:00,2344.05,2350.17,2343.54,2347.42,5021.0
2024-01-02 04:25:00,2347.33,2348.96,2340.93,2341.98,3834.0
2024-01-02 04:26:00,2341.54,2343.06,2337.46,2337.8,5966.0
2024-01-02 04:27:00,2336.98,2338.6,2325.53,2327.4700000000003,1770.0
2024-01-02 04:28:00,2326.7400000000002,2330.33,2324.73,2329.46,3075.0
2024-01-02 04:29:00,2329.36,2329.54,2329.26,2329.52,5052.0
2024-01-02 04:30:00,2329.93,2331.8,2317.3,2320.71,5469.0
2024-01-02 04:31:00,2319.9,2337.4700000000003,2319.55,2334.04,1707.0
2024-01-02 04:32:00,2333.9500000000003,2335.21,2322.31,2325.3,5202.0
2024-01-02 04:33:00,2326.36,2326.58,2317.29,2318.68,4557.0
2024-01-02 04:34:00,2319.4,2325.21,2318.1,2323.06,3243.0
2024-01-02 04:35:00,2323.2400000000002,2329.63,2322.46,2327.15,2284.0
2024-01-02 04:36:00,2327.36,2328.82,2325.27,2326.67,3773.0
2024-01-02 04:37:00,2326.06,2327.6,2316.5,2317.01,3254.0
2024-01-02 04:38:00,2317.8,2327.79,2316.57,2324.52,5282.0
2024-01-02 04:39:00,2323.86,2324.76,2314.94,2315.55,5748.0
2024-01-02 04:40:00,2315.05,2315.14,2310.2200000000003,2311.34,1748.0
2024-01-02 04:41:00,2311.75,2312.19,2287.02,2289.64,4050.0
2024-01-02 04:42:00,2289.38,2290.89,2281.65,2282.7400000000002,2876.0
2024-01-02 04:43:00,2283.1,2293.82,2281.82,2292.11,5636.0
2024-01-02 04:44:00,2291.53,2294.73,2290.14,2291.63,2180.0
2024-01-02 04:45:00,2292.0,2296.04,2291.11,2294.92,2994.0
2024-01-02 04:46:00,2295.53,2296.1,2294.3,2295.31,3346.0
2024-01-02 04:47:00,2295.17,2300.25,2295.04,2299.81,4583.0
2024-01-02 04:48:00,2300.26,2303.42,2299.92,2301.98,1277.0
2024-01-02 04:49:00,2302.18,2303.4700000000003,2298.36,2299.46,5318.0
2024-01-02 04:50:00,2299.31,2302.37,2298.58,2301.71,2004.0
2024-01-02 04:51:00,2301.7200000000003,2303.52,2287.83,2288.96,3536.0
2024-01-02 04:52:00,2289.34,2305.07,2288.2400000000002,2301.8,4649.0
2024-01-02 04:53:00,2301.9,2302.46,2292.46,2294.31,5807.0
2024-01-02 04:54:00,2294.66,2301.4900000000002,2293.9700000000003,2300.75,1186.0
2024-01-02 04:55:00,2300.33,2304.7400000000002,2299.86,2304.26,5672.0
2024-01-02 04:56:00,2304.73,2304.7400000000002,2290.83,2290.94,2223.0
2024-01-02 04:57:00,2290.46,2290.4700000000003,2276.6,2279.23,5224.0
2024-01-02 04:58:00,2278.44,2285.9700000000003,2277.83,2284.12,5916.0
2024-01-02 04:59:00,2284.9500000000003,2285.9700000000003,2272.57,2272.85,5397.0
2024-01-02 05:00:00,2272.26,2272.86,2267.35,2269.08,4538.0
2024-01-02 05:01:00,2268.58,2270.15,2257.25,2258.9,4326.0
2024-01-02 05:02:00,2259.23,2259.32,2256.11,2258.51,4904.0
2024-01-02 05:03:00,2260.16,2263.18,2258.2000000000003,2262.87,4962.0
2024-01-02 05:04:00,2262.36,2269.4,2261.04,2267.33,1289.0
2024-01-02 05:05:00,2266.63,2268.65,2265.7200000000003,2267.59,2453.0
2024-01-02 05:06:00,2266.9900000000002,2269.01,2253.4500000000003,2253.71,1032.0
2024-01-02 05:07:00,2252.66,2254.54,2245.91,2248.44,1035.0
2024-01-02 05:08:00,2248.07,2251.9700000000003,2247.7200000000003,2248.94,5870.0
2024-01-02 05:09:00,2249.09,2250.48,2243.43,2245.08,5800.0
2024-01-02 05:10:00,2243.68,2244.62,2242.58,2242.7200000000003,35906.27991818015
2024-01-02 05:11:00,2242.71,2243.9700000000003,2240.79,2243.1,5720.0
2024-01-02 05:12:00,2242.46,2242.5,2232.77,2235.7400000000002,2426.0
2024-01-02 05:13:00,2235.37,2235.4900000000002,2232.05,2233.16,1492.0
2024-01-02 05:14:00,2234.02,2236.7400000000002,2233.2000000000003,2234.27,5367.0
2024-01-02 05:15:00,2234.42,2240.3,2233.64,2239.75,5204.0
2024-01-02 05:16:00,2239.56,2248.57,2238.94,2246.25,2717.0
2024-01-02 05:17:00,2247.16,2248.62,2245.25,2247.4900000000002,3624.0
2024-01-02 05:18:00,2247.07,2248.2000000000003,2244.2400000000002,2246.33,1106.0
2024-01-02 05:19:00,2246.18,2248.08,2240.19,2242.73,3743.0
2024-01-02 05:20:00,2243.34,2243.7200000000003,2240.91,2242.27,5980.0
2024-01-02 05:21:00,2241.53,2241.93,2233.2200000000003,2234.01,1964.0
2024-01-02 05:22:00,2234.28,2236.26,2228.2000000000003,2231.37,3362.0
2024-01-02 05:23:00,2232.7400000000002,2234.04,2228.09,2229.9700000000003,2239.0
2024-01-02 05:24:00,2230.71,2232.62,2222.89,2224.73,5473.0
2024-01-02 05:25:00,2224.42,2226.33,2222.58,2224.65,2854.0
2024-01-02 05:26:00,2224.4900000000002,2225.67,2221.55,2222.32,4845.0
2024-01-02 05:27:00,2221.9700000000003,2223.7400000000002,2219.98,2221.15,2563.0
2024-01-02 05:28:00,2222.7400000000002,2224.15,2219.0,2221.28,4193.0
2024-01-02 05:29:00,2221.53,2225.16,2221.29,2223.09,5440.0
2024-01-02 05:30:00,2222.88,2223.96,2218.79,2220.17,4423.0
2024-01-02 05:31:00,2220.69,2222.18,2218.9900000000002,2219.05,1442.0
2024-01-02 05:32:00,2219.39,2221.13,2214.39,2214.9500000000003,3414.0
2024-01-02 05:33:00,2215.04,2218.37,2215.03,2215.15,2403.0
2024-01-02 05:34:00,2216.04,2216.93,2213.67,2215.84,4361.0
2024-01-02 05:35:00,2215.11,2222.82,2213.2000000000003,2221.03,1453.0
2024-01-02 05:36:00,2221.2000000000003,2225.61,2219.86,2225.09,2977.0
2024-01-02 05:37:00,2225.02,2234.37,2224.71,2232.12,2566.0
2024-01-02 05:38:00,2232.8,2233.68,2214.35,2216.32,2390.0
2024-01-02 05:39:00,2216.48,2222.27,2214.59,2219.89,1415.0
2024-01-02 05:40:00,2218.59,2219.31,2211.29,2213.4900000000002,1427.0
2024-01-02 05:41:00,2213.07,2224.38,2211.88,2223.46,5615.0
2024-01-02 05:42:00,2222.86,2223.2200000000003,2219.43,2220.17,3131.0
2024-01-02 05:43:00,2221.37,2223.12,2216.58,2217.2000000000003,5141.0
2024-01-02 05:44:00,2217.23,2225.33,2215.32,2223.16,3893.0
2024-01-02 05:45:00,2223.06,2224.83,2219.37,2220.86,1924.0
2024-01-02 05:46:00,2221.29,2231.41,2221.12,2229.41,3904.0
2024-01-02 05:47:00,2230.82,2241.9900000000002,2230.25,2240.2400000000002,4532.0
2024-01-02 05:48:00,2239.04,2239.2400000000002,2234.77,2237.59,2835.0
2024-01-02 05:49:00,2237.6,2237.93,2230.2400000000002,2232.43,3885.0
2024-01-02 05:50:00,2233.04,2244.9700000000003,2231.4900000000002,2244.44,1970.0
2024-01-02 05:51:00,2244.66,2246.56,2238.6,2238.62,3009.0
2024-01-02 05:52:00,2239.14,2239.41,2222.36,2224.75,4622.0
2024-01-02 05:53:00,2225.14,2229.34,2223.55,2227.75,5870.0
2024-01-02 05:54:00,2226.58,2226.63,2220.05,2220.36,3324.0
2024-01-02 05:55:00,2221.01,2227.88,2220.88,2227.09,3402.0
2024-01-02 05:56:00,2226.98,2228.48,2223.44,2224.86,2705.0
2024-01-02 05:57:00,2224.25,2226.04,2207.02,2210.21,1132.0
2024-01-02 05:58:00,2209.7200000000003,2220.7400000000002,2208.17,2218.71,2546.0
2024-01-02 05:59:00,2217.44,2218.9,2211.84,2212.5,2355.0
2024-01-02 06:00:00,2212.46,2213.59,2199.5,2200.77,1232.0
2024-01-02 06:01:00,2201.27,2203.16,2196.48,2196.8,5445.0
2024-01-02 06:02:00,2196.15,2197.94,2195.03,2195.5,2208.0
2024-01-02 06:03:00,2196.55,2198.25,2190.68,2190.73,1385.0
2024-01-02 06:04:00,2191.7400000000002,2198.7000000000003,2190.13,2196.76,1305.0
2024-01-02 06:05:00,2197.4500000000003,2197.71,2189.87,2193.1,4031.0
2024-01-02 06:06:00,2193.05,2194.34,2178.91,2178.91,2675.0
2024-01-02 06:07:00,2178.81,2182.77,2178.06,2179.55,4444.0
2024-01-02 06:08:00,2180.27,2182.23,2178.29,2178.85,5905.0
2024-01-02 06:09:00,2178.73,2181.35,2178.38,2178.77,4759.0
2024-01-02 06:10:00,2179.7400000000002,2181.37,2170.62,2172.09,2275.0
2024-01-02 06:11:00,2172.04,2181.82,2170.32,2181.33,5237.0
2024-01-02 06:12:00,2181.02,2185.19,2180.9700000000003,2182.45,5454.0
2024-01-02 06:13:00,2182.94,2184.42,2181.92,2182.66,4179.0
2024-01-02 06:14:00,2183.26,2194.68,2183.2,2193.2400000000002,4026.0
2024-01-02 06:15:00,2194.57,2196.4500000000003,2191.77,2193.0,5582.0
2024-01-02 06:16:00,2192.33,2194.26,2189.83,2190.27,5695.0
2024-01-02 06:17:00,2189.87,2190.03,2187.27,2188.79,3149.0
2024-01-02 06:18:00,2189.7200000000003,2190.78,2187.0,2189.71,4158.0
2024-01-02 06:19:00,2189.4700000000003,2190.5,2177.48,2180.61,4255.0
2024-01-02 06:20:00,2180.6,2191.13,2178.79,2190.35,5707.0
2024-01-02 06:21:00,2190.36,2190.46,2185.65,2186.53,1862.0
2024-01-02 06:22:00,2185.58,2189.4500000000003,2184.9900000000002,2189.11,1066.0
2024-01-02 06:23:00,2189.26,2195.04,2188.02,2191.92,3061.0
2024-01-02 06:24:00,2192.32,2196.18,2190.66,2194.52,1040.0
2024-01-02 06:25:00,2195.2400000000002,2212.28,2193.68,2211.1,1705.0
2024-01-02 06:26:00,2210.93,2220.44,2210.09,2218.09,1830.0
2024-01-02 06:27:00,2218.01,2230.02,2216.18,2226.7400000000002,5535.0
2024-01-02 06:28:00,2227.16,2227.25,2217.0,2218.81,1916.0
2024-01-02 06:29:00,2218.7200000000003,2219.7400000000002,2207.34,2207.4,3732.0
2024-01-02 06:30:00,2207.62,2211.59,2207.09,2210.63,2788.0
2024-01-02 06:31:00,2211.26,2219.35,2209.36,2216.57,2062.0
2024-01-02 06:32:00,2217.31,2218.28,2212.62,2215.18,1871.0
2024-01-02 06:33:00,2216.2200000000003,2216.61,2211.03,2213.88,2685.0
2024-01-02 06:34:00,2214.2000000000003,2214.41,2210.15,2210.81,2790.0
2024-01-02 06:35:00,2212.04,2219.4500000000003,2211.56,2219.27,3046.0
2024-01-02 06:36:00,2218.42,2222.54,2216.79,2221.36,4383.0
2024-01-02 06:37:00,2220.78,2233.1,2219.27,2232.2000000000003,3087.0
2024-01-02 06:38:00,2232.84,2233.35,2227.5,2229.37,5830.0
2024-01-02 06:39:00,2228.78,2235.35,2227.5,2232.85,3417.0
2024-01-02 06:40:00,2233.54,2235.48,2227.7200000000003,2230.09,1677.0
2024-01-02 06:41:00,2230.59,2234.31,2230.38,2232.01,4656.0
2024-01-02 06:42:00,2232.4900000000002,2233.21,2229.61,2231.96,4481.0
2024-01-02 06:43:00,2231.71,2233.9500000000003,2230.9,2233.75,4398.0
2024-01-02 06:44:00,2233.64,2235.53,2228.93,2232.11,2266.0
2024-01-02 06:45:00,2232.0,2237.21,2231.01,2235.65,5784.0
2024-01-02 06:46:00,2235.27,2236.4500000000003,2230.05,2232.13,4794.0
2024-01-02 06:47:00,2232.44,2240.03,2232.27,2238.4500000000003,3625.0
2024-01-02 06:48:00,2237.39,2238.94,2228.41,2229.7400000000002,1923.0
2024-01-02 06:49:00,2229.89,2231.21,2214.66,2217.19,3478.0
2024-01-02 06:50:00,2217.65,2221.27,2215.77,2220.85,4596.0
2024-01-02 06:51:00,2220.7200000000003,2221.9500000000003,2219.68,2220.1,3243.0
2024-01-02 06:52:00,2219.73,2221.62,2213.31,2216.56,40230.055818691915
2024-01-02 06:53:00,2215.73,2217.68,2204.52,2204.77,2669.0
2024-01-02 06:54:00,2205.55,2219.83,2203.83,2218.69,3579.0
2024-01-02 06:55:00,2217.68,2230.85,2216.21,2228.92,4715.0
2024-01-02 06:56:00,2228.79,2232.4700000000003,2227.88,2231.4700000000003,2182.0
2024-01-02 06:57:00,2232.35,2241.21,2231.03,2238.52,5192.0
2024-01-02 06:58:00,2238.37,2249.94,2236.66,2247.41,5582.0
2024-01-02 06:59:00,2247.71,2251.94,2247.21,2250.46,4856.0
2024-01-02 07:00:00,2250.01,2250.52,2247.75,2248.5,4420.0
2024-01-02 07:01:00,2247.9900000000002,2253.44,2246.79,2252.12,1917.0
2024-01-02 07:02:00,2252.07,2256.37,2250.5,2253.71,3234.0
2024-01-02 07:03:00,2253.78,2256.43,2252.98,2254.42,3368.0
2024-01-02 07:04:00,2253.9900000000002,2254.84,2242.71,2246.07,3092.0
2024-01-02 07:05:00,2246.43,2249.87,2245.5,2248.1,3678.0
2024-01-02 07:06:00,2247.79,2251.71,2245.92,2250.42,4430.0
2024-01-02 07:07:00,2250.59,2251.55,2246.0,2246.08,5731.0
2024-01-02 07:08:00,2246.46,2248.04,2240.1,2241.36,3489.0
2024-01-02 07:09:00,2240.88,2245.08,2239.82,2244.86,5296.0
2024-01-02 07:10:00,2245.34,2246.9700000000003,2244.87,2244.94,3853.0
2024-01-02 07:11:00,2244.77,2252.05,2243.21,2251.03,2731.0
2024-01-02 07:12:00,2250.61,2252.01,2245.7400000000002,2248.11,5938.0
2024-01-02 07:13:00,2247.77,2251.56,2246.32,2248.2400000000002,1885.0
2024-01-02 07:14:00,2248.6,2250.75,2247.53,2250.2400000000002,1415.0
2024-01-02 07:15:00,2250.46,2251.86,2244.89,2246.73,4925.0
2024-01-02 07:16:00,2246.44,2246.58,2240.5,2240.75,3483.0
2024-01-02 07:17:00,2240.78,2245.41,2239.51,2245.32,2348.0
2024-01-02 07:18:00,2245.94,2247.27,2243.37,2244.7400000000002,2633.0
2024-01-02 07:19:00,2245.73,2250.4,2244.39,2249.37,1963.0
2024-01-02 07:20:00,2249.6,2250.33,2246.87,2247.81,1895.0
2024-01-02 07:21:00,2247.61,2256.21,2247.56,2256.01,3906.0
2024-01-02 07:22:00,2255.73,2256.59,2251.23,2252.04,1497.0
2024-01-02 07:23:00,2250.58,2250.64,2249.27,2249.98,4973.0
2024-01-02 07:24:00,2250.43,2252.05,2249.83,2250.11,3021.0
2024-01-02 07:25:00,2250.79,2250.91,2247.38,2248.39,2337.0
2024-01-02 07:26:00,2247.96,2252.73,2245.98,2250.4700000000003,3486.0
2024-01-02 07:27:00,2250.26,2251.06,2249.91,2250.12,2102.0
2024-01-02 07:28:00,2250.14,2251.4,2245.58,2247.18,5141.0
2024-01-02 07:29:00,2246.8,2249.7200000000003,2245.59,2247.77,4808.0
2024-01-02 07:30:00,2247.02,2248.66,2242.11,2244.85,1100.0
2024-01-02 07:31:00,2245.33,2246.42,2244.91,2246.33,5802.0
2024-01-02 07:32:00,2246.75,2252.9700000000003,2244.9,2251.77,3621.0
2024-01-02 07:33:00,2252.21,2252.33,2239.3,2242.3,3589.0
2024-01-02 07:34:00,2241.61,2245.9700000000003,2240.7000000000003,2242.96,5100.0
2024-01-02 07:35:00,2243.4,2244.13,2237.11,2237.58,4394.0
2024-01-02 07:36:00,2236.76,2237.09,2230.79,2233.53,5418.0
2024-01-02 07:37:00,2233.91,2233.9900000000002,2220.9700000000003,2221.7200000000003,38405.95654533119
2024-01-02 07:38:00,2221.9,2222.86,2218.56,2218.59,2280.0
2024-01-02 07:39:00,2221.09,2230.18,2220.44,2227.26,1602.0
2024-01-02 07:40:00,2227.9900000000002,2229.27,2223.94,2226.91,5600.0
2024-01-02 07:41:00,2226.2400000000002,2231.33,2225.93,2229.59,4456.0
2024-01-02 07:42:00,2228.76,2233.13,2226.77,2230.66,5405.0
2024-01-02 07:43:00,2230.79,2231.32,2223.9,2225.4,3971.0
2024-01-02 07:44:00,2225.34,2225.68,2223.36,2224.31,1788.0
2024-01-02 07:45:00,2223.6,2236.69,2223.55,2234.29,2407.0
2024-01-02 07:46:00,2233.88,2235.4,2215.34,2218.65,1076.0
2024-01-02 07:47:00,2218.73,2223.04,2218.13,2219.94,4075.0
2024-01-02 07:48:00,2221.89,2223.54,2220.81,2222.42,5799.0
2024-01-02 07:49:00,2223.25,2226.77,2222.83,2225.27,2818.0
2024-01-02 07:50:00,2225.51,2227.92,2223.58,2226.35,5180.0
2024-01-02 07:51:00,2225.53,2231.41,2224.94,2230.53,3784.0
2024-01-02 07:52:00,2230.13,2236.64,2229.73,2233.76,1377.0
2024-01-02 07:53:00,2233.7200000000003,2235.36,2228.77,2230.7400000000002,4884.0
2024-01-02 07:54:00,2230.9,2232.37,2224.7200000000003,2227.94,2558.0
2024-01-02 07:55:00,2227.26,2227.61,2224.41,2224.87,1179.0
2024-01-02 07:56:00,2225.18,2226.03,2208.88,2211.89,4893.0
2024-01-02 07:57:00,2211.6,2224.34,2209.8,2223.4900000000002,4283.0
2024-01-02 07:58:00,2223.31,2224.59,2220.23,2221.08,1259.0
2024-01-02 07:59:00,2219.71,2220.02,2218.48,2219.8,4834.0
2024-01-02 08:00:00,2219.34,2221.17,2217.51,2218.09,4905.0
2024-01-02 08:01:00,2218.7200000000003,2218.73,2199.1,2202.26,8493.0
2024-01-02 08:02:00,2202.73,2216.28,2201.08,2215.41,3359.0
2024-01-02 08:03:00,2215.28,2215.58,2210.39,2212.46,5097.0
2024-01-02 08:04:00,2211.81,2212.2000000000003,2196.11,2197.3,17155.270173635825
2024-01-02 08:05:00,2197.0,2198.51,2193.56,2196.67,4868.0
2024-01-02 08:06:00,2197.4900000000002,2197.83,2185.14,2187.63,4556.0
2024-01-02 08:07:00,2187.94,2208.08,2187.75,2205.51,2744.0
2024-01-02 08:08:00,2205.4500000000003,2214.86,2203.7400000000002,2211.94,2331.0
2024-01-02 08:09:00,2212.81,2226.54,2212.41,2224.53,8632.0
2024-01-02 08:10:00,2223.63,2225.36,2216.4700000000003,2217.91,2253.0
2024-01-02 08:11:00,2217.84,2218.68,2203.67,2203.75,4601.0
2024-01-02 08:12:00,2204.37,2208.7200000000003,2203.4700000000003,2207.6,7939.0
2024-01-02 08:13:00,2206.9500000000003,2207.55,2202.84,2205.42,2039.0
2024-01-02 08:14:00,2205.8,2222.26,2204.13,2221.4900000000002,6776.0
2024-01-02 08:15:00,2221.58,2231.67,2221.1,2228.34,4444.0
2024-01-02 08:16:00,2228.35,2238.43,2228.2000000000003,2237.43,4973.0
2024-01-02 08:17:00,2236.73,2237.56,2229.67,2232.56,4523.0
2024-01-02 08:18:00,2233.42,2234.91,2231.6,2234.43,7007.0
2024-01-02 08:19:00,2234.11,2234.15,2232.13,2233.89,6643.0
2024-01-02 08:20:00,2233.9700000000003,2234.06,2226.2000000000003,2226.7200000000003,2849.0
2024-01-02 08:21:00,2227.43,2229.51,2227.17,2227.69,8277.0
2024-01-02 08:22:00,2228.44,2230.11,2224.7000000000003,2227.4500000000003,3576.0
2024-01-02 08:23:00,2227.42,2242.6,2227.26,2240.4,10457.984547899376
2024-01-02 08:24:00,2240.59,2242.19,2233.52,2234.7200000000003,7310.0
2024-01-02 08:25:00,2235.5,2236.55,2233.53,2236.25,3334.0
2024-01-02 08:26:00,2236.04,2243.31,2234.15,2240.9,5472.0
2024-01-02 08:27:00,2240.84,2242.4700000000003,2233.71,2235.75,8684.0
2024-01-02 08:28:00,2235.6,2236.9700000000003,2232.14,2235.18,8909.0
2024-01-02 08:29:00,2234.79,2236.62,2232.4500000000003,2234.0,6765.0
2024-01-02 08:30:00,2234.44,2241.81,2232.51,2239.1,4293.0
2024-01-02 08:31:00,2239.46,2244.23,2237.92,2243.93,2329.0
2024-01-02 08:32:00,2244.53,2245.9,2241.17,2242.56,7334.0
2024-01-02 08:33:00,2241.85,2251.2400000000002,2241.73,2249.38,8579.0
2024-01-02 08:34:00,2250.2000000000003,2250.59,2247.53,2249.64,1938.0
2024-01-02 08:35:00,2250.43,2261.64,2250.19,2260.57,2792.0
2024-01-02 08:36:00,2261.07,2262.96,2236.27,2238.61,7398.0
2024-01-02 08:37:00,2239.51,2253.65,2238.04,2251.81,1719.0
2024-01-02 08:38:00,2252.11,2261.15,2250.55,2260.67,5763.0
2024-01-02 08:39:00,2262.38,2273.33,2261.63,2272.83,5723.0
2024-01-02 08:40:00,2272.67,2281.91,2271.88,2278.52,4067.0
2024-01-02 08:41:00,2279.38,2281.2000000000003,2268.65,2270.44,3898.0
2024-01-02 08:42:00,2270.76,2271.89,2255.9700000000003,2256.81,3223.0
2024-01-02 08:43:00,2257.11,2275.07,2255.87,2274.84,5058.0
2024-01-02 08:44:00,2273.92,2274.09,2272.52,2273.2000000000003,6716.0
2024-01-02 08:45:00,2273.1,2281.07,2271.18,2280.02,3844.0
2024-01-02 08:46:00,2281.4,2281.82,2279.6,2281.2000000000003,6018.0
2024-01-02 08:47:00,2280.37,2286.4500000000003,2279.05,2284.29,4726.0
2024-01-02 08:48:00,2284.03,2295.67,2282.87,2293.07,5818.0
2024-01-02 08:49:00,2292.58,2297.03,2291.52,2295.59,6821.0
2024-01-02 08:50:00,2296.64,2297.46,2284.3,2286.66,7878.0
2024-01-02 08:51:00,2286.38,2286.82,2276.9700000000003,2278.96,2832.0
2024-01-02 08:52:00,2279.32,2290.12,2278.78,2288.93,1539.0
2024-01-02 08:53:00,2288.07,2302.69,2287.1,2299.9500000000003,2708.0
2024-01-02 08:54:00,2299.37,2300.06,2283.09,2284.61,3901.0
2024-01-02 08:55:00,2284.56,2286.67,2284.27,2284.88,4639.0
2024-01-02 08:56:00,2284.88,2286.09,2274.84,2275.4900000000002,2381.0
2024-01-02 08:57:00,2276.8,2284.01,2275.33,2282.7000000000003,6237.0
2024-01-02 08:58:00,2283.04,2289.4700000000003,2282.42,2287.62,8443.0
2024-01-02 08:59:00,2287.69,2288.04,2281.56,2284.23,3006.0
2024-01-02 09:00:00,2284.15,2287.16,2283.86,2285.83,3528.0
2024-01-02 09:01:00,2285.01,2285.1,2277.4,2278.18,5658.0
2024-01-02 09:02:00,2277.84,2278.28,2272.66,2273.35,8446.0
2024-01-02 09:03:00,2273.55,2280.12,2273.54,2279.9500000000003,2037.0
2024-01-02 09:04:00,2279.0,2291.03,2278.89,2288.32,6995.0
2024-01-02 09:05:00,2288.71,2295.18,2286.66,2293.34,2281.0
2024-01-02 09:06:00,2293.28,2294.11,2280.46,2280.77,6905.0
2024-01-02 09:07:00,2280.33,2283.34,2279.37,2281.78,8256.0
2024-01-02 09:08:00,2282.92,2286.9900000000002,2281.48,2286.05,3911.0
2024-01-02 09:09:00,2286.2000000000003,2296.9,2284.83,2296.77,8196.0
2024-01-02 09:10:00,2296.11,2304.05,2294.08,2303.62,3022.0
2024-01-02 09:11:00,2303.81,2309.2000000000003,2302.8,2308.92,6607.0
2024-01-02 09:12:00,2308.38,2324.93,2307.2200000000003,2324.54,6496.0
2024-01-02 09:13:00,2324.14,2325.54,2320.28,2322.51,6502.0
2024-01-02 09:14:00,2321.7200000000003,2322.7200000000003,2317.96,2320.66,8160.0
2024-01-02 09:15:00,2320.35,2330.66,2320.04,2330.07,4399.0
2024-01-02 09:16:00,2330.33,2331.2200000000003,2327.43,2328.44,8017.0
2024-01-02 09:17:00,2328.67,2330.7400000000002,2328.36,2329.03,3822.0
2024-01-02 09:18:00,2328.14,2329.13,2308.21,2310.08,4003.0
2024-01-02 09:19:00,2310.03,2313.57,2309.38,2310.9700000000003,3760.0
2024-01-02 09:20:00,2311.18,2315.11,2310.51,2314.88,8936.0
2024-01-02 09:21:00,2314.76,2315.84,2307.89,2310.13,4203.0
2024-01-02 09:22:00,2309.96,2311.85,2306.29,2309.58,5609.0
2024-01-02 09:23:00,2309.14,2309.17,2285.4,2286.26,6589.0
2024-01-02 09:24:00,2286.52,2295.81,2285.18,2292.59,6119.0
2024-01-02 09:25:00,2292.16,2294.16,2282.09,2282.54,6201.0
2024-01-02 09:26:00,2282.7000000000003,2284.5,2274.37,2275.58,2231.0
2024-01-02 09:27:00,2275.96,2275.96,2275.86,2275.89,3498.0
2024-01-02 09:28:00,2275.84,2286.68,2274.48,2284.13,6724.0
2024-01-02 09:29:00,2283.76,2296.44,2282.9900000000002,2293.83,4915.0
2024-01-02 09:30:00,2293.63,2295.46,2291.81,2292.4,5559.0
2024-01-02 09:31:00,2291.37,2292.84,2288.33,2289.4900000000002,7654.0
2024-01-02 09:32:00,2290.89,2296.7400000000002,2289.04,2296.11,2683.0
2024-01-02 09:33:00,2294.78,2295.38,2284.52,2285.73,1655.0
2024-01-02 09:34:00,2285.39,2286.4700000000003,2277.02,2277.07,4372.0
2024-01-02 09:35:00,2276.57,2278.6,2274.13,2274.91,1907.0
2024-01-02 09:36:00,2274.81,2287.12,2273.86,2286.55,5856.0
2024-01-02 09:37:00,2287.04,2291.34,2285.3,2289.98,5212.0
2024-01-02 09:38:00,2289.63,2302.9700000000003,2287.91,2300.7400000000002,4363.0
2024-01-02 09:39:00,2301.06,2301.8,2290.9500000000003,2291.9700000000003,7877.0
2024-01-02 09:40:00,2292.2400000000002,2292.39,2288.69,2292.1,2351.0
2024-01-02 09:41:00,2291.9900000000002,2293.98,2286.15,2289.56,5316.0
2024-01-02 09:42:00,2289.31,2303.63,2288.81,2303.4500000000003,3695.0
2024-01-02 09:43:00,2303.2000000000003,2313.93,2302.9,2313.56,7600.0
2024-01-02 09:44:00,2312.96,2314.76,2305.41,2305.5,8120.0
2024-01-02 09:45:00,2305.64,2307.38,2304.46,2307.19,6026.0
2024-01-02 09:46:00,2306.27,2324.4900000000002,2304.31,2322.13,8757.0
2024-01-02 09:47:00,2321.8,2331.88,2320.64,2330.35,8021.0
2024-01-02 09:48:00,2330.5,2336.79,2329.76,2333.39,2036.0
2024-01-02 09:49:00,2333.17,2345.37,2333.12,2344.37,7352.0
2024-01-02 09:50:00,2345.54,2347.4500000000003,2342.25,2345.08,6446.0
2024-01-02 09:51:00,2344.9500000000003,2345.85,2344.1,2345.7200000000003,2706.0
2024-01-02 09:52:00,2345.18,2346.39,2323.62,2324.54,3252.0
2024-01-02 09:53:00,2325.17,2328.59,2324.25,2327.46,1861.0
2024-01-02 09:54:00,2327.39,2337.9900000000002,2326.3,2334.59,6132.0
2024-01-02 09:55:00,2333.9900000000002,2351.84,2333.55,2350.46,7261.0
2024-01-02 09:56:00,2350.46,2359.7200000000003,2350.41,2359.7000000000003,8740.0
2024-01-02 09:57:00,2359.21,2359.36,2345.3,2347.56,6206.0
2024-01-02 09:58:00,2347.11,2351.27,2345.05,2349.79,5805.0
2024-01-02 09:59:00,2350.58,2350.84,2346.96,2349.69,6501.0
2024-01-02 10:00:00,2350.35,2351.94,2342.5,2346.01,1649.0
2024-01-02 10:01:00,2345.92,2354.71,2345.77,2352.04,8258.0
2024-01-02 10:02:00,2352.68,2353.61,2344.21,2346.39,6629.0
2024-01-02 10:03:00,2346.19,2355.52,2344.19,2353.23,6315.0
2024-01-02 10:04:00,2352.87,2352.9700000000003,2322.91,2325.19,2826.0
2024-01-02 10:05:00,2324.73,2326.43,2321.03,2321.75,8777.0
2024-01-02 10:06:00,2321.36,2322.79,2320.8,2322.04,1853.0
2024-01-02 10:07:00,2321.66,2321.96,2305.9,2306.88,1704.0
2024-01-02 10:08:00,2305.89,2312.05,2304.02,2311.0,5537.0
2024-01-02 10:09:00,2310.84,2317.57,2309.94,2316.16,4812.0
2024-01-02 10:10:00,2316.23,2326.34,2315.12,2325.2000000000003,4241.0
2024-01-02 10:11:00,2326.14,2327.8,2312.69,2315.4900000000002,8830.0
2024-01-02 10:12:00,2316.15,2316.76,2308.41,2310.71,7022.0
2024-01-02 10:13:00,2311.36,2321.79,2309.81,2321.36,8363.0
2024-01-02 10:14:00,2322.67,2323.75,2304.68,2306.94,4077.0
2024-01-02 10:15:00,2307.93,2313.13,2306.28,2311.28,4651.0
2024-01-02 10:16:00,2311.42,2320.43,2309.78,2317.66,2299.0
2024-01-02 10:17:00,2317.02,2318.31,2303.94,2307.19,4544.0
2024-01-02 10:18:00,2307.07,2308.31,2303.65,2306.7200000000003,8175.0
2024-01-02 10:19:00,2307.39,2312.33,2305.86,2310.19,4566.0
2024-01-02 10:20:00,2310.58,2317.86,2308.8,2317.43,5269.0
2024-01-02 10:21:00,2318.43,2320.08,2305.71,2307.51,5038.0
2024-01-02 10:22:00,2306.23,2316.64,2305.16,2314.39,2657.0
2024-01-02 10:23:00,2314.28,2315.09,2300.93,2303.76,7303.0
2024-01-02 10:24:00,2302.88,2320.93,2302.31,2317.83,2482.0
2024-01-02 10:25:00,2317.7400000000002,2319.56,2301.79,2303.33,7425.0
2024-01-02 10:26:00,2302.9900000000002,2303.27,2289.03,2290.08,8420.0
2024-01-02 10:27:00,2290.83,2298.93,2290.59,2298.42,5100.0
2024-01-02 10:28:00,2297.61,2298.96,2296.98,2297.06,8413.0
2024-01-02 10:29:00,2297.71,2312.73,2296.6,2309.94,3981.0
2024-01-02 10:30:00,2309.19,2309.51,2285.0,2285.7200000000003,4549.0
2024-01-02 10:31:00,2286.39,2301.46,2285.68,2300.4,2700.0
2024-01-02 10:32:00,2301.08,2302.26,2281.21,2282.34,5534.0
2024-01-02 10:33:00,2282.87,2285.52,2281.8,2284.92,6968.0
2024-01-02 10:34:00,2284.93,2285.53,2270.19,2273.44,5593.0
2024-01-02 10:35:00,2274.25,2277.32,2272.64,2275.38,5869.0
2024-01-02 10:36:00,2275.42,2275.4700000000003,2265.08,2268.28,7671.0
2024-01-02 10:37:00,2267.6,2268.5,2255.87,2258.63,7315.0
2024-01-02 10:38:00,2259.21,2260.15,2253.52,2256.0,2866.0
2024-01-02 10:39:00,2255.94,2274.16,2255.87,2273.11,3658.0
2024-01-02 10:40:00,2274.03,2290.86,2272.9700000000003,2289.78,6619.0
2024-01-02 10:41:00,2289.21,2306.63,2287.34,2304.92,2739.0
2024-01-02 10:42:00,2304.64,2309.78,2303.0,2307.64,2488.0
2024-01-02 10:43:00,2306.1,2317.05,2305.9,2313.83,6689.0
2024-01-02 10:44:00,2314.26,2315.4700000000003,2291.98,2292.13,2249.0
2024-01-02 10:45:00,2291.39,2311.35,2289.62,2308.93,6608.0
2024-01-02 10:46:00,2309.07,2312.48,2308.07,2310.6,8918.0
2024-01-02 10:47:00,2310.16,2317.35546,2309.37,2310.16,14775.0
2024-01-02 10:48:00,2325.48,2325.5,2302.78087,2306.9368799999997,6972.0
2024-01-02 10:49:00,2311.25,2320.56,2303.5784700000004,2315.2102999999997,8119.0
2024-01-02 10:50:00,2319.9900000000002,2320.71,2301.83372,2304.70136,8698.0
2024-01-02 10:51:00,2309.3,2313.0,2301.25546,2306.50774,1814.0
2024-01-02 10:52:00,2310.17,2312.04,2308.9500000000003,2310.04,5795.0
2024-01-02 10:53:00,2310.9500000000003,2312.29,2308.63,2310.11,3332.0
2024-01-02 10:54:00,2310.09,2322.18,2308.18,2321.59,3114.0
2024-01-02 10:55:00,2321.65,2321.92,2302.82,2303.4700000000003,4819.0
2024-01-02 10:56:00,2303.38,2304.55,2292.76,2293.77,3615.0
2024-01-02 10:57:00,2293.63,2302.26,2293.36,2299.67,6527.0
2024-01-02 10:58:00,2298.79,2300.37,2297.46,2299.9900000000002,7589.0
2024-01-02 10:59:00,2301.19,2316.77,2299.3,2313.7200000000003,3829.0
2024-01-02 11:00:00,2312.96,2314.7400000000002,2290.15,2292.11,2059.0
2024-01-02 11:01:00,2291.25,2291.3,2284.33,2284.64,5457.0
2024-01-02 11:02:00,2286.14,2287.9,2280.64,2281.35,6149.0
2024-01-02 11:03:00,2281.26,2306.2000000000003,2280.61,2303.19,7240.0
2024-01-02 11:04:00,2303.43,2310.62,2303.27,2310.17,7114.0
2024-01-02 11:05:00,2310.57,2324.55,2310.4900000000002,2321.73,2766.0
2024-01-02 11:06:00,2322.78,2324.7200000000003,2315.7000000000003,2318.9700000000003,6800.0
2024-01-02 11:07:00,2317.89,2319.28,2315.28,2315.4900000000002,7746.0
2024-01-02 11:08:00,2315.7000000000003,2315.79,2296.31,2299.37,3853.0
2024-01-02 11:09:00,2299.3,2299.89,2287.58,2290.23,5284.0
2024-01-02 11:10:00,2291.27,2293.13,2270.46,2271.34,1900.0
2024-01-02 11:11:00,2269.41,2273.48,2267.88,2271.88,1902.0
2024-01-02 11:12:00,2272.13,2290.55,2270.53,2287.3,6427.0
2024-01-02 11:13:00,2287.88,2292.57,2286.33,2291.83,6142.0
2024-01-02 11:14:00,2293.23,2305.4500000000003,2292.7400000000002,2302.84,6577.0
2024-01-02 11:15:00,2302.15,2307.82,2300.15,2306.59,6420.0
2024-01-02 11:16:00,2306.53,2306.98,2299.04,2300.96,6611.0
2024-01-02 11:17:00,2300.7400000000002,2306.4700000000003,2299.41,2303.98,2270.0
2024-01-02 11:18:00,2305.3,2319.32,2304.41,2318.4700000000003,3940.0
2024-01-02 11:19:00,2319.7200000000003,2321.58,2308.46,2308.52,5201.0
2024-01-02 11:20:00,2308.53,2314.15,2306.7000000000003,2313.27,3392.0
2024-01-02 11:21:00,2313.88,2321.83,2312.94,2319.98,3005.0
2024-01-02 11:22:00,2319.6,2320.91,2306.9900000000002,2308.51,8460.0
2024-01-02 11:23:00,2308.18,2316.79,2306.9700000000003,2315.76,4793.0
2024-01-02 11:24:00,2314.41,2316.11,2309.4,2309.4900000000002,2029.0
2024-01-02 11:25:00,2309.42,2310.26,2299.25,2302.07,2665.0
2024-01-02 11:26:00,2300.71,2300.82,2289.29,2290.17,4687.0
2024-01-02 11:27:00,2289.44,2291.19,2282.4500000000003,2283.41,7310.0
2024-01-02 11:28:00,2283.4700000000003,2289.9900000000002,2283.31,2288.43,8724.0
2024-01-02 11:29:00,2288.7200000000003,2293.44,2288.33,2291.9500000000003,5195.0
2024-01-02 11:30:00,2291.85,2298.96,2291.66,2296.64,1791.0
2024-01-02 11:31:00,2296.86,2297.9900000000002,2293.96,2295.89,2282.0
2024-01-02 11:32:00,2295.43,2300.6,2294.83,2299.41,8538.0
2024-01-02 11:33:00,2299.8,2300.34,2282.27,2285.42,5223.0
2024-01-02 11:34:00,2285.59,2287.38,2279.7000000000003,2281.0,6651.0
2024-01-02 11:35:00,2282.09,2314.9,2280.43,2312.56,6758.0
2024-01-02 11:36:00,2312.65,2312.7200000000003,2306.28,2308.1,8600.0
2024-01-02 11:37:00,2307.8,2327.9500000000003,2306.28,2326.67,2891.0
2024-01-02 11:38:00,2327.21,2345.91,2325.64,2344.23,8600.0
2024-01-02 11:39:00,2344.44,2353.44,2343.88,2353.15,5728.0
2024-01-02 11:40:00,2353.64,2354.9900000000002,2336.66,2336.88,5553.0
2024-01-02 11:41:00,2335.84,2336.59,2326.79,2327.1,4743.0
2024-01-02 11:42:00,2328.31,2351.9,2328.0,2350.87,1989.0
2024-01-02 11:43:00,2351.54,2351.9500000000003,2330.56,2332.14,6850.0
2024-01-02 11:44:00,2331.81,2333.51,2306.48,2308.77,2100.0
2024-01-02 11:45:00,2309.4700000000003,2311.28,2297.76,2301.15,2231.0
2024-01-02 11:46:00,2300.66,2300.86,2295.92,2298.61,5556.0
2024-01-02 11:47:00,2298.01,2299.56,2279.4500000000003,2282.41,5745.0
2024-01-02 11:48:00,2282.1,2283.55,2255.29,2256.27,4025.0
2024-01-02 11:49:00,2255.59,2257.57,2249.26,2250.07,2416.0
2024-01-02 11:50:00,2248.9900000000002,2250.67,2242.28,2244.25,8040.0
2024-01-02 11:51:00,2244.84,2250.8,2243.7200000000003,2248.76,8504.0
2024-01-02 11:52:00,2247.86,2253.7200000000003,2247.79,2253.62,4707.0
2024-01-02 11:53:00,2253.48,2255.4,2249.2000000000003,2251.58,6962.0
2024-01-02 11:54:00,2252.08,2252.9500000000003,2238.64,2239.36,2452.0
2024-01-02 11:55:00,2238.42,2244.19,2236.69,2244.18,1934.0
2024-01-02 11:56:00,2242.7200000000003,2260.35,2242.4700000000003,2258.13,4622.0
2024-01-02 11:57:00,2258.09,2274.61,2257.94,2271.33,3139.0
2024-01-02 11:58:00,2270.67,2279.34,2270.15,2277.58,7299.0
2024-01-02 11:59:00,2277.13,2279.11,2276.6,2277.81,6326.0
2024-01-02 12:00:00,2277.73,2281.9900000000002,2277.13,2280.43,1640.0
2024-01-02 12:01:00,2280.34,2295.54,2279.84,2292.79,7478.0
2024-01-02 12:02:00,2293.03,2293.07,2276.57,2279.58,6940.0
2024-01-02 12:03:00,2277.9500000000003,2279.38,2273.5,2276.6,3145.0
2024-01-02 12:04:00,2275.29,2276.83,2261.9,2262.54,3784.0
2024-01-02 12:05:00,2261.7200000000003,2263.18,2257.71,2258.94,2292.0
2024-01-02 12:06:00,2259.62,2271.27,2258.52,2268.16,8101.0
2024-01-02 12:07:00,2267.69,2282.9500000000003,2265.81,2279.56,1629.0
2024-01-02 12:08:00,2280.09,2293.12,2278.31,2292.42,8747.0
2024-01-02 12:09:00,2292.18,2293.61,2276.01,2278.04,5297.0
2024-01-02 12:10:00,2277.96,2296.75,2277.32,2295.43,8955.0
2024-01-02 12:11:00,2294.91,2296.06,2288.7200000000003,2289.2000000000003,6457.0
2024-01-02 12:12:00,2290.38,2292.93,2288.58,2290.62,3609.0
2024-01-02 12:13:00,2291.65,2304.79,2290.28,2301.71,6777.0
2024-01-02 12:14:00,2301.12,2315.37,2299.29,2315.12,1801.0
2024-01-02 12:15:00,2315.87,2320.46,2315.15,2320.04,8000.0
2024-01-02 12:16:00,2320.1,2322.02,2317.9700000000003,2318.73,4204.0
2024-01-02 12:17:00,2319.17,2319.56,2314.01,2316.87,8713.0
2024-01-02 12:18:00,2317.84,2322.83,2316.62,2319.71,4817.0
2024-01-02 12:19:00,2320.19,2320.34,2313.36,2314.12,6978.0
2024-01-02 12:20:00,2314.4900000000002,2315.44,2309.7000000000003,2312.51,6611.0
2024-01-02 12:21:00,2313.2000000000003,2318.92,2311.98,2318.21,4940.0
2024-01-02 12:22:00,2318.83,2326.94,2317.46,2326.2200000000003,5053.0
2024-01-02 12:23:00,2325.79,2331.37,2323.81,2329.82,2683.0
2024-01-02 12:24:00,2329.1,2330.23,2322.4900000000002,2325.66,3948.0
2024-01-02 12:25:00,2324.63,2326.6,2314.8,2315.52,7520.0
2024-01-02 12:26:00,2316.55,2329.77,2315.79,2328.11,8276.0
2024-01-02 12:27:00,2327.29,2328.76,2324.01,2325.0,5423.0
2024-01-02 12:28:00,2325.32,2338.01,2323.87,2336.0,4963.0
2024-01-02 12:29:00,2336.92,2337.59,2333.54,2333.91,7467.0
2024-01-02 12:30:00,2334.2400000000002,2339.01,2334.01,2335.73,2136.0
2024-01-02 12:31:00,2335.16,2353.4,2334.83,2351.94,4005.0
2024-01-02 12:32:00,2353.17,2356.94,2351.63,2355.53,6471.0
2024-01-02 12:33:00,2354.48,2355.4700000000003,2350.52,2350.85,1646.0
2024-01-02 12:34:00,2350.9900000000002,2352.54,2341.84,2343.32,8904.0
2024-01-02 12:35:00,2343.01,2343.87,2338.2400000000002,2338.44,2454.0
2024-01-02 12:36:00,2338.5,2340.39,2318.61,2321.37,1783.0
2024-01-02 12:37:00,2320.85,2322.58,2302.83,2304.61,2243.0
2024-01-02 12:38:00,2303.7400000000002,2303.83,2287.37,2290.59,5686.0
2024-01-02 12:39:00,2291.91,2292.4900000000002,2287.7000000000003,2288.93,5902.0
2024-01-02 12:40:00,2288.7400000000002,2305.81,2288.51,2305.71,8425.0
2024-01-02 12:41:00,2305.19,2315.4500000000003,2303.17,2315.28,4085.0
2024-01-02 12:42:00,2315.23,2319.26,2315.03,2315.92,3457.0
2024-01-02 12:43:00,2316.28,2316.79,2306.21,2307.1,7098.0
2024-01-02 12:44:00,2305.61,2306.41,2304.29,2305.9900000000002,3588.0
2024-01-02 12:45:00,2305.4,2306.59,2286.11,2287.35,5936.0
2024-01-02 12:46:00,2289.26,2293.46,2287.38,2290.17,2651.0
2024-01-02 12:47:00,2289.48,2291.2400000000002,2277.35,2277.81,8310.0
2024-01-02 12:48:00,2277.65,2278.55,2277.32,2278.41,2479.0
2024-01-02 12:49:00,2278.4500000000003,2295.31,2278.23,2294.9,6891.0
2024-01-02 12:50:00,2296.06,2297.25,2288.79,2289.09,2855.0
2024-01-02 12:51:00,2288.54,2289.19,2278.25,2279.96,3325.0
2024-01-02 12:52:00,2279.7200000000003,2280.7200000000003,2269.17,2272.2000000000003,6017.0
2024-01-02 12:53:00,2271.64,2276.4900000000002,2270.2200000000003,2273.32,7222.0
2024-01-02 12:54:00,2274.17,2276.12,2255.83,2258.86,6063.0
2024-01-02 12:55:00,2260.68,2261.86,2245.51,2246.31,3919.0
2024-01-02 12:56:00,2245.89,2246.4500000000003,2241.9500000000003,2244.2200000000003,4995.0
2024-01-02 12:57:00,2243.69,2244.4,2226.9500000000003,2227.4700000000003,5578.0
2024-01-02 12:58:00,2226.51,2227.63,2216.59,2217.5,4229.0
2024-01-02 12:59:00,2218.0,2218.44,2210.25,2212.18,7799.0
2024-01-02 13:00:00,2212.03,2213.75,2205.94,2206.94,7741.0
2024-01-02 13:01:00,2206.77,2208.39,2194.28,2196.41,7060.0
2024-01-02 13:02:00,2195.36,2211.85,2193.71,2208.86,8651.0
2024-01-02 13:03:00,2208.4,2208.75,2197.59,2199.7000000000003,1874.0
2024-01-02 13:04:00,2198.1,2199.63,2193.36,2196.02,8304.0
2024-01-02 13:05:00,2196.29,2196.87,2190.06,2190.26,7553.0
2024-01-02 13:06:00,2190.34,2199.23,2189.83,2197.04,8556.0
2024-01-02 13:07:00,2196.88,2209.05,2196.4500000000003,2208.89,8622.0
2024-01-02 13:08:00,2209.9900000000002,2222.61,2209.87,2219.51,6476.0
2024-01-02 13:09:00,2219.83,2221.01,2206.7000000000003,2209.44,7713.0
2024-01-02 13:10:00,2209.58,2221.94,2207.79,2219.2200000000003,2604.0
2024-01-02 13:11:00,2219.2200000000003,2221.0,2214.91,2215.88,3087.0
2024-01-02 13:12:00,2215.7200000000003,2229.3,2214.12,2226.55,5197.0
2024-01-02 13:13:00,2225.9500000000003,2230.2000000000003,2225.85,2229.26,7208.0
2024-01-02 13:14:00,2228.78,2245.85,2226.8,2242.6,5685.0
2024-01-02 13:15:00,2242.01,2242.52,2237.92,2239.83,5943.0
2024-01-02 13:16:00,2240.85,2245.11,2239.67,2242.61,6348.0
2024-01-02 13:17:00,2241.36,2243.12,2230.9700000000003,2233.68,1875.0
2024-01-02 13:18:00,2233.75,2235.61,2216.76,2217.67,4612.0
2024-01-02 13:19:00,2218.33,2218.82,2214.43,2217.7000000000003,3530.0
2024-01-02 13:20:00,2217.71,2218.86,2200.51,2202.68,2845.0
2024-01-02 13:21:00,2202.69,2207.7000000000003,2201.14,2206.76,1900.0
2024-01-02 13:22:00,2206.96,2224.23,2205.31,2223.33,4873.0
2024-01-02 13:23:00,2224.1,2226.08,2212.77,2215.5,3319.0
2024-01-02 13:24:00,2215.96,2217.7000000000003,2202.46,2204.07,8728.0
2024-01-02 13:25:00,2204.23,2206.01,2185.98,2187.86,2254.0
2024-01-02 13:26:00,2187.52,2250.3417,2186.16,2187.52,10656.0
2024-01-02 13:27:00,2196.8,2197.58,2188.93344,2192.81558,6936.0
2024-01-02 13:28:00,2196.23,2198.0,2168.89374,2171.3685600000003,2557.0
2024-01-02 13:29:00,2175.83,2176.89,2145.48418,2149.86166,3951.0
2024-01-02 13:30:00,2154.34,2169.0,2147.5080900000003,2162.77578,5390.0
2024-01-02 13:31:00,2167.04,2167.9,2156.14,2159.11,7664.0
2024-01-02 13:32:00,2157.4,2171.03,2156.07,2167.82,44586.56335997367
2024-01-02 13:33:00,2167.63,2175.96,2166.26,2175.4700000000003,6683.0
2024-01-02 13:34:00,2176.13,2183.84,2174.33,2183.27,1618.0
2024-01-02 13:35:00,2183.25,2185.15,2171.4,2173.03,4569.0
2024-01-02 13:36:00,2173.03,2178.81,2171.57,2177.59,8050.0
2024-01-02 13:37:00,2177.29,2179.07,2176.94,2177.4900000000002,4825.0
2024-01-02 13:38:00,2177.9700000000003,2179.29,2172.6,2175.63,6903.0
2024-01-02 13:39:00,2176.37,2189.05,2174.77,2186.13,3574.0
2024-01-02 13:40:00,2186.59,2187.75,2177.68,2177.69,2649.0
2024-01-02 13:41:00,2177.7,2186.18,2177.38,2183.87,2377.0
2024-01-02 13:42:00,2183.53,2183.9,2171.58,2171.91,6579.0
2024-01-02 13:43:00,2171.12,2171.23,2145.55,2146.9700000000003,3458.0
2024-01-02 13:44:00,2147.84,2148.59,2141.33,2143.19,8918.0
2024-01-02 13:45:00,2143.87,2148.75,2143.15,2147.94,8083.0
2024-01-02 13:46:00,2147.68,2149.23,2135.52,2138.27,5292.0
2024-01-02 13:47:00,2139.01,2146.83,2138.84,2146.44,5442.0
2024-01-02 13:48:00,2146.63,2147.93,2132.15,2133.04,14581.33618171228
2024-01-02 13:49:00,2132.1,2133.38,2115.48,2117.91,7019.0
2024-01-02 13:50:00,2116.86,2132.01,2116.41,2131.29,5512.0
2024-01-02 13:51:00,2131.82,2132.84,2122.91,2123.17,3506.0
2024-01-02 13:52:00,2123.3,2124.07,2116.92,2119.73,8564.0
2024-01-02 13:53:00,2119.51,2120.17,2100.12,2100.27,3393.0
2024-01-02 13:54:00,2100.53,2106.03,2098.79,2105.85,6390.0
2024-01-02 13:55:00,2106.32,2115.52,2105.2400000000002,2114.7200000000003,6547.0
2024-01-02 13:56:00,2115.71,2123.21,2114.08,2121.43,1922.0
2024-01-02 13:57:00,2122.07,2122.91,2117.35,2119.08,5315.0
2024-01-02 13:58:00,2118.98,2135.86,2117.9700000000003,2133.85,3370.0
2024-01-02 13:59:00,2133.0,2133.4700000000003,2126.05,2128.09,7815.0
2024-01-02 14:00:00,2129.2,2136.07,2127.62,2133.57,2565.0
2024-01-02 14:01:00,2132.94,2140.58,2132.38,2137.82,2464.0
2024-01-02 14:02:00,2138.08,2139.91,2128.53,2131.09,4588.0
2024-01-02 14:03:00,2131.29,2131.63,2128.25,2130.9900000000002,7436.0
2024-01-02 14:04:00,2131.65,2132.58,2121.15,2122.92,6490.0
2024-01-02 14:05:00,2122.08,2131.11,2121.0,2128.93,7775.0
2024-01-02 14:06:00,2130.05,2130.88,2123.06,2123.63,1593.0
2024-01-02 14:07:00,2124.46,2124.78,2119.73,2122.0,1830.0
2024-01-02 14:08:00,2121.09,2128.11,2119.54,2126.55,7209.0
2024-01-02 14:09:00,2128.23,2137.04,2126.91,2136.41,6506.0
2024-01-02 14:10:00,2136.68,2155.18,2136.43,2153.27,3932.0
2024-01-02 14:11:00,2153.88,2153.96,2142.52,2144.83,8654.0
2024-01-02 14:12:00,2143.83,2152.03,2141.95,2150.57,7723.0
2024-01-02 14:13:00,2150.17,2150.79,2145.81,2146.64,7930.0
2024-01-02 14:14:00,2146.77,2148.19,2142.07,2143.4900000000002,8756.0
2024-01-02 14:15:00,2143.33,2148.64,2143.25,2146.05,8255.0
2024-01-02 14:16:00,2145.89,2147.09,2137.58,2139.03,5977.0
2024-01-02 14:17:00,2140.04,2149.55,2139.09,2148.89,3022.0
2024-01-02 14:18:00,2150.16,2151.9,2136.12,2138.75,5896.0
2024-01-02 14:19:00,2137.77,2143.86,2136.1,2141.76,3481.0
2024-01-02 14:20:00,2142.37,2142.46,2137.87,2140.76,6652.0
2024-01-02 14:21:00,2139.92,2154.54,2139.77,2151.59,3140.0
2024-01-02 14:22:00,2150.87,2162.96,2150.87,2162.31,5996.0
2024-01-02 14:23:00,2161.96,2163.11,2154.1,2157.25,7282.0
2024-01-02 14:24:00,2156.73,2159.61,2155.03,2159.03,7715.0
2024-01-02 14:25:00,2157.66,2157.77,2152.43,2152.84,2997.0
2024-01-02 14:26:00,2152.86,2156.67,2152.76,2155.59,8731.0
2024-01-02 14:27:00,2155.83,2157.16,2148.03,2148.63,6984.0
2024-01-02 14:28:00,2148.61,2150.37,2130.33,2133.13,3046.0
2024-01-02 14:29:00,2132.59,2133.03,2130.75,2131.82,5234.0
2024-01-02 14:30:00,2132.63,2141.14,2130.91,2139.27,3255.0
2024-01-02 14:31:00,2138.83,2166.14,2138.09,2164.12,7062.0
2024-01-02 14:32:00,2163.69,2174.13,2162.09,2171.57,3749.0
2024-01-02 14:33:00,2171.54,2189.14,2169.64,2187.43,7391.0
2024-01-02 14:34:00,2188.61,2190.73,2188.05,2189.33,7528.0
2024-01-02 14:35:00,2189.0,2189.9,2174.73,2175.92,6116.0
2024-01-02 14:36:00,2174.73,2176.46,2160.83,2162.67,4947.0
2024-01-02 14:37:00,2161.8,2165.6,2160.54,2165.57,2263.0
2024-01-02 14:38:00,2165.7200000000003,2169.54,2164.45,2168.4,8064.0
2024-01-02 14:39:00,2168.52,2174.82,2167.2400000000002,2172.81,8086.0
2024-01-02 14:40:00,2172.4700000000003,2173.66,2164.18,2165.83,2974.0
2024-01-02 14:41:00,2165.51,2172.2400000000002,2163.89,2171.44,3373.0
2024-01-02 14:42:00,2173.3,2174.06,2167.55,2170.28,5033.0
2024-01-02 14:43:00,2171.32,2175.96,2170.65,2175.91,5705.0
2024-01-02 14:44:00,2176.41,2177.05,2172.57,2174.05,7828.0
2024-01-02 14:45:00,2173.94,2175.4900000000002,2154.52,2155.6,1815.0
2024-01-02 14:46:00,2156.09,2171.35,2154.84,2168.35,4227.0
2024-01-02 14:47:00,2167.85,2169.44,2163.81,2164.12,1565.0
2024-01-02 14:48:00,2163.37,2165.14,2150.12,2151.92,4119.0
2024-01-02 14:49:00,2151.71,2153.13,2151.13,2151.36,6380.0
2024-01-02 14:50:00,2151.81,2153.45,2150.01,2151.98,8920.0
2024-01-02 14:51:00,2151.77,2153.08,2132.15,2132.79,7243.0
2024-01-02 14:52:00,2132.57,2133.7400000000002,2126.28,2126.6,6330.0
2024-01-02 14:53:00,2125.26,2129.18,2124.79,2126.57,8916.0
2024-01-02 14:54:00,2127.01,2128.36,2124.23,2126.51,1831.0
2024-01-02 14:55:00,2127.65,2129.9700000000003,2126.89,2128.73,8602.0
2024-01-02 14:56:00,2129.94,2135.07,2128.79,2134.66,3107.0
2024-01-02 14:57:00,2135.7,2136.41,2130.86,2131.56,8778.0
2024-01-02 14:58:00,2131.54,2136.13,2131.17,2133.19,4029.0
2024-01-02 14:59:00,2134.0,2134.4900000000002,2126.28,2127.02,5374.0
2024-01-02 15:00:00,2126.12,2127.37,2121.28,2122.43,5183.0
2024-01-02 15:01:00,2122.84,2129.94,2122.43,2128.02,8513.0
2024-01-02 15:02:00,2127.79,2128.67,2106.2,2109.38,4480.0
2024-01-02 15:03:00,2109.85,2111.77,2108.16,2111.04,5114.0
2024-01-02 15:04:00,2111.09,2115.2,2109.4900000000002,2113.33,7245.0
2024-01-02 15:05:00,2113.2400000000002,2113.71,2107.8,2110.2400000000002,2133.0
2024-01-02 15:06:00,2111.14,2132.51,2110.05,2129.68,4287.0
2024-01-02 15:07:00,2130.33,2130.57,2105.77,2108.48,4927.0
2024-01-02 15:08:00,2108.71,2124.54,2108.32,2122.64,8125.0
2024-01-02 15:09:00,2122.0,2129.53,2121.41,2126.67,7107.0
2024-01-02 15:10:00,2126.81,2133.7200000000003,2124.94,2133.64,8977.0
2024-01-02 15:11:00,2134.45,2135.2200000000003,2119.83,2122.11,7430.0
2024-01-02 15:12:00,2122.78,2124.03,2117.67,2118.9,37463.70042851082
2024-01-02 15:13:00,2118.64,2140.0,2118.02,2137.85,3393.0
2024-01-02 15:14:00,2138.57,2140.31,2134.52,2134.78,6738.0
2024-01-02 15:15:00,2133.43,2134.7,2121.31,2123.2400000000002,8164.0
2024-01-02 15:16:00,2123.14,2124.2400000000002,2109.02,2111.18,2290.0
2024-01-02 15:17:00,2112.17,2120.3,2110.76,2119.56,4025.0
2024-01-02 15:18:00,2119.91,2121.17,2114.27,2117.17,6696.0
2024-01-02 15:19:00,2116.14,2117.62,2107.75,2109.4900000000002,2386.0
2024-01-02 15:20:00,2109.73,2119.86,2109.2200000000003,2118.89,6217.0
2024-01-02 15:21:00,2117.91,2119.31,2116.09,2116.55,5940.0
2024-01-02 15:22:00,2116.09,2117.7400000000002,2102.06,2105.04,5882.0
2024-01-02 15:23:00,2105.16,2114.75,2104.7200000000003,2112.75,7214.0
2024-01-02 15:24:00,2112.41,2113.56,2105.04,2108.19,4051.0
2024-01-02 15:25:00,2107.28,2108.9700000000003,2102.92,2105.61,7181.0
2024-01-02 15:26:00,2105.46,2109.5,2104.37,2108.48,8560.0
2024-01-02 15:27:00,2108.27,2108.59,2102.71,2104.12,7015.0
2024-01-02 15:28:00,2104.9,2108.06,2103.09,2106.91,2587.0
2024-01-02 15:29:00,2108.21,2109.2200000000003,2102.01,2104.06,2989.0
2024-01-02 15:30:00,2104.2,2112.54,2103.31,2110.94,4064.0
2024-01-02 15:31:00,2108.92,2109.19,2090.63,2093.0,3783.0
2024-01-02 15:32:00,2093.0,2101.21,2092.2400000000002,2099.29,7141.0
2024-01-02 15:33:00,2098.86,2115.2200000000003,2098.2,2112.85,4064.0
2024-01-02 15:34:00,2113.81,2114.77,2106.8,2109.7,3380.0
2024-01-02 15:35:00,2108.64,2110.15,2087.01,2088.2400000000002,3413.0
2024-01-02 15:36:00,2088.73,2089.2200000000003,2070.98,2074.01,7104.0
2024-01-02 15:37:00,2073.25,2074.85,2072.81,2073.78,6795.0
2024-01-02 15:38:00,2074.31,2080.81,2073.51,2078.66,3319.0
2024-01-02 15:39:00,2078.2,2079.7200000000003,2065.09,2067.87,2115.0
2024-01-02 15:40:00,2068.3,2077.15,2066.71,2075.9900000000002,6784.0
2024-01-02 15:41:00,2077.2,2088.11,2077.08,2086.54,8464.0
2024-01-02 15:42:00,2086.79,2093.4,2085.29,2093.01,4566.0
2024-01-02 15:43:00,2093.18,2094.4,2087.44,2089.08,6510.0
2024-01-02 15:44:00,2090.2400000000002,2096.63,2089.95,2094.78,7416.0
2024-01-02 15:45:00,2094.3,2094.56,2093.39,2093.62,4162.0
2024-01-02 15:46:00,2093.54,2100.76,2092.05,2100.02,1926.0
2024-01-02 15:47:00,2099.05,2100.27,2087.53,2087.81,6511.0
2024-01-02 15:48:00,2088.7,2090.26,2085.69,2087.91,8668.0
2024-01-02 15:49:00,2087.14,2087.79,2075.34,2077.01,2229.0
2024-01-02 15:50:00,2077.25,2083.51,2077.04,2082.63,3790.0
2024-01-02 15:51:00,2083.68,2089.33,2083.13,2088.17,6553.0
2024-01-02 15:52:00,2088.8,2090.46,2075.56,2078.6,3917.0
2024-01-02 15:53:00,2079.2400000000002,2084.31,2077.78,2082.3,2211.0
2024-01-02 15:54:00,2082.01,2082.7200000000003,2067.19,2068.95,1900.0
2024-01-02 15:55:00,2069.31,2077.86,2067.9900000000002,2077.7400000000002,5496.0
2024-01-02 15:56:00,2077.94,2079.12,2060.43,2063.52,6413.0
2024-01-02 15:57:00,2063.19,2064.14,2044.78,2045.9,5002.0
2024-01-02 15:58:00,2046.5900000000001,2066.78,2045.15,2063.85,8762.0
2024-01-02 15:59:00,2063.76,2073.7,2063.0,2073.07,8149.0
2024-01-02 16:00:00,2072.95,2074.09,2045.89,2048.69,8571.0
2024-01-02 16:01:00,2048.53,2062.88,2048.17,2059.98,5956.0
2024-01-02 16:02:00,2059.93,2061.06,2055.34,2058.38,3048.0
2024-01-02 16:03:00,2058.02,2067.51,2057.02,2064.92,6560.0
2024-01-02 16:04:00,2064.79,2070.48,2064.13,2068.77,6002.0
2024-01-02 16:05:00,2069.81,2070.77,2061.73,2064.46,3592.0
2024-01-02 16:06:00,2063.8,2064.08,2055.79,2058.7200000000003,7312.0
2024-01-02 16:07:00,2058.41,2068.91,2057.2200000000003,2068.73,3987.0
2024-01-02 16:08:00,2068.4700000000003,2081.7400000000002,2067.73,2079.2,4004.0
2024-01-02 16:09:00,2078.92,2079.4900000000002,2063.67,2065.61,1797.0
2024-01-02 16:10:00,2065.34,2070.61,2063.93,2069.33,2830.0
2024-01-02 16:11:00,2069.13,2069.58,2068.66,2069.11,1772.0
2024-01-02 16:12:00,2068.7200000000003,2079.91,2067.32,2078.87,3963.0
2024-01-02 16:13:00,2078.27,2079.59,2068.52,2070.45,8080.0
2024-01-02 16:14:00,2070.55,2072.3,2056.42,2058.41,6557.0
2024-01-02 16:15:00,2058.34,2058.54,2048.44,2048.56,6893.0
2024-01-02 16:16:00,2050.13,2058.7400000000002,2049.41,2056.33,6878.0
2024-01-02 16:17:00,2055.87,2056.08,2044.65,2045.5,8793.0
2024-01-02 16:18:00,2044.79,2046.5,2039.3500000000001,2040.5800000000002,7770.0
2024-01-02 16:19:00,2041.01,2041.48,2022.56,2023.8600000000001,3879.0
2024-01-02 16:20:00,2023.72,2032.5,2023.04,2030.93,2198.0
2024-01-02 16:21:00,2030.3,2030.74,2015.15,2016.07,3995.0
2024-01-02 16:22:00,2016.68,2026.94,2015.82,2025.94,5488.0
2024-01-02 16:23:00,2025.39,2032.22,2024.92,2029.6100000000001,4091.0
2024-01-02 16:24:00,2029.65,2037.72,2029.44,2036.76,8753.0
2024-01-02 16:25:00,2036.72,2037.3500000000001,2027.99,2030.8600000000001,5859.0
2024-01-02 16:26:00,2030.8500000000001,2030.98,2026.8500000000001,2029.44,7209.0
2024-01-02 16:27:00,2030.57,2032.47,2030.26,2030.75,7767.0
2024-01-02 16:28:00,2031.0800000000002,2031.39,2023.98,2024.79,43736.96044703707
2024-01-02 16:29:00,2024.32,2029.79,2022.8600000000001,2028.05,8760.0
2024-01-02 16:30:00,2028.6200000000001,2029.53,2019.3300000000002,2020.2,6265.0
2024-01-02 16:31:00,2019.23,2020.1100000000001,2016.01,2018.44,7641.0
2024-01-02 16:32:00,2018.1200000000001,2018.78,2015.55,2017.19,24090.799805569754
2024-01-02 16:33:00,2016.79,2017.42,2006.9,2007.8500000000001,6810.0
2024-01-02 16:34:00,2007.74,2017.76,2006.48,2015.65,7704.0
2024-01-02 16:35:00,2015.01,2017.4,2014.55,2015.28,2691.0
2024-01-02 16:36:00,2014.99,2016.72,2003.79,2004.05,7505.0
2024-01-02 16:37:00,2004.5,2005.05,2001.16,2004.1100000000001,4500.0
2024-01-02 16:38:00,2003.72,2020.77,2003.3400000000001,2018.91,1657.0
2024-01-02 16:39:00,2017.5900000000001,2020.42,2015.8600000000001,2018.17,3390.0
2024-01-02 16:40:00,2017.76,2019.2,2015.26,2016.9,7557.0
2024-01-02 16:41:00,2016.19,2040.74,2015.64,2038.28,4943.0
2024-01-02 16:42:00,2038.28,2041.49,2037.4,2041.04,5170.0
2024-01-02 16:43:00,2041.13,2042.78,2034.4,2035.76,7560.0
2024-01-02 16:44:00,2036.24,2036.8500000000001,2030.63,2032.94,7325.0
2024-01-02 16:45:00,2032.64,2033.01,2022.3500000000001,2024.8,2352.0
2024-01-02 16:46:00,2024.79,2026.01,2007.05,2009.67,6796.0
2024-01-02 16:47:00,2010.28,2010.72,1997.96,2000.05,6327.0
2024-01-02 16:48:00,2000.0800000000002,2000.4,1991.55,1993.89,6364.0
2024-01-02 16:49:00,1993.92,1994.96,1990.89,1991.03,6974.0
2024-01-02 16:50:00,1991.21,2000.43,1990.72,1998.0800000000002,8425.0
2024-01-02 16:51:00,1998.3400000000001,1998.94,1988.38,1990.1000000000001,7754.0
2024-01-02 16:52:00,1991.02,1997.73,1989.42,1995.4,2059.0
2024-01-02 16:53:00,1995.16,1996.44,1982.3400000000001,1984.8400000000001,7461.0
2024-01-02 16:54:00,1985.81,1985.8400000000001,1972.53,1972.64,6884.0
2024-01-02 16:55:00,1972.46,1973.28,1964.74,1967.54,7343.0
2024-01-02 16:56:00,1967.1200000000001,1971.46,1966.52,1968.96,4271.0
2024-01-02 16:57:00,1968.42,1969.6000000000001,1961.3600000000001,1963.7,3727.0
2024-01-02 16:58:00,1962.66,1974.49,1960.99,1971.79,4997.0
2024-01-02 16:59:00,1970.78,1975.03,1969.48,1972.8,3864.0
2024-01-02 17:00:00,1972.02,1980.29,1971.76,1978.07,7003.0
2024-01-02 17:01:00,1978.01,1978.79,1968.29,1970.13,2293.0
2024-01-02 17:02:00,1970.71,1971.53,1969.77,1970.8600000000001,3511.0
2024-01-02 17:03:00,1971.47,1975.39,1969.73,1973.01,5984.0
2024-01-02 17:04:00,1973.6000000000001,1973.79,1959.66,1961.7,8489.0
2024-01-02 17:05:00,1961.68,1977.65,1961.27,1977.52,2168.0
2024-01-02 17:06:00,1977.47,1978.6200000000001,1964.23,1966.8300000000002,3973.0
2024-01-02 17:07:00,1967.68,1967.8,1945.33,1946.3600000000001,2271.0
2024-01-02 17:08:00,1946.66,1948.18,1942.0900000000001,1944.71,3280.0
2024-01-02 17:09:00,1944.83,1952.58,1943.14,1951.01,7176.0
2024-01-02 17:10:00,1951.19,1954.5900000000001,1950.54,1951.71,7962.0
2024-01-02 17:11:00,1950.92,1956.53,1949.8600000000001,1956.14,3800.0
2024-01-02 17:12:00,1955.94,1967.04,1955.39,1966.41,7562.0
2024-01-02 17:13:00,1966.05,1966.32,1951.13,1951.6200000000001,6611.0
2024-01-02 17:14:00,1952.0900000000001,1968.97,1950.6200000000001,1966.95,2348.0
2024-01-02 17:15:00,1967.52,1978.3300000000002,1966.43,1977.41,3353.0
2024-01-02 17:16:00,1976.67,1977.66,1971.0900000000001,1973.3,4945.0
2024-01-02 17:17:00,1973.3300000000002,1978.81,1972.04,1978.6100000000001,2880.0
2024-01-02 17:18:00,1979.57,1980.97,1963.68,1963.72,4566.0
2024-01-02 17:19:00,1963.02,1983.6100000000001,1962.92,1981.16,4858.0
2024-01-02 17:20:00,1981.26,1981.5900000000001,1978.45,1980.97,4315.0
2024-01-02 17:21:00,1980.24,1981.6200000000001,1974.19,1976.63,3538.0
2024-01-02 17:22:00,1975.55,1977.21,1969.16,1971.78,5662.0
2024-01-02 17:23:00,1971.81,1971.8600000000001,1957.28,1959.1200000000001,4541.0
2024-01-02 17:24:00,1958.46,1977.8700000000001,1957.3500000000001,1975.43,8957.0
2024-01-02 17:25:00,1975.06,1984.27,1974.44,1982.06,1889.0
2024-01-02 17:26:00,1982.31,1982.63,1980.92,1982.49,3214.0
2024-01-02 17:27:00,1981.75,2000.26,1980.27,1998.9,43564.35048902615
2024-01-02 17:28:00,1998.16,1998.69,1976.02,1977.26,7950.0
2024-01-02 17:29:00,1977.5,1983.69,1977.3400000000001,1981.42,7382.0
2024-01-02 17:30:00,1980.72,1985.73,1979.1200000000001,1984.79,3793.0
2024-01-02 17:31:00,1984.91,1985.94,1980.45,1982.53,8869.0
2024-01-02 17:32:00,1982.94,1992.02,1981.66,1989.2,6063.0
2024-01-02 17:33:00,1988.93,2001.4,1987.41,1998.96,8569.0
2024-01-02 17:34:00,1998.0900000000001,2004.47,1997.8400000000001,2003.67,2633.0
2024-01-02 17:35:00,2003.55,2004.02,1992.99,1995.3300000000002,7307.0
2024-01-02 17:36:00,1995.1000000000001,1995.71,1985.75,1987.5800000000002,5471.0
2024-01-02 17:37:00,1987.17,1988.48,1968.27,1970.63,6019.0
2024-01-02 17:38:00,1970.22,1970.88,1957.18,1957.64,6591.0
2024-01-02 17:39:00,1957.71,1958.19,1952.22,1954.88,4545.0
2024-01-02 17:40:00,1954.25,1954.56,1926.77,1928.01,7502.0
2024-01-02 17:41:00,1928.6100000000001,1928.75,1918.8500000000001,1921.1000000000001,7180.0
2024-01-02 17:42:00,1921.42,1924.22,1920.23,1924.1100000000001,6126.0
2024-01-02 17:43:00,1923.56,1924.23,1920.65,1923.01,8391.0
2024-01-02 17:44:00,1922.68,1924.3500000000001,1921.91,1923.78,6990.0
2024-01-02 17:45:00,1923.6000000000001,1926.58,1921.93,1924.79,2648.0
2024-01-02 17:46:00,1924.39,1926.64,1923.48,1925.0,7093.0
2024-01-02 17:47:00,1925.6200000000001,1926.1200000000001,1921.0,1923.83,2841.0
2024-01-02 17:48:00,1923.8,1932.6000000000001,1922.95,1931.25,5265.0
2024-01-02 17:49:00,1931.3600000000001,1932.8700000000001,1916.75,1918.07,3735.0
2024-01-02 17:50:00,1918.1000000000001,1918.98,1906.02,1908.8500000000001,5453.0
2024-01-02 17:51:00,1909.81,1917.44,1908.17,1914.97,3193.0
2024-01-02 17:52:00,1915.15,1915.88,1911.89,1912.52,4492.0
2024-01-02 17:53:00,1912.81,1914.43,1910.29,1910.44,5763.0
2024-01-02 17:54:00,1911.82,1913.1100000000001,1910.46,1912.8600000000001,22257.67236480473
2024-01-02 17:55:00,1912.3500000000001,1912.46,1904.6200000000001,1904.76,3146.0
2024-01-02 17:56:00,1904.52,1909.57,1903.75,1907.41,3498.0
2024-01-02 17:57:00,1907.16,1921.23,1906.83,1920.56,6578.0
2024-01-02 17:58:00,1920.8500000000001,1920.97,1897.06,1898.65,6961.0
2024-01-02 17:59:00,1899.29,1906.29,1897.95,1905.74,5111.0
2024-01-02 18:00:00,1905.88,1914.92,1905.05,1913.13,7020.0
2024-01-02 18:01:00,1912.68,1920.02,1912.41,1918.3400000000001,4875.0
2024-01-02 18:02:00,1918.47,1919.04,1908.25,1909.33,4218.0
2024-01-02 18:03:00,1909.3400000000001,1909.42,1908.33,1909.3,8331.0
2024-01-02 18:04:00,1909.67,1910.83,1906.7,1908.71,8030.0
2024-01-02 18:05:00,1909.17,1918.67,1907.79,1916.0900000000001,8829.0
2024-01-02 18:06:00,1916.72,1918.0900000000001,1910.3600000000001,1911.71,1834.0
2024-01-02 18:07:00,1910.74,1919.0,1910.17,1918.81,5559.0
2024-01-02 18:08:00,1918.44,1931.8600000000001,1917.06,1931.3400000000001,8659.0
2024-01-02 18:09:00,1931.76,1935.68,1931.55,1933.8400000000001,6859.0
2024-01-02 18:10:00,1934.23,1950.93,1933.89,1948.78,4048.0
2024-01-02 18:11:00,1947.96,1949.16,1946.19,1947.15,3775.0
2024-01-02 18:12:00,1946.39,1951.74,1944.8400000000001,1950.97,3345.0
2024-01-02 18:13:00,1951.4,1952.83,1945.93,1945.97,4222.0
2024-01-02 18:14:00,1946.26,1957.15,1944.53,1955.07,5043.0
2024-01-02 18:15:00,1954.74,1955.26,1947.64,1949.3,3816.0
2024-01-02 18:16:00,1949.66,1964.66,1949.39,1963.04,7871.0
2024-01-02 18:17:00,1962.83,1983.49,1961.32,1982.39,5247.0
2024-01-02 18:18:00,1982.67,1989.3500000000001,1982.39,1988.23,2524.0
2024-01-02 18:19:00,1988.91,1999.9,1988.47,1998.93,8380.0
2024-01-02 18:20:00,1999.06,2000.51,1981.8600000000001,1983.3700000000001,4681.0
2024-01-02 18:21:00,1983.04,1983.8300000000002,1963.25,1963.32,6416.0
2024-01-02 18:22:00,1963.1000000000001,1963.91,1957.3400000000001,1958.6200000000001,7208.0
2024-01-02 18:23:00,1958.68,1959.16,1939.3600000000001,1942.19,6199.0
2024-01-02 18:24:00,1941.78,1943.49,1939.81,1941.43,4856.0
2024-01-02 18:25:00,1942.39,1947.3,1941.07,1945.77,7348.0
2024-01-02 18:26:00,1945.31,1945.39,1929.81,1932.71,3050.0
2024-01-02 18:27:00,1932.76,1937.07,1932.16,1935.02,8842.0
2024-01-02 18:28:00,1934.3500000000001,1935.96,1932.79,1934.08,8471.0
2024-01-02 18:29:00,1933.99,1938.94,1932.42,1937.02,4779.0
2024-01-02 18:30:00,1936.6000000000001,1955.22,1936.16,1952.92,4267.0
2024-01-02 18:31:00,1952.69,1957.7,1951.23,1955.71,4117.0
2024-01-02 18:32:00,1955.91,1962.41,1954.18,1961.47,2144.0
2024-01-02 18:33:00,1960.94,1964.94,1959.68,1963.79,5827.0
2024-01-02 18:34:00,1964.26,1976.0900000000001,1963.74,1974.0,1613.0
2024-01-02 18:35:00,1974.22,1974.65,1972.79,1974.53,8665.0
2024-01-02 18:36:00,1974.95,1976.44,1971.49,1972.68,6867.0
2024-01-02 18:37:00,1972.6100000000001,1972.91,1960.83,1961.57,5810.0
2024-01-02 18:38:00,1960.8500000000001,1978.45,1959.8500000000001,1975.8,3465.0
2024-01-02 18:39:00,1975.18,1981.24,1974.8300000000002,1980.6100000000001,4827.0
2024-01-02 18:40:00,1981.13,1997.02,1980.3300000000002,1994.5800000000002,7649.0
2024-01-02 18:41:00,1994.13,1995.63,1978.2,1980.4,7674.0
2024-01-02 18:42:00,1979.65,1983.65,1979.5,1980.79,3300.0
2024-01-02 18:43:00,1981.3,1989.4,1980.15,1989.14,2161.0
2024-01-02 18:44:00,1989.73,1990.3500000000001,1984.6100000000001,1987.22,1829.0
2024-01-02 18:45:00,1986.92,1993.19,1986.43,1991.18,1732.0
2024-01-02 18:46:00,1991.82,1998.89,1991.54,1997.6000000000001,3274.0
2024-01-02 18:47:00,1997.38,1998.44,1994.77,1995.88,8215.0
2024-01-02 18:48:00,1996.6000000000001,1999.21,1995.51,1997.29,5932.0
2024-01-02 18:49:00,1997.6100000000001,2005.7,1997.26,2004.8600000000001,6404.0
2024-01-02 18:50:00,2006.27,2013.76,2005.72,2013.6000000000001,5223.0
2024-01-02 18:51:00,2013.66,2019.22,2012.81,2016.6000000000001,4076.0
2024-01-02 18:52:00,2017.05,2031.78,2015.4,2030.41,6937.0
2024-01-02 18:53:00,2031.3600000000001,2036.3400000000001,2030.13,2034.0800000000002,2968.0
2024-01-02 18:54:00,2035.0800000000002,2036.23,2016.91,2017.8700000000001,7765.0
2024-01-02 18:55:00,2018.3,2019.77,2016.6000000000001,2018.47,5141.0
2024-01-02 18:56:00,2018.73,2020.18,2014.64,2016.51,2593.0
2024-01-02 18:57:00,2016.41,2022.07,2015.29,2019.42,5815.0
2024-01-02 18:58:00,2020.53,2031.22,2018.75,2029.8500000000001,2037.0
2024-01-02 18:59:00,2031.0,2031.49,2021.1100000000001,2021.39,7237.0
2024-01-02 19:00:00,2019.95,2019.95,2010.44,2011.71,2964.0
2024-01-02 19:01:00,2011.5800000000002,2014.0800000000002,2011.1000000000001,2013.66,7789.0
2024-01-02 19:02:00,2012.9,2017.56,2012.22,2015.68,3878.0
2024-01-02 19:03:00,2015.67,2027.9,2015.18,2027.0800000000002,8541.0
2024-01-02 19:04:00,2026.13,2026.69,2014.32,2016.21,8157.0
2024-01-02 19:05:00,2015.93,2018.8500000000001,2014.26,2018.32,3758.0
2024-01-02 19:06:00,2018.25,2025.75,2017.3400000000001,2025.27,7129.0
2024-01-02 19:07:00,2025.29,2025.3400000000001,2016.16,2016.53,2092.0
2024-01-02 19:08:00,2016.21,2016.69,1997.9,1999.99,8341.0
2024-01-02 19:09:00,1999.7,2011.68,1999.18,2009.42,6029.0
2024-01-02 19:10:00,2009.44,2018.42,2007.81,2017.01,2583.0
2024-01-02 19:11:00,2017.06,2028.97,2016.19,2026.63,4109.0
2024-01-02 19:12:00,2026.48,2027.18,2023.82,2026.3600000000001,5717.0
2024-01-02 19:13:00,2026.26,2027.67,2018.42,2019.57,1861.0
2024-01-02 19:14:00,2019.25,2023.0800000000002,2019.22,2021.51,7051.0
2024-01-02 19:15:00,2023.28,2023.52,2019.75,2020.3,4990.0
2024-01-02 19:16:00,2019.9,2021.18,2016.5800000000002,2019.56,5300.0
2024-01-02 19:17:00,2018.32,2025.2,2017.68,2024.13,7928.0
2024-01-02 19:18:00,2024.6200000000001,2026.01,2018.81,2020.93,3426.0
2024-01-02 19:19:00,2019.8400000000001,2025.22,2018.63,2023.82,5720.0
2024-01-02 19:20:00,2023.92,2032.17,2022.18,2031.0900000000001,4841.0
2024-01-02 19:21:00,2030.25,2044.22,2029.53,2043.31,1960.0
2024-01-02 19:22:00,2042.3300000000002,2042.8400000000001,2032.29,2034.6200000000001,6638.0
2024-01-02 19:23:00,2034.0800000000002,2038.95,2032.48,2036.52,5251.0
2024-01-02 19:24:00,2036.93,2041.69,2035.25,2039.75,2602.0
2024-01-02 19:25:00,2039.74,2049.82,2038.74,2047.7,2091.0
2024-01-02 19:26:00,2047.49,2049.3,2031.92,2033.24,6468.0
2024-01-02 19:27:00,2033.74,2038.64,2033.3700000000001,2037.94,5160.0
2024-01-02 19:28:00,2038.8400000000001,2039.3600000000001,2032.45,2034.75,3286.0
2024-01-02 19:29:00,2034.1200000000001,2056.67,2033.3600000000001,2055.11,3288.0
2024-01-02 19:30:00,2056.35,2066.45,2055.01,2065.48,5409.0
2024-01-02 19:31:00,2064.85,2066.65,2059.4,2061.88,8326.0
2024-01-02 19:32:00,2061.38,2061.92,2057.35,2057.84,3179.0
2024-01-02 19:33:00,2057.7400000000002,2058.76,2049.83,2050.69,2741.0
2024-01-02 19:34:00,2051.11,2067.64,2049.56,2066.91,7640.0
2024-01-02 19:35:00,2067.43,2084.33,2067.2400000000002,2081.38,4147.0
2024-01-02 19:36:00,2082.03,2083.04,2074.0,2076.41,8287.0
2024-01-02 19:37:00,2076.4700000000003,2077.56,2075.86,2076.09,8281.0
2024-01-02 19:38:00,2076.36,2082.01,2075.02,2079.09,4872.0
2024-01-02 19:39:00,2077.7400000000002,2078.78,2077.7400000000002,2078.3,4177.0
2024-01-02 19:40:00,2078.13,2079.15,2063.02,2063.2200000000003,5661.0
2024-01-02 19:41:00,2062.37,2068.52,2061.54,2067.4700000000003,5349.0
2024-01-02 19:42:00,2067.18,2067.68,2062.4700000000003,2064.65,1731.0
2024-01-02 19:43:00,2064.91,2066.05,2060.36,2061.44,3206.0
2024-01-02 19:44:00,2061.03,2073.62,2059.69,2071.42,4040.0
2024-01-02 19:45:00,2071.06,2071.52,2065.13,2068.02,2254.0
2024-01-02 19:46:00,2068.21,2069.91,2064.2200000000003,2065.8,3472.0
2024-01-02 19:47:00,2064.85,2065.03,2052.62,2055.1,2246.0
2024-01-02 19:48:00,2054.44,2073.46,2052.93,2072.53,7844.0
2024-01-02 19:49:00,2072.16,2111.33,2070.81,2108.98,7982.0
2024-01-02 19:50:00,2108.31,2108.38,2103.06,2105.98,3571.0
2024-01-02 19:51:00,2106.39,2106.84,2097.61,2099.77,2595.0
2024-01-02 19:52:00,2100.17,2109.91,2099.92,2108.61,8597.0
2024-01-02 19:53:00,2109.9900000000002,2110.8,2102.46,2103.95,2070.0
2024-01-02 19:54:00,2104.39,2104.94,2100.1,2102.55,2490.0
2024-01-02 19:55:00,2102.73,2104.04,2098.18,2098.93,4678.0
2024-01-02 19:56:00,2097.81,2097.98,2089.89,2091.36,5447.0
2024-01-02 19:57:00,2091.75,2096.04,2090.1,2094.34,8449.0
2024-01-02 19:58:00,2093.63,2103.91,2093.04,2103.57,2099.0
2024-01-02 19:59:00,2103.19,2103.9900000000002,2099.12,2100.09,8492.0
2024-01-02 20:00:00,2100.03,2106.57,2099.46,2105.7400000000002,3948.0
2024-01-02 20:01:00,2106.11,2107.19,2097.06,2098.27,5499.0
2024-01-02 20:02:00,2098.04,2099.31,2087.81,2089.2200000000003,7823.0
2024-01-02 20:03:00,2088.57,2090.03,2087.86,2088.53,6258.0
2024-01-02 20:04:00,2089.23,2090.7,2068.14,2069.05,8359.0
2024-01-02 20:05:00,2068.4900000000002,2078.2400000000002,2066.77,2075.94,5359.0
2024-01-02 20:06:00,2075.34,2079.23,2073.68,2076.86,3833.0
2024-01-02 20:07:00,2076.95,2077.09,2065.18,2066.77,8252.0
2024-01-02 20:08:00,2067.96,2085.37,2066.32,2082.64,6166.0
2024-01-02 20:09:00,2082.89,2085.2,2081.59,2084.54,5197.0
2024-01-02 20:10:00,2084.88,2086.29,2074.78,2075.41,41064.13948773184
2024-01-02 20:11:00,2074.75,2076.23,2068.61,2071.54,3448.0
2024-01-02 20:12:00,2071.5,2072.54,2063.7,2065.91,7951.0
2024-01-02 20:13:00,2066.01,2072.3,2065.93,2069.2400000000002,2416.0
2024-01-02 20:14:00,2069.48,2070.34,2059.63,2060.75,2376.0
2024-01-02 20:15:00,2060.62,2065.92,2058.98,2064.39,5804.0
2024-01-02 20:16:00,2064.93,2069.61,2063.2400000000002,2069.4900000000002,6580.0
2024-01-02 20:17:00,2069.56,2069.77,2048.15,2049.5,3726.0
2024-01-02 20:18:00,2049.09,2051.27,2048.4700000000003,2049.56,4758.0
2024-01-02 20:19:00,2049.51,2060.35,2049.25,2059.27,6255.0
2024-01-02 20:20:00,2060.18,2060.82,2055.9700000000003,2056.78,8919.0
2024-01-02 20:21:00,2057.25,2058.87,2042.05,2045.07,6910.0
2024-01-02 20:22:00,2044.49,2044.81,2034.1200000000001,2036.42,3704.0
2024-01-02 20:23:00,2035.6200000000001,2036.52,2020.1100000000001,2021.16,8284.0
2024-01-02 20:24:00,2021.38,2022.16,2013.41,2015.99,2206.0
2024-01-02 20:25:00,2015.56,2016.67,1995.67,1998.3500000000001,7970.0
2024-01-02 20:26:00,1998.0,1998.73,1990.66,1991.26,2618.0
2024-01-02 20:27:00,1991.82,1997.1000000000001,1990.93,1996.26,7493.0
2024-01-02 20:28:00,1996.39,1997.3600000000001,1983.54,1984.0800000000002,2684.0
2024-01-02 20:29:00,1984.23,1988.49,1982.45,1986.55,6098.0
2024-01-02 20:30:00,1987.0800000000002,1987.16,1979.39,1982.24,1956.0
2024-01-02 20:31:00,1982.6200000000001,1986.3700000000001,1981.06,1983.49,7153.0
2024-01-02 20:32:00,1983.17,1984.8500000000001,1965.48,1965.68,7331.0
2024-01-02 20:33:00,1966.1100000000001,1967.43,1963.05,1963.27,5311.0
2024-01-02 20:34:00,1962.98,1976.38,1961.39,1975.6000000000001,3461.0
2024-01-02 20:35:00,1974.45,1981.8600000000001,1972.81,1978.9,8314.0
2024-01-02 20:36:00,1979.42,1989.02,1978.5,1988.1200000000001,7257.0
2024-01-02 20:37:00,1988.05,1989.05,1986.71,1988.29,6681.0
2024-01-02 20:38:00,1988.42,2001.8700000000001,1987.22,2001.01,4056.0
2024-01-02 20:39:00,2001.27,2002.25,1997.3600000000001,1998.25,6925.0
2024-01-02 20:40:00,1997.8500000000001,1998.68,1990.95,1992.49,8632.0
2024-01-02 20:41:00,1993.03,1993.26,1990.3300000000002,1990.43,4943.0
2024-01-02 20:42:00,1990.0900000000001,1990.19,1977.7,1979.65,3538.0
2024-01-02 20:43:00,1979.52,1984.25,1978.1100000000001,1981.3500000000001,4746.0
2024-01-02 20:44:00,1980.28,1993.65,1979.0800000000002,1991.5800000000002,2689.0
2024-01-02 20:45:00,1991.44,1991.97,1974.14,1976.77,3284.0
2024-01-02 20:46:00,1975.53,1976.32,1966.25,1966.68,4494.0
2024-01-02 20:47:00,1965.8500000000001,1970.29,1964.1100000000001,1968.18,4606.0
2024-01-02 20:48:00,1968.3700000000001,1971.18,1966.96,1970.54,7924.0
2024-01-02 20:49:00,1970.05,1975.46,1969.92,1975.3700000000001,4601.0
2024-01-02 20:50:00,1976.0,1977.75,1958.88,1961.72,4168.0
2024-01-02 20:51:00,1960.3,1964.73,1960.16,1961.97,7605.0
2024-01-02 20:52:00,1961.07,1982.8300000000002,1961.03,1979.99,8919.0
2024-01-02 20:53:00,1979.89,1991.16,1978.57,1990.54,2831.0
2024-01-02 20:54:00,1990.07,1996.31,1989.31,1993.44,6256.0
2024-01-02 20:55:00,1993.1100000000001,1993.21,1979.21,1979.56,3925.0
2024-01-02 20:56:00,1979.8700000000001,1987.5800000000002,1978.6000000000001,1986.4,2777.0
2024-01-02 20:57:00,1985.71,1987.43,1976.74,1979.51,6291.0
2024-01-02 20:58:00,1979.47,1979.7,1978.39,1978.48,3746.0
2024-01-02 20:59:00,1979.3700000000001,1980.54,1975.38,1978.18,4931.0
2024-01-02 21:00:00,1978.16,1979.48,1977.3500000000001,1977.99,2190.0
2024-01-02 21:01:00,1978.53,1979.2,1970.88,1971.0900000000001,5073.0
2024-01-02 21:02:00,1971.23,1972.31,1956.63,1957.47,2332.0
2024-01-02 21:03:00,1958.3500000000001,1968.05,1956.66,1965.75,3947.0
2024-01-02 21:04:00,1965.56,1968.32,1964.58,1966.39,5469.0
2024-01-02 21:05:00,1966.66,1976.5900000000001,1965.69,1973.8300000000002,3526.0
2024-01-02 21:06:00,1973.63,1981.45,1972.38,1979.97,3630.0
2024-01-02 21:07:00,1979.82,1980.22,1965.32,1967.79,6014.0
2024-01-02 21:08:00,1967.47,1970.8500000000001,1966.48,1969.52,5168.0
2024-01-02 21:09:00,1969.79,1971.48,1952.52,1954.88,7170.0
2024-01-02 21:10:00,1954.8700000000001,1955.05,1939.22,1941.49,2099.0
2024-01-02 21:11:00,1942.21,1943.18,1937.9,1940.68,2060.0
2024-01-02 21:12:00,1940.55,1942.08,1934.02,1936.1000000000001,2526.0
2024-01-02 21:13:00,1935.48,1936.1100000000001,1933.7,1934.93,6562.0
2024-01-02 21:14:00,1934.3400000000001,1955.0900000000001,1932.98,1953.15,2628.0
2024-01-02 21:15:00,1953.02,1953.52,1949.68,1949.98,3778.0
2024-01-02 21:16:00,1950.08,1951.03,1935.72,1937.65,2044.0
2024-01-02 21:17:00,1937.56,1938.55,1932.6000000000001,1934.6100000000001,2029.0
2024-01-02 21:18:00,1934.4,1935.83,1920.01,1922.56,3400.0
2024-01-02 21:19:00,1921.91,1922.74,1919.51,1919.95,4954.0
2024-01-02 21:20:00,1920.05,1920.3600000000001,1909.48,1911.82,3175.0
2024-01-02 21:21:00,1910.82,1917.67,1909.33,1916.02,8651.0
2024-01-02 21:22:00,1915.51,1926.95,1914.07,1925.93,3335.0
2024-01-02 21:23:00,1926.81,1927.89,1924.25,1925.31,5043.0
2024-01-02 21:24:00,1925.8500000000001,1926.3700000000001,1913.1000000000001,1913.8700000000001,7839.0
2024-01-02 21:25:00,1914.39,1926.79,1913.91,1926.23,6749.0
2024-01-02 21:26:00,1926.15,1935.6200000000001,1926.04,1934.74,6480.0
2024-01-02 21:27:00,1934.99,1936.44,1923.5,1925.08,5876.0
2024-01-02 21:28:00,1923.75,1935.6100000000001,1923.67,1934.02,6775.0
2024-01-02 21:29:00,1934.13,1950.94,1933.1000000000001,1949.16,3360.0
2024-01-02 21:30:00,1948.67,1949.0900000000001,1948.28,1948.33,6366.0
2024-01-02 21:31:00,1948.3,1953.8700000000001,1948.02,1951.58,5973.0
2024-01-02 21:32:00,1951.88,1952.91,1942.3400000000001,1944.4,5470.0
2024-01-02 21:33:00,1944.54,1944.99,1943.6200000000001,1944.17,8411.0
2024-01-02 21:34:00,1943.3,1958.7,1941.8400000000001,1957.83,6006.0
2024-01-02 21:35:00,1958.23,1966.71,1957.6000000000001,1965.73,7529.0
2024-01-02 21:36:00,1965.16,1975.17,1963.43,1975.0900000000001,6559.0
2024-01-02 21:37:00,1974.47,1975.3600000000001,1948.66,1950.73,3817.0
2024-01-02 21:38:00,1951.88,1953.5900000000001,1930.32,1932.6000000000001,6744.0
2024-01-02 21:39:00,1932.93,1944.41,1932.07,1942.51,7876.0
2024-01-02 21:40:00,1942.51,1943.3700000000001,1935.8700000000001,1938.51,8412.0
2024-01-02 21:41:00,1938.2,1939.57,1937.16,1939.17,7910.0
2024-01-02 21:42:00,1938.38,1941.25,1938.25,1939.47,2747.0
2024-01-02 21:43:00,1939.95,1947.42,1938.96,1945.68,6248.0
2024-01-02 21:44:00,1945.94,1946.89,1945.66,1946.52,2926.0
2024-01-02 21:45:00,1946.8,1947.26,1923.31,1924.38,7683.0
2024-01-02 21:46:00,1924.73,1933.96,1923.22,1931.88,4049.0
2024-01-02 21:47:00,1932.41,1933.19,1926.52,1928.99,7642.0
2024-01-02 21:48:00,1930.65,1941.07,1929.22,1939.82,8813.0
2024-01-02 21:49:00,1939.97,1941.5,1939.49,1940.6100000000001,1797.0
2024-01-02 21:50:00,1940.97,1947.83,1940.63,1946.94,7868.0
2024-01-02 21:51:00,1947.05,1952.7,1946.69,1951.1000000000001,7013.0
2024-01-02 21:52:00,1950.7,1972.21,1950.38,1971.26,7828.0
2024-01-02 21:53:00,1970.97,1970.98,1960.92,1962.5,1746.0
2024-01-02 21:54:00,1962.18,1962.95,1956.6200000000001,1957.51,3391.0
2024-01-02 21:55:00,1957.19,1958.33,1948.04,1950.8,6928.0
2024-01-02 21:56:00,1951.54,1951.58,1929.3500000000001,1931.93,5595.0
2024-01-02 21:57:00,1931.83,1932.04,1924.52,1925.57,8902.0
2024-01-02 21:58:00,1926.21,1927.0,1924.9,1926.1000000000001,2360.0
2024-01-02 21:59:00,1926.5,1944.05,1925.16,1941.76,2624.0
2024-01-02 22:00:00,1940.91,1941.1000000000001,1937.6000000000001,1939.74,3546.0
2024-01-02 22:01:00,1939.93,1940.0900000000001,1933.3500000000001,1934.71,5276.0
2024-01-02 22:02:00,1935.41,1943.29,1933.82,1943.22,3718.0
2024-01-02 22:03:00,1943.6100000000001,1949.15,1943.28,1949.1000000000001,2058.0
2024-01-02 22:04:00,1948.45,1953.41,1946.92,1951.18,1721.0
2024-01-02 22:05:00,1951.49,1952.05,1948.47,1949.8500000000001,5318.0
2024-01-02 22:06:00,1949.81,1957.29,1949.56,1954.4,2387.0
2024-01-02 22:07:00,1954.7,1956.3700000000001,1950.6100000000001,1950.64,3769.0
2024-01-02 22:08:00,1951.17,1958.76,1949.92,1956.45,1110.0
2024-01-02 22:09:00,1956.3500000000001,1956.93,1951.75,1953.53,1792.0
2024-01-02 22:10:00,1953.43,1953.75,1941.14,1943.92,4976.0
2024-01-02 22:11:00,1944.1200000000001,1947.43,1942.6000000000001,1944.66,3285.0
2024-01-02 22:12:00,1944.8600000000001,1955.67,1944.03,1954.02,4817.0
2024-01-02 22:13:00,1953.74,1961.66,1952.58,1961.15,3243.0
2024-01-02 22:14:00,1960.76,1963.96,1959.5900000000001,1962.66,2365.0
2024-01-02 22:15:00,1962.99,1966.8300000000002,1962.31,1966.78,2641.0
2024-01-02 22:16:00,1967.07,1976.3400000000001,1965.51,1974.7,4848.0
2024-01-02 22:17:00,1976.05,1977.3300000000002,1972.0,1974.19,4944.0
2024-01-02 22:18:00,1974.39,1979.67,1973.29,1978.0900000000001,2395.0
2024-01-02 22:19:00,1977.98,1978.96,1972.23,1973.56,3295.0
2024-01-02 22:20:00,1974.0900000000001,1974.27,1969.69,1971.8700000000001,3378.0
2024-01-02 22:21:00,1972.57,1973.41,1968.44,1969.2,4088.0
2024-01-02 22:22:00,1969.6000000000001,1969.66,1963.66,1964.55,4382.0
2024-01-02 22:23:00,1963.94,1977.96,1962.8500000000001,1976.07,3138.0
2024-01-02 22:24:00,1975.68,1975.71,1971.98,1973.07,5082.0
2024-01-02 22:25:00,1972.69,1973.27,1968.55,1970.63,5660.0
2024-01-02 22:26:00,1970.14,1976.63,1968.8400000000001,1975.6000000000001,2900.0
2024-01-02 22:27:00,1976.3,1976.53,1968.41,1968.73,3045.0
2024-01-02 22:28:00,1967.3,1972.38,1965.56,1970.54,2781.0
2024-01-02 22:29:00,1970.8500000000001,1975.5,1970.15,1973.5,3070.0
2024-01-02 22:30:00,1973.17,1976.91,1971.8500000000001,1974.5800000000002,3636.0
2024-01-02 22:31:00,1975.71,1977.06,1970.76,1972.44,4778.0
2024-01-02 22:32:00,1972.69,1981.24,1971.25,1980.73,4640.0
2024-01-02 22:33:00,1980.53,1986.07,1979.97,1984.3700000000001,3142.0
2024-01-02 22:34:00,1983.56,1983.99,1978.01,1978.2,2524.0
2024-01-02 22:35:00,1977.78,1978.42,1977.16,1977.73,3477.0
2024-01-02 22:36:00,1977.3700000000001,1978.25,1968.13,1968.56,1710.0
2024-01-02 22:37:00,1968.05,1978.22,1966.99,1976.31,2636.0
2024-01-02 22:38:00,1976.46,1983.18,1975.24,1981.6200000000001,1453.0
2024-01-02 22:39:00,1982.18,1983.8700000000001,1975.75,1976.4,5941.0
2024-01-02 22:40:00,1976.25,1985.45,1975.2,1984.45,5669.0
2024-01-02 22:41:00,1983.78,1983.81,1968.75,1971.17,5751.0
2024-01-02 22:42:00,1972.1200000000001,1972.8300000000002,1967.06,1968.38,3025.0
2024-01-02 22:43:00,1969.91,1977.26,1968.16,1976.71,2710.0
2024-01-02 22:44:00,1976.39,1979.1100000000001,1975.39,1976.8,3612.0
2024-01-02 22:45:00,1976.82,1980.51,1975.45,1980.1000000000001,4477.0
2024-01-02 22:46:00,1979.0900000000001,1980.27,1973.78,1976.68,4900.0
2024-01-02 22:47:00,1977.75,1977.76,1975.54,1976.25,4621.0
2024-01-02 22:48:00,1975.97,1979.75,1975.63,1978.74,3592.0
2024-01-02 22:49:00,1978.28,1985.73,1976.52,1982.82,1260.0
2024-01-02 22:50:00,1983.54,1988.82,1982.8400000000001,1987.71,2352.0
2024-01-02 22:51:00,1986.72,1986.93,1974.65,1977.25,4338.0
2024-01-02 22:52:00,1977.8700000000001,1980.51,1977.5,1979.14,3803.0
2024-01-02 22:53:00,1979.0800000000002,1980.65,1976.8600000000001,1977.27,5420.0
2024-01-02 22:54:00,1976.49,1977.79,1974.44,1975.51,1739.0
2024-01-02 22:55:00,1976.13,1976.8300000000002,1966.51,1969.29,1467.0
2024-01-02 22:56:00,1969.13,1974.02,1968.6100000000001,1971.78,2726.0
2024-01-02 22:57:00,1972.21,1973.81,1969.71,1971.42,1248.0
2024-01-02 22:58:00,1972.15,1976.8,1970.75,1974.78,3604.0
2024-01-02 22:59:00,1974.56,1978.68,1972.94,1976.6100000000001,5225.0
2024-01-02 23:00:00,1977.55,1984.15,1976.4,1983.88,3711.0
2024-01-02 23:01:00,1983.76,1984.47,1972.89,1975.39,5710.0
2024-01-02 23:02:00,1975.19,1975.8600000000001,1971.3,1972.81,2545.0
2024-01-02 23:03:00,1972.65,1978.5,1972.29,1977.3400000000001,4305.0
2024-01-02 23:04:00,1977.1100000000001,1978.52,1969.52,1969.8400000000001,2167.0
2024-01-02 23:05:00,1970.23,1973.43,1969.63,1971.29,2202.0
2024-01-02 23:06:00,1971.04,1972.18,1966.89,1968.95,5999.0
2024-01-02 23:07:00,1968.78,1975.68,1967.5900000000001,1974.0800000000002,2934.0
2024-01-02 23:08:00,1973.92,1975.3,1973.4,1974.43,5735.0
2024-01-02 23:09:00,1974.04,1974.07,1971.63,1972.1100000000001,1870.0
2024-01-02 23:10:00,1971.79,1982.91,1970.96,1981.8300000000002,3349.0
2024-01-02 23:11:00,1981.2,1982.53,1977.3300000000002,1979.81,2592.0
2024-01-02 23:12:00,1979.8400000000001,1986.7,1978.57,1984.95,2571.0
2024-01-02 23:13:00,1984.88,1986.8700000000001,1984.1000000000001,1986.76,5768.0
2024-01-02 23:14:00,1987.53,1987.6100000000001,1977.38,1980.23,4310.0
2024-01-02 23:15:00,1980.04,1987.07,1979.54,1985.0800000000002,1911.0
2024-01-02 23:16:00,1984.74,1984.96,1976.26,1976.81,4862.0
2024-01-02 23:17:00,1976.3700000000001,1977.8,1972.5800000000002,1973.8400000000001,5992.0
2024-01-02 23:18:00,1974.19,1975.95,1970.0800000000002,1971.16,1511.0
2024-01-02 23:19:00,1970.47,1971.57,1967.3500000000001,1968.3700000000001,3714.0
2024-01-02 23:20:00,1968.28,1968.79,1960.3400000000001,1960.49,2426.0
2024-01-02 23:21:00,1959.74,1960.42,1952.3500000000001,1955.03,4097.0
2024-01-02 23:22:00,1954.83,1958.28,1953.6200000000001,1955.88,4924.0
2024-01-02 23:23:00,1956.6200000000001,1958.07,1951.47,1954.39,28781.610538772115
2024-01-02 23:24:00,1953.32,1954.55,1943.8700000000001,1946.6200000000001,2871.0
2024-01-02 23:25:00,1947.7,1948.54,1945.33,1946.99,4013.0
2024-01-02 23:26:00,1947.3,1957.01,1947.15,1956.01,4638.0
2024-01-02 23:27:00,1956.0900000000001,1957.08,1947.42,1948.3700000000001,1082.0
2024-01-02 23:28:00,1948.31,1948.72,1937.9,1939.8,4649.0
2024-01-02 23:29:00,1939.44,1940.81,1938.91,1939.76,5283.0
2024-01-02 23:30:00,1939.5900000000001,1939.8700000000001,1926.5,1929.39,1315.0
2024-01-02 23:31:00,1929.69,1940.8700000000001,1928.26,1939.65,3769.0
2024-01-02 23:32:00,1938.5,1940.13,1931.96,1933.47,5271.0
2024-01-02 23:33:00,1933.24,1934.81,1925.8500000000001,1925.98,5400.0
2024-01-02 23:34:00,1925.38,1926.68,1919.41,1920.88,1749.0
2024-01-02 23:35:00,1920.81,1921.94,1913.6200000000001,1915.42,1183.0
2024-01-02 23:36:00,1915.3700000000001,1926.89,1914.25,1924.0900000000001,4722.0
2024-01-02 23:37:00,1923.67,1932.06,1922.8400000000001,1930.38,3922.0
2024-01-02 23:38:00,1930.5900000000001,1940.4,1929.68,1940.25,4266.0
2024-01-02 23:39:00,1940.1000000000001,1952.72,1939.77,1950.32,2237.0
2024-01-02 23:40:00,1949.76,1950.5,1942.78,1943.05,2765.0
2024-01-02 23:41:00,1941.82,1943.38,1941.05,1941.4,2047.0
2024-01-02 23:42:00,1941.65,1942.42,1938.31,1938.48,3825.0
2024-01-02 23:43:00,1938.57,1939.8400000000001,1934.48,1937.26,1882.0
2024-01-02 23:44:00,1937.46,1938.39,1928.5,1930.72,5155.0
2024-01-02 23:45:00,1931.41,1937.0,1930.5,1936.42,2193.0
2024-01-02 23:46:00,1937.42,1938.93,1928.5900000000001,1930.1200000000001,2097.0
2024-01-02 23:47:00,1930.15,1930.54,1925.9,1927.19,2923.0
2024-01-02 23:48:00,1927.8500000000001,1938.6100000000001,1926.29,1938.01,5582.0
2024-01-02 23:49:00,1937.92,1945.74,1937.39,1945.45,3222.0
2024-01-02 23:50:00,1946.01,1946.6200000000001,1943.27,1943.3,1357.0
2024-01-02 23:51:00,1943.06,1944.33,1939.44,1940.9,4688.0
2024-01-02 23:52:00,1939.95,1942.99,1938.6200000000001,1941.4,3027.0
2024-01-02 23:53:00,1941.38,1941.8500000000001,1936.28,1938.3500000000001,5635.0
2024-01-02 23:54:00,1937.77,1944.26,1936.06,1942.43,1017.0
2024-01-02 23:55:00,1942.22,1949.96,1940.65,1947.17,2427.0
2024-01-02 23:56:00,1947.78,1961.44,1947.49,1959.22,2305.0
2024-01-02 23:57:00,1959.45,1960.05,1958.66,1958.77,3147.0
2024-01-02 23:58:00,1958.31,1959.71,1954.14,1955.02,3778.0
2024-01-02 23:59:00,1955.47,1957.23,1951.3400000000001,1953.73,3040.0
2024-01-03 00:00:00,1953.5900000000001,1955.66,1952.8600000000001,1954.54,1871.0
2024-01-03 00:01:00,1954.51,1955.29,1949.47,1951.18,5660.0
2024-01-03 00:02:00,1950.46,1951.44,1947.1100000000001,1949.58,5879.0
2024-01-03 00:03:00,1950.33,1955.16,1949.8500000000001,1954.29,4853.0
2024-01-03 00:04:00,1955.72,1957.43,1948.04,1948.8500000000001,1809.0
2024-01-03 00:05:00,1948.39,1948.8600000000001,1941.71,1942.14,3940.0
2024-01-03 00:06:00,1942.4,1953.0900000000001,1941.51,1950.56,1525.0
2024-01-03 00:07:00,1951.02,1961.29,1951.02,1959.21,4226.0
2024-01-03 00:08:00,1958.42,1970.07,1956.98,1967.51,2135.0
2024-01-03 00:09:00,1966.4,1967.64,1958.28,1959.8400000000001,5740.0
2024-01-03 00:10:00,1959.47,1959.95,1954.49,1956.69,1050.0
2024-01-03 00:11:00,1956.3700000000001,1958.01,1950.89,1951.38,1526.0
2024-01-03 00:12:00,1951.2,1959.55,1950.14,1958.98,1935.0
2024-01-03 00:13:00,1958.47,1958.76,1947.18,1947.45,5295.0
2024-01-03 00:14:00,1946.5900000000001,1947.44,1941.3500000000001,1943.3700000000001,3140.0
2024-01-03 00:15:00,1942.99,1948.73,1941.39,1945.8700000000001,1885.0
2024-01-03 00:16:00,1945.56,1955.91,1944.3,1955.03,4098.0
2024-01-03 00:17:00,1955.41,1957.72,1955.06,1956.24,1532.0
2024-01-03 00:18:00,1956.18,1956.2,1952.98,1955.41,4322.0
2024-01-03 00:19:00,1955.25,1956.14,1948.1000000000001,1950.43,2525.0
2024-01-03 00:20:00,1950.51,1956.9,1949.96,1954.66,3234.0
2024-01-03 00:21:00,1955.26,1965.88,1954.1200000000001,1963.32,4849.0
2024-01-03 00:22:00,1962.3700000000001,1963.03,1959.89,1961.31,3378.0
2024-01-03 00:23:00,1961.49,1967.21,1960.63,1967.18,5224.0
2024-01-03 00:24:00,1967.56,1972.42,1966.08,1970.71,4271.0
2024-01-03 00:25:00,1971.8600000000001,1974.23,1971.07,1972.14,5810.0
2024-01-03 00:26:00,1972.48,1976.54,1970.82,1974.3,4289.0
2024-01-03 00:27:00,1973.57,1974.26,1971.1100000000001,1972.89,4122.0
2024-01-03 00:28:00,1973.14,1975.8700000000001,1972.51,1975.3700000000001,3850.0
2024-01-03 00:29:00,1975.46,1984.65,1974.68,1981.98,2324.0
2024-01-03 00:30:00,1981.52,1983.17,1978.98,1980.77,4917.0
2024-01-03 00:31:00,1980.48,1982.26,1972.81,1973.5900000000001,5464.0
2024-01-03 00:32:00,1973.95,1974.6200000000001,1972.21,1972.44,3502.0
2024-01-03 00:33:00,1971.8700000000001,1973.29,1966.3700000000001,1968.97,2449.0
2024-01-03 00:34:00,1968.63,1974.8400000000001,1967.46,1974.72,3545.0
2024-01-03 00:35:00,1975.3700000000001,1987.69,1973.6200000000001,1986.8400000000001,4080.0
2024-01-03 00:36:00,1988.16,1997.79,1987.89,1995.19,5696.0
2024-01-03 00:37:00,1996.64,1999.49,1996.54,1998.25,1881.0
2024-01-03 00:38:00,1998.3,1999.76,1995.07,1996.48,3810.0
2024-01-03 00:39:00,1995.93,1997.72,1988.95,1990.25,2300.0
2024-01-03 00:40:00,1990.64,1992.0900000000001,1984.39,1985.7,1527.0
2024-01-03 00:41:00,1986.3400000000001,1990.8700000000001,1984.64,1988.47,4525.0
2024-01-03 00:42:00,1988.4,1988.56,1980.52,1981.63,2236.0
2024-01-03 00:43:00,1980.92,1982.24,1977.07,1978.8400000000001,2546.0
2024-01-03 00:44:00,1977.81,1978.25,1967.0,1968.78,3951.0
2024-01-03 00:45:00,1968.97,1973.48,1967.73,1973.28,4144.0
2024-01-03 00:46:00,1974.42,1983.72,1973.75,1982.89,5686.0
2024-01-03 00:47:00,1984.1100000000001,1996.39,1984.1100000000001,1995.65,5770.0
2024-01-03 00:48:00,1995.71,1995.94,1988.52,1990.42,1256.0
2024-01-03 00:49:00,1992.21,1992.48,1986.6100000000001,1988.52,5838.0
2024-01-03 00:50:00,1988.19,1996.7,1987.43,1995.3,2942.0
2024-01-03 00:51:00,1996.27,1996.3300000000002,1992.27,1995.02,1400.0
2024-01-03 00:52:00,1994.89,1997.39,1994.31,1995.96,3525.0
2024-01-03 00:53:00,1995.73,1996.3300000000002,1988.72,1990.18,4170.0
2024-01-03 00:54:00,1989.31,1992.3500000000001,1987.68,1989.38,2020.0
2024-01-03 00:55:00,1987.64,1989.07,1986.45,1987.31,1558.0
2024-01-03 00:56:00,1987.3300000000002,1991.24,1987.31,1989.52,5361.0
2024-01-03 00:57:00,1989.46,1990.01,1985.63,1987.22,3432.0
2024-01-03 00:58:00,1986.96,1989.53,1986.8700000000001,1989.17,4443.0
2024-01-03 00:59:00,1988.7,1993.91,1987.97,1992.78,3633.0
2024-01-03 01:00:00,1992.3400000000001,1992.7,1980.49,1983.26,3254.0
2024-01-03 01:01:00,1983.94,1993.77,1983.92,1991.1100000000001,4662.0
2024-01-03 01:02:00,1991.47,1994.3400000000001,1990.98,1993.9,2211.0
2024-01-03 01:03:00,1995.21,1998.99,1993.97,1996.4,1377.0
2024-01-03 01:04:00,1995.32,1999.73,1994.97,1998.8300000000002,4910.0
2024-01-03 01:05:00,1999.0800000000002,2000.25,1995.02,1997.8700000000001,1426.0
2024-01-03 01:06:00,1997.98,1998.71,1993.93,1996.51,4755.0
2024-01-03 01:07:00,1997.8300000000002,1998.15,1993.82,1994.1100000000001,3692.0
2024-01-03 01:08:00,1994.68,2006.47,1992.96,2004.13,4279.0
2024-01-03 01:09:00,2005.16,2024.0900000000001,2004.97,2021.3,4114.0
2024-01-03 01:10:00,2021.7,2022.45,2002.73,2005.41,1662.0
2024-01-03 01:11:00,2004.71,2010.3500000000001,2003.13,2008.56,4453.0
2024-01-03 01:12:00,2007.6000000000001,2019.02,2005.9,2016.4,3360.0
2024-01-03 01:13:00,2015.6000000000001,2016.43,2012.07,2013.41,2363.0
2024-01-03 01:14:00,2012.94,2013.74,2012.77,2012.94,2695.0
2024-01-03 01:15:00,2011.92,2019.51,2011.32,2018.2,3842.0
2024-01-03 01:16:00,2018.69,2019.5,2014.5800000000002,2014.72,3285.0
2024-01-03 01:17:00,2014.49,2018.06,2013.7,2016.28,2226.0
2024-01-03 01:18:00,2016.46,2017.8400000000001,2015.56,2017.14,2173.0
2024-01-03 01:19:00,2017.48,2017.79,2015.3400000000001,2017.42,3835.0
2024-01-03 01:20:00,2017.5800000000002,2017.76,2011.38,2011.96,3768.0
2024-01-03 01:21:00,2012.1200000000001,2017.03,2010.66,2015.29,3891.0
2024-01-03 01:22:00,2016.06,2019.1100000000001,2014.8,2017.1100000000001,5033.0
2024-01-03 01:23:00,2017.47,2020.91,2017.43,2020.3600000000001,4140.0
2024-01-03 01:24:00,2020.47,2025.16,2018.88,2025.0900000000001,5940.0
2024-01-03 01:25:00,2025.77,2025.8,2012.72,2012.78,1304.0
2024-01-03 01:26:00,2013.74,2014.02,2007.43,2009.32,2285.0
2024-01-03 01:27:00,2009.25,2015.2,2007.76,2012.21,1281.0
2024-01-03 01:28:00,2012.32,2012.71,2005.95,2007.8400000000001,3431.0
2024-01-03 01:29:00,2008.0,2008.6200000000001,1992.88,1993.0,4221.0
2024-01-03 01:30:00,1992.27,1994.91,1991.44,1992.71,5799.0
2024-01-03 01:31:00,1993.7,1994.25,1986.21,1987.81,2793.0
2024-01-03 01:32:00,1987.8400000000001,1993.8700000000001,1986.22,1991.91,3093.0
2024-01-03 01:33:00,1992.67,1998.1000000000001,1991.64,1996.41,3115.0
2024-01-03 01:34:00,1995.97,2005.1200000000001,1994.89,2004.1200000000001,1710.0
2024-01-03 01:35:00,2003.39,2004.1100000000001,1992.51,1994.43,3343.0
2024-01-03 01:36:00,1992.76,1992.79,1989.22,1989.57,4492.0
2024-01-03 01:37:00,1990.06,1990.74,1988.5,1990.23,2133.0
2024-01-03 01:38:00,1990.02,1990.67,1978.3600000000001,1980.5800000000002,5878.0
2024-01-03 01:39:00,1981.25,1992.13,1980.81,1990.1100000000001,1699.0
2024-01-03 01:40:00,1990.48,1991.77,1984.5800000000002,1984.97,5415.0
2024-01-03 01:41:00,1985.2,1996.19,1984.92,1995.82,5746.0
2024-01-03 01:42:00,1996.38,1998.17,1994.6200000000001,1996.74,2271.0
2024-01-03 01:43:00,1997.01,2002.93,1995.76,2002.22,5840.0
2024-01-03 01:44:00,2003.07,2007.6000000000001,2001.95,2004.6100000000001,5374.0
2024-01-03 01:45:00,2004.97,2005.6200000000001,1998.8300000000002,2001.38,3272.0
2024-01-03 01:46:00,2001.92,2009.43,2001.1200000000001,2008.05,3973.0
2024-01-03 01:47:00,2008.53,2014.66,2007.03,2013.69,5955.0
2024-01-03 01:48:00,2013.92,2019.82,2012.8300000000002,2019.3,4357.0
2024-01-03 01:49:00,2019.13,2019.79,2016.6000000000001,2016.65,3187.0
2024-01-03 01:50:00,2017.23,2017.72,2008.46,2011.31,4874.0
2024-01-03 01:51:00,2012.63,2013.07,2010.74,2011.19,5382.0
2024-01-03 01:52:00,2010.41,2016.8600000000001,2010.16,2016.46,5420.0
2024-01-03 01:53:00,2015.2,2030.41,2014.56,2029.2,3471.0
2024-01-03 01:54:00,2028.82,2029.0,2027.0800000000002,2028.99,5310.0
2024-01-03 01:55:00,2029.3500000000001,2029.81,2022.43,2024.1000000000001,4783.0
2024-01-03 01:56:00,2023.3600000000001,2031.69,2023.02,2031.27,4121.0
2024-01-03 01:57:00,2031.74,2037.17,2031.25,2036.54,3372.0
2024-01-03 01:58:00,2037.29,2044.28,2036.31,2042.92,2522.0
2024-01-03 01:59:00,2043.6200000000001,2044.03,2038.3400000000001,2038.39,1080.0
2024-01-03 02:00:00,2039.56,2042.8600000000001,2038.06,2040.72,1342.0
2024-01-03 02:01:00,2040.26,2042.32,2038.98,2042.01,5375.0
2024-01-03 02:02:00,2042.53,2043.28,2042.1000000000001,2042.91,3937.0
2024-01-03 02:03:00,2043.05,2043.1000000000001,2033.82,2036.0,4224.0
2024-01-03 02:04:00,2034.94,2035.9,2033.9,2034.66,4139.0
2024-01-03 02:05:00,2033.96,2037.68,2032.42,2036.8400000000001,4055.0
2024-01-03 02:06:00,2036.22,2038.04,2029.8300000000002,2030.49,5829.0
2024-01-03 02:07:00,2031.03,2034.65,2030.45,2033.67,1702.0
2024-01-03 02:08:00,2033.54,2034.95,2028.73,2030.3,5856.0
2024-01-03 02:09:00,2030.9,2032.18,2021.7,2024.5800000000002,4060.0
2024-01-03 02:10:00,2024.94,2027.9,2023.42,2026.56,1927.0
2024-01-03 02:11:00,2027.06,2036.8300000000002,2025.7,2034.5,4970.0
2024-01-03 02:12:00,2034.66,2044.29,2033.15,2041.41,3734.0
2024-01-03 02:13:00,2040.69,2045.06,2038.91,2044.89,4302.0
2024-01-03 02:14:00,2045.4,2055.91,2045.0900000000001,2053.05,4235.0
2024-01-03 02:15:00,2052.39,2056.06,2050.92,2055.32,5880.0
2024-01-03 02:16:00,2055.7200000000003,2070.4,2054.68,2067.63,5043.0
2024-01-03 02:17:00,2067.93,2068.7200000000003,2058.89,2060.06,2945.0
2024-01-03 02:18:00,2060.9700000000003,2061.64,2049.67,2051.19,2332.0
2024-01-03 02:19:00,2050.31,2051.12,2043.95,2044.31,1244.0
2024-01-03 02:20:00,2044.52,2045.98,2037.8600000000001,2040.78,1284.0
2024-01-03 02:21:00,2041.99,2048.35,2040.98,2047.18,4287.0
2024-01-03 02:22:00,2046.76,2049.26,2045.8500000000001,2047.02,4181.0
2024-01-03 02:23:00,2045.67,2047.24,2036.66,2038.81,4329.0
2024-01-03 02:24:00,2038.9,2049.64,2037.79,2047.56,5877.0
2024-01-03 02:25:00,2047.27,2047.78,2036.94,2038.24,1158.0
2024-01-03 02:26:00,2038.96,2041.6000000000001,2038.75,2040.39,2039.0
2024-01-03 02:27:00,2039.7,2040.79,2028.75,2029.54,2922.0
2024-01-03 02:28:00,2029.25,2030.88,2026.98,2027.52,2288.0
2024-01-03 02:29:00,2026.51,2027.29,2020.0900000000001,2020.1100000000001,1419.0
2024-01-03 02:30:00,2019.8700000000001,2019.95,2008.98,2011.5800000000002,4241.0
2024-01-03 02:31:00,2011.45,2012.03,2004.48,2007.14,3112.0
2024-01-03 02:32:00,2006.15,2009.64,2005.01,2006.98,1996.0
2024-01-03 02:33:00,2006.78,2013.38,2005.66,2013.22,2159.0
2024-01-03 02:34:00,2013.74,2017.01,2011.95,2014.53,2927.0
2024-01-03 02:35:00,2014.55,2023.99,2013.43,2021.26,1718.0
2024-01-03 02:36:00,2021.65,2023.43,2017.67,2019.16,4561.0
2024-01-03 02:37:00,2020.43,2020.69,2013.8600000000001,2014.82,2718.0
2024-01-03 02:38:00,2014.39,2014.5800000000002,2009.63,2012.27,1242.0
2024-01-03 02:39:00,2011.6100000000001,2021.0,2009.8700000000001,2018.66,2554.0
2024-01-03 02:40:00,2019.17,2020.73,2011.45,2011.8500000000001,3382.0
2024-01-03 02:41:00,2012.25,2013.8400000000001,2003.06,2005.73,1323.0
2024-01-03 02:42:00,2004.92,2010.3700000000001,2003.3600000000001,2009.3600000000001,2137.0
2024-01-03 02:43:00,2008.5,2008.63,2000.3700000000001,2000.56,1781.0
2024-01-03 02:44:00,2000.3500000000001,2000.97,1995.0800000000002,1997.1200000000001,2652.0
2024-01-03 02:45:00,1996.47,2001.95,1995.77,1998.96,2879.0
2024-01-03 02:46:00,1999.3700000000001,2004.49,1998.76,2002.1200000000001,4385.0
2024-01-03 02:47:00,2001.8300000000002,2002.88,1995.92,1997.48,2784.0
2024-01-03 02:48:00,1996.96,2005.76,1996.47,2003.2,4140.0
2024-01-03 02:49:00,2003.32,2004.66,2001.93,2002.04,5255.0
2024-01-03 02:50:00,2001.95,2016.0,2000.73,2015.54,4502.0
2024-01-03 02:51:00,2015.98,2016.9,2006.57,2008.66,3307.0
2024-01-03 02:52:00,2009.47,2016.3300000000002,2007.92,2014.53,5539.0
2024-01-03 02:53:00,2014.19,2014.3700000000001,2007.42,2010.02,3031.0
2024-01-03 02:54:00,2010.1200000000001,2011.75,2003.56,2005.93,2434.0
2024-01-03 02:55:00,2006.24,2016.52,2005.39,2013.74,2901.0
2024-01-03 02:56:00,2013.66,2020.2,2011.99,2017.92,1310.0
2024-01-03 02:57:00,2018.01,2019.46,2007.6200000000001,2009.6200000000001,3168.0
2024-01-03 02:58:00,2010.04,2011.69,1997.04,1997.32,5354.0
2024-01-03 02:59:00,1997.26,1997.39,1995.51,1996.43,3990.0
2024-01-03 03:00:00,1996.22,2004.75,1995.98,2004.0800000000002,3320.0
2024-01-03 03:01:00,2004.5800000000002,2011.23,2004.39,2011.23,4917.0
2024-01-03 03:02:00,2011.67,2013.3300000000002,2008.64,2009.3,1938.0
2024-01-03 03:03:00,2008.43,2010.6000000000001,2008.19,2010.4,1275.0
2024-01-03 03:04:00,2008.56,2009.66,2007.26,2009.07,3195.0
2024-01-03 03:05:00,2008.21,2009.0900000000001,2004.05,2005.47,3289.0
2024-01-03 03:06:00,2004.63,2006.19,1999.48,1999.55,5479.0
2024-01-03 03:07:00,1997.01,1997.91,1996.22,1997.88,5655.0
2024-01-03 03:08:00,1997.71,1998.57,1994.9,1995.81,3418.0
2024-01-03 03:09:00,1995.65,2001.54,1994.38,2001.26,5158.0
2024-01-03 03:10:00,2000.96,2001.6200000000001,1989.06,1991.82,3461.0
2024-01-03 03:11:00,1991.94,1996.9,1991.54,1995.19,4870.0
2024-01-03 03:12:00,1995.3700000000001,1995.44,1986.4,1987.03,3827.0
2024-01-03 03:13:00,1987.8700000000001,1992.29,1987.72,1990.88,4529.0
2024-01-03 03:14:00,1991.65,1994.88,1990.77,1994.44,4044.0
2024-01-03 03:15:00,1995.26,2002.8,1994.51,2002.29,1060.0
2024-01-03 03:16:00,2002.1000000000001,2015.44,2001.73,2015.24,4213.0
2024-01-03 03:17:00,2015.47,2016.0900000000001,2004.79,2006.68,1606.0
2024-01-03 03:18:00,2007.3,2009.02,2005.49,2007.22,3532.0
2024-01-03 03:19:00,2006.95,2008.05,1999.79,2000.29,4131.0
2024-01-03 03:20:00,2000.42,2000.63,1999.55,1999.99,3208.0
2024-01-03 03:21:00,2001.1000000000001,2005.82,1999.44,2004.9,5369.0
2024-01-03 03:22:00,2004.81,2005.24,2001.6200000000001,2002.13,3678.0
2024-01-03 03:23:00,2002.49,2013.79,2001.1100000000001,2011.38,3820.0
2024-01-03 03:24:00,2012.22,2013.13,2008.98,2009.1200000000001,1848.0
2024-01-03 03:25:00,2008.07,2017.46,2006.8600000000001,2016.69,1000.0
2024-01-03 03:26:00,2016.66,2018.14,2007.55,2008.38,1536.0
2024-01-03 03:27:00,2008.99,2015.3700000000001,2007.38,2012.57,1172.0
2024-01-03 03:28:00,2012.2,2013.3400000000001,2001.91,2003.77,1032.0
2024-01-03 03:29:00,2004.0,2004.1100000000001,1997.75,1998.53,1767.0
2024-01-03 03:30:00,1998.91,2009.81,1998.57,2008.02,2645.0
2024-01-03 03:31:00,2007.7,2007.8700000000001,2007.42,2007.8300000000002,4302.0
2024-01-03 03:32:00,2008.27,2018.99,2008.07,2016.24,3949.0
2024-01-03 03:33:00,2016.16,2016.8600000000001,2015.07,2016.1100000000001,5420.0
2024-01-03 03:34:00,2016.38,2033.18,2015.8500000000001,2032.48,2717.0
2024-01-03 03:35:00,2032.03,2038.26,2030.3500000000001,2036.88,1095.0
2024-01-03 03:36:00,2036.8,2038.15,2036.05,2036.55,4343.0
2024-01-03 03:37:00,2036.29,2036.3300000000002,2033.5,2034.51,3717.0
2024-01-03 03:38:00,2035.45,2036.53,2022.3,2024.1000000000001,4914.0
2024-01-03 03:39:00,2023.74,2029.43,2023.06,2029.24,4574.0
2024-01-03 03:40:00,2029.18,2038.72,2028.5800000000002,2036.3,2036.0
2024-01-03 03:41:00,2037.3500000000001,2037.5800000000002,2032.03,2033.31,1691.0
2024-01-03 03:42:00,2032.48,2032.54,2028.65,2029.64,1809.0
2024-01-03 03:43:00,2030.07,2045.23,2029.8300000000002,2044.06,1572.0
2024-01-03 03:44:00,2044.3,2051.35,2042.91,2049.73,3330.0
2024-01-03 03:45:00,2049.56,2050.69,2043.74,2046.04,4760.0
2024-01-03 03:46:00,2045.98,2055.83,2045.03,2054.35,3071.0
2024-01-03 03:47:00,2054.83,2064.68,2053.68,2062.73,2712.0
2024-01-03 03:48:00,2062.36,2064.28,2061.8,2063.04,3394.0
2024-01-03 03:49:00,2062.27,2063.98,2055.84,2058.4700000000003,5490.0
2024-01-03 03:50:00,2058.31,2059.0,2057.54,2057.7200000000003,3211.0
2024-01-03 03:51:00,2056.67,2069.87,2055.08,2067.4900000000002,4668.0
2024-01-03 03:52:00,2066.55,2066.89,2055.67,2058.71,4182.0
2024-01-03 03:53:00,2058.81,2060.09,2056.44,2058.05,2730.0
2024-01-03 03:54:00,2057.87,2058.43,2054.45,2056.83,1737.0
2024-01-03 03:55:00,2056.25,2067.35,2056.05,2065.45,4244.0
2024-01-03 03:56:00,2065.89,2067.59,2062.23,2063.58,5517.0
2024-01-03 03:57:00,2063.34,2065.11,2056.1,2056.41,4673.0
2024-01-03 03:58:00,2056.52,2062.61,2054.81,2060.23,4647.0
2024-01-03 03:59:00,2060.54,2061.21,2053.63,2054.65,4325.0
2024-01-03 04:00:00,2053.51,2059.96,2053.03,2058.91,4644.0
2024-01-03 04:01:00,2058.86,2058.89,2054.96,2057.16,2133.0
2024-01-03 04:02:00,2057.18,2057.59,2047.49,2048.43,4201.0
2024-01-03 04:03:00,2048.02,2054.82,2047.3600000000001,2052.7200000000003,4462.0
2024-01-03 04:04:00,2052.53,2060.77,2052.14,2059.13,2806.0
2024-01-03 04:05:00,2058.45,2066.7400000000002,2058.02,2064.7200000000003,5752.0
2024-01-03 04:06:00,2064.39,2066.04,2059.65,2061.5,4844.0
2024-01-03 04:07:00,2060.76,2068.62,2059.01,2065.54,3246.0
2024-01-03 04:08:00,2064.34,2075.4700000000003,2062.64,2073.57,3686.0
2024-01-03 04:09:00,2073.71,2075.55,2071.07,2071.56,4905.0
2024-01-03 04:10:00,2071.28,2079.33,2069.59,2078.45,4733.0
2024-01-03 04:11:00,2079.16,2080.04,2070.9900000000002,2073.71,3130.0
2024-01-03 04:12:00,2073.2200000000003,2073.96,2072.86,2073.31,5451.0
2024-01-03 04:13:00,2073.86,2074.05,2071.94,2072.84,1427.0
2024-01-03 04:14:00,2071.96,2072.55,2068.19,2070.63,4933.0
2024-01-03 04:15:00,2070.12,2071.05,2069.59,2070.7200000000003,4631.0
2024-01-03 04:16:00,2071.7,2081.21,2071.41,2078.87,2618.0
2024-01-03 04:17:00,2080.41,2085.9,2079.66,2084.7400000000002,2630.0
2024-01-03 04:18:00,2084.95,2091.14,2084.58,2090.2,3410.0
2024-01-03 04:19:00,2090.18,2093.36,2089.18,2092.33,2144.0
2024-01-03 04:20:00,2091.9700000000003,2102.38,2090.86,2102.31,2501.0
2024-01-03 04:21:00,2103.06,2107.81,2102.41,2106.87,5615.0
2024-01-03 04:22:00,2106.83,2109.7,2105.05,2107.91,3007.0
2024-01-03 04:23:00,2107.87,2108.52,2097.56,2100.07,3921.0
2024-01-03 04:24:00,2100.23,2101.86,2087.45,2088.46,3532.0
2024-01-03 04:25:00,2087.9900000000002,2089.59,2079.65,2080.63,2015.0
2024-01-03 04:26:00,2081.05,2082.89,2079.59,2082.1,2638.0
2024-01-03 04:27:00,2082.8,2083.73,2080.75,2082.32,5028.0
2024-01-03 04:28:00,2082.42,2087.2,2080.76,2084.2,1546.0
2024-01-03 04:29:00,2082.4900000000002,2088.66,2081.58,2088.41,1809.0
2024-01-03 04:30:00,2088.9900000000002,2090.69,2084.88,2086.9700000000003,4196.0
2024-01-03 04:31:00,2086.52,2096.63,2084.98,2095.07,1469.0
2024-01-03 04:32:00,2094.82,2099.9,2094.03,2099.51,1280.0
2024-01-03 04:33:00,2099.0,2108.15,2098.4,2106.44,4378.0
2024-01-03 04:34:00,2105.98,2106.7400000000002,2096.83,2097.63,4251.0
2024-01-03 04:35:00,2097.93,2102.9,2097.46,2102.6,5034.0
2024-01-03 04:36:00,2101.83,2103.53,2085.76,2085.96,2651.0
2024-01-03 04:37:00,2087.13,2093.92,2086.88,2092.4700000000003,1972.0
2024-01-03 04:38:00,2091.89,2097.92,2091.23,2096.7200000000003,4776.0
2024-01-03 04:39:00,2096.68,2101.79,2096.11,2101.06,4582.0
2024-01-03 04:40:00,2100.8,2111.78,2099.71,2109.66,4049.0
2024-01-03 04:41:00,2109.56,2110.06,2106.6,2107.95,1320.0
2024-01-03 04:42:00,2108.88,2110.08,2095.93,2098.13,2379.0
2024-01-03 04:43:00,2097.63,2099.45,2090.83,2093.0,1379.0
2024-01-03 04:44:00,2092.56,2093.16,2085.2200000000003,2088.09,3328.0
2024-01-03 04:45:00,2088.19,2088.81,2083.44,2085.35,5602.0
2024-01-03 04:46:00,2086.15,2086.78,2084.44,2085.54,3204.0
2024-01-03 04:47:00,2085.52,2090.11,2085.4700000000003,2088.37,4004.0
2024-01-03 04:48:00,2088.11,2089.32,2083.96,2085.68,4261.0
2024-01-03 04:49:00,2085.62,2094.57,2084.28,2092.32,3854.0
2024-01-03 04:50:00,2091.89,2092.56,2084.48,2087.31,3633.0
2024-01-03 04:51:00,2088.09,2101.94,2087.31,2098.82,3778.0
2024-01-03 04:52:00,2099.2,2100.3,2098.03,2099.33,3585.0
2024-01-03 04:53:00,2099.91,2104.38,2098.87,2103.5,1405.0
2024-01-03 04:54:00,2102.59,2102.65,2094.8,2095.25,3659.0
2024-01-03 04:55:00,2094.42,2095.42,2080.81,2081.51,5694.0
2024-01-03 04:56:00,2082.14,2093.23,2081.7200000000003,2091.04,4178.0
2024-01-03 04:57:00,2091.3,2100.4700000000003,2091.2,2098.82,3909.0
2024-01-03 04:58:00,2097.95,2101.44,2097.76,2100.93,4494.0
2024-01-03 04:59:00,2100.21,2100.93,2095.5,2096.31,2237.0
2024-01-03 05:00:00,2097.02,2104.79,2096.23,2102.43,2959.0
2024-01-03 05:01:00,2102.18,2102.52,2094.77,2096.26,1173.0
2024-01-03 05:02:00,2096.03,2098.13,2095.79,2098.03,3346.0
2024-01-03 05:03:00,2097.91,2099.14,2091.17,2094.25,8253.37950892568
2024-01-03 05:04:00,2094.1,2100.19,2093.63,2098.33,5833.0
2024-01-03 05:05:00,2098.4700000000003,2098.9,2090.3,2092.84,3657.0
2024-01-03 05:06:00,2093.1,2093.63,2090.87,2092.71,4593.0
2024-01-03 05:07:00,2091.8,2093.06,2087.0,2087.62,3247.0
2024-01-03 05:08:00,2086.5,2091.6,2085.57,2088.85,4377.0
2024-01-03 05:09:00,2088.4,2089.64,2084.03,2086.78,4764.0
2024-01-03 05:10:00,2086.76,2094.5,2085.7,2093.23,4742.0
2024-01-03 05:11:00,2093.2400000000002,2094.94,2092.92,2094.91,1221.0
2024-01-03 05:12:00,2095.19,2096.13,2086.07,2087.53,3708.0
2024-01-03 05:13:00,2087.68,2088.18,2083.89,2084.67,3652.0
2024-01-03 05:14:00,2085.13,2091.4,2084.23,2088.91,1528.0
2024-01-03 05:15:00,2088.95,2090.45,2084.2400000000002,2084.82,3036.0
2024-01-03 05:16:00,2085.08,2085.77,2078.45,2080.9700000000003,2841.0
2024-01-03 05:17:00,2081.0,2087.9700000000003,2079.32,2087.46,5416.0
2024-01-03 05:18:00,2087.67,2090.46,2086.75,2088.61,5702.0
2024-01-03 05:19:00,2088.42,2089.38,2080.0,2082.03,3512.0
2024-01-03 05:20:00,2082.8,2095.4700000000003,2081.1,2094.82,3210.0
2024-01-03 05:21:00,2094.31,2095.65,2092.57,2092.9700000000003,5781.0
2024-01-03 05:22:00,2091.79,2112.52,2090.54,2110.66,2091.0
2024-01-03 05:23:00,2109.28,2110.17,2103.7200000000003,2105.69,3969.0
2024-01-03 05:24:00,2104.52,2112.45,2103.35,2109.62,2621.0
2024-01-03 05:25:00,2110.02,2111.4,2108.15,2110.37,2730.0
2024-01-03 05:26:00,2111.05,2111.09,2106.7400000000002,2109.64,1300.0
2024-01-03 05:27:00,2110.07,2110.18,2093.53,2094.76,2894.0
2024-01-03 05:28:00,2093.77,2102.02,2092.78,2099.35,3236.0
2024-01-03 05:29:00,2098.41,2102.4700000000003,2098.05,2100.0,5802.0
2024-01-03 05:30:00,2100.35,2107.56,2099.4,2106.03,4830.0
2024-01-03 05:31:00,2105.8,2107.4900000000002,2103.03,2103.17,1479.0
2024-01-03 05:32:00,2102.83,2109.45,2102.53,2109.04,3499.0
2024-01-03 05:33:00,2110.02,2110.51,2103.7,2106.44,4982.0
2024-01-03 05:34:00,2106.14,2111.69,2105.3,2110.45,3559.0
2024-01-03 05:35:00,2109.88,2111.32,2107.54,2109.42,2934.0
2024-01-03 05:36:00,2109.9700000000003,2111.85,2101.59,2103.76,1911.0
2024-01-03 05:37:00,2103.64,2115.85,2103.57,2114.25,1780.0
2024-01-03 05:38:00,2113.84,2115.64,2101.37,2103.69,3576.0
2024-01-03 05:39:00,2103.6,2105.01,2102.08,2102.37,4352.0
2024-01-03 05:40:00,2103.33,2104.41,2098.36,2099.87,5413.0
2024-01-03 05:41:00,2100.51,2101.4,2090.25,2091.26,1922.0
2024-01-03 05:42:00,2091.4,2091.71,2083.19,2084.9700000000003,3805.0
2024-01-03 05:43:00,2084.84,2093.79,2083.39,2092.58,3832.0
2024-01-03 05:44:00,2091.92,2092.32,2085.63,2086.75,1248.0
2024-01-03 05:45:00,2087.06,2087.31,2080.26,2081.98,5591.0
2024-01-03 05:46:00,2081.46,2095.14,2081.03,2093.38,3387.0
2024-01-03 05:47:00,2093.35,2099.39,2092.73,2098.27,2738.0
2024-01-03 05:48:00,2098.55,2100.05,2092.52,2093.28,4563.0
2024-01-03 05:49:00,2092.3,2093.83,2092.06,2092.94,4970.0
2024-01-03 05:50:00,2092.91,2093.94,2084.1,2085.35,5565.0
2024-01-03 05:51:00,2084.94,2090.75,2083.52,2089.9,3370.0
2024-01-03 05:52:00,2089.2,2095.26,2088.64,2094.14,4841.0
2024-01-03 05:53:00,2093.54,2100.9900000000002,2092.91,2100.63,1301.0
2024-01-03 05:54:00,2100.36,2101.15,2098.21,2098.96,5475.0
2024-01-03 05:55:00,2098.15,2111.35,2097.68,2109.32,3234.0
2024-01-03 05:56:00,2109.66,2111.03,2104.32,2106.59,4691.0
2024-01-03 05:57:00,2106.38,2106.7,2104.5,2106.4,4973.0
2024-01-03 05:58:00,2107.16,2107.54,2103.83,2106.61,3691.0
2024-01-03 05:59:00,2106.55,2116.98,2105.14,2115.33,5153.0
2024-01-03 06:00:00,2115.35,2116.41,2101.86,2104.05,5943.0
2024-01-03 06:01:00,2104.69,2105.19,2091.1,2091.76,5314.0
2024-01-03 06:02:00,2091.75,2102.32,2090.87,2099.21,3787.0
2024-01-03 06:03:00,2099.13,2101.12,2098.18,2101.09,2987.0
2024-01-03 06:04:00,2100.94,2102.81,2097.35,2098.9700000000003,4252.0
2024-01-03 06:05:00,2098.95,2106.94,2098.92,2106.02,1114.0
2024-01-03 06:06:00,2107.9900000000002,2108.43,2102.15,2102.65,5493.0
2024-01-03 06:07:00,2102.9,2104.19,2101.34,2103.17,4534.0
2024-01-03 06:08:00,2101.12,2110.01,2101.06,2107.4900000000002,23559.917962790114
2024-01-03 06:09:00,2107.8,2109.0,2106.77,2106.79,4184.0
2024-01-03 06:10:00,2108.01,2108.08,2105.9900000000002,2107.9,1547.0
2024-01-03 06:11:00,2106.52,2107.08,2104.2200000000003,2105.86,2288.0
2024-01-03 06:12:00,2107.03,2107.9900000000002,2093.52,2095.9,5527.0
2024-01-03 06:13:00,2096.2200000000003,2100.36,2095.93,2098.6,5834.0
2024-01-03 06:14:00,2097.8,2106.42,2097.52,2103.32,1050.0
2024-01-03 06:15:00,2103.57,2104.21,2099.46,2101.5,2873.0
2024-01-03 06:16:00,2100.42,2100.93,2096.98,2098.2400000000002,5405.0
2024-01-03 06:17:00,2098.71,2108.16,2098.54,2105.43,3485.0
2024-01-03 06:18:00,2105.9900000000002,2106.23,2099.83,2102.94,4714.0
2024-01-03 06:19:00,2103.41,2111.96,2102.65,2110.29,2103.0
2024-01-03 06:20:00,2110.07,2111.51,2108.91,2108.9900000000002,1514.0
2024-01-03 06:21:00,2107.69,2107.84,2099.86,2102.73,4883.0
2024-01-03 06:22:00,2102.95,2103.2200000000003,2097.02,2097.84,5094.0
2024-01-03 06:23:00,2097.69,2112.2200000000003,2097.42,2111.0,3972.0
2024-01-03 06:24:00,2110.31,2115.7200000000003,2108.56,2115.54,5764.0
2024-01-03 06:25:00,2115.19,2116.15,2110.2,2112.26,2739.0
2024-01-03 06:26:00,2112.18,2113.04,2104.55,2106.59,2392.0
2024-01-03 06:27:00,2105.62,2107.46,2101.94,2103.5,1490.0
2024-01-03 06:28:00,2102.7200000000003,2103.62,2094.2200000000003,2096.84,1882.0
2024-01-03 06:29:00,2097.1,2098.16,2091.5,2094.44,4294.0
2024-01-03 06:30:00,2093.8,2098.95,2092.73,2098.28,3836.0
2024-01-03 06:31:00,2098.06,2099.05,2095.32,2096.92,1218.0
2024-01-03 06:32:00,2097.9900000000002,2104.07,2097.7,2102.31,3215.0
2024-01-03 06:33:00,2103.77,2110.36,2102.76,2109.5,4157.0
2024-01-03 06:34:00,2109.5,2110.23,2102.9,2105.87,3269.0
2024-01-03 06:35:00,2106.08,2106.87,2098.4700000000003,2101.62,1440.0
2024-01-03 06:36:00,2101.11,2104.33,2101.06,2101.48,2123.0
2024-01-03 06:37:00,2102.62,2107.65,2101.35,2106.98,4756.0
2024-01-03 06:38:00,2107.02,2108.83,2100.65,2101.36,3063.0
2024-01-03 06:39:00,2100.79,2108.87,2099.77,2106.91,4016.0
2024-01-03 06:40:00,2106.76,2108.78,2106.58,2106.86,3184.0
2024-01-03 06:41:00,2106.35,2107.69,2102.98,2104.7400000000002,3070.0
2024-01-03 06:42:00,2104.56,2104.69,2097.7400000000002,2099.21,2310.0
2024-01-03 06:43:00,2099.52,2103.75,2098.32,2100.91,2577.0
2024-01-03 06:44:00,2100.83,2104.92,2099.06,2102.02,2585.0
2024-01-03 06:45:00,2101.87,2110.86,2100.94,2108.2400000000002,3524.0
2024-01-03 06:46:00,2107.87,2109.46,2103.06,2103.27,3904.0
2024-01-03 06:47:00,2102.9700000000003,2103.75,2100.87,2101.7,2846.0
2024-01-03 06:48:00,2101.42,2101.98,2097.7400000000002,2100.56,1041.0
2024-01-03 06:49:00,2101.18,2102.88,2099.65,2100.77,1928.0
2024-01-03 06:50:00,2100.4700000000003,2101.51,2093.91,2097.0,5882.0
2024-01-03 06:51:00,2097.21,2098.09,2077.3,2079.92,2131.0
2024-01-03 06:52:00,2079.55,2079.89,2067.52,2068.95,4959.0
2024-01-03 06:53:00,2068.88,2068.9,2059.4,2061.28,2025.0
2024-01-03 06:54:00,2060.82,2065.32,2059.43,2062.96,1435.0
2024-01-03 06:55:00,2062.77,2063.35,2058.44,2058.63,5489.0
2024-01-03 06:56:00,2058.03,2059.85,2052.16,2054.84,4051.0
2024-01-03 06:57:00,2054.89,2059.9,2053.82,2057.38,5651.0
2024-01-03 06:58:00,2056.9,2058.38,2047.81,2050.2200000000003,5794.0
2024-01-03 06:59:00,2051.31,2061.54,2049.65,2059.36,4774.0
2024-01-03 07:00:00,2059.4700000000003,2060.33,2046.3700000000001,2049.33,5704.0
2024-01-03 07:01:00,2049.2400000000002,2060.42,2047.99,2059.86,1813.0
2024-01-03 07:02:00,2059.77,2063.79,2058.19,2060.85,2773.0
2024-01-03 07:03:00,2061.32,2062.21,2058.02,2058.23,2655.0
2024-01-03 07:04:00,2057.45,2064.31,2056.1,2061.23,4812.0
2024-01-03 07:05:00,2062.73,2075.7400000000002,2061.5,2074.9,5601.0
2024-01-03 07:06:00,2076.3,2076.8,2067.94,2070.46,1100.0
2024-01-03 07:07:00,2070.2200000000003,2071.7400000000002,2059.42,2059.71,4622.0
2024-01-03 07:08:00,2059.84,2060.9700000000003,2055.51,2056.93,5663.0
2024-01-03 07:09:00,2056.93,2060.11,2056.89,2058.41,2121.0
2024-01-03 07:10:00,2059.2200000000003,2060.77,2054.84,2056.93,2997.0
2024-01-03 07:11:00,2057.34,2058.54,2051.4900000000002,2054.28,5995.0
2024-01-03 07:12:00,2054.17,2055.45,2046.38,2048.94,5334.0
2024-01-03 07:13:00,2048.9700000000003,2052.82,2047.94,2050.1,3853.0
2024-01-03 07:14:00,2049.5,2055.7200000000003,2047.88,2054.32,4562.0
2024-01-03 07:15:00,2054.56,2062.84,2053.7200000000003,2061.35,4087.0
2024-01-03 07:16:00,2061.93,2065.81,2061.18,2065.2,2342.0
2024-01-03 07:17:00,2064.9,2077.01,2063.77,2075.03,2155.0
2024-01-03 07:18:00,2075.44,2082.95,2074.58,2081.56,3559.0
2024-01-03 07:19:00,2081.64,2082.88,2070.19,2072.5,5789.0
2024-01-03 07:20:00,2070.83,2071.48,2067.27,2069.59,2173.0
2024-01-03 07:21:00,2069.8,2069.88,2063.68,2064.55,5402.0
2024-01-03 07:22:00,2064.55,2066.9900000000002,2063.35,2064.82,5429.0
2024-01-03 07:23:00,2064.84,2074.2,2063.5,2072.95,5203.0
2024-01-03 07:24:00,2073.31,2074.88,2072.81,2073.83,3998.0
2024-01-03 07:25:00,2074.19,2080.71,2073.96,2079.13,5760.0
2024-01-03 07:26:00,2078.4900000000002,2078.88,2069.03,2071.82,4469.0
2024-01-03 07:27:00,2071.7,2072.31,2070.31,2070.42,5443.0
2024-01-03 07:28:00,2069.79,2073.4700000000003,2067.94,2070.41,3715.0
2024-01-03 07:29:00,2070.12,2070.83,2063.79,2065.9700000000003,4249.0
2024-01-03 07:30:00,2066.17,2067.91,2061.94,2063.63,1323.0
2024-01-03 07:31:00,2064.13,2068.3,2064.03,2065.9700000000003,1818.0
2024-01-03 07:32:00,2065.5,2065.64,2049.79,2052.4700000000003,2418.0
2024-01-03 07:33:00,2052.29,2054.66,2051.69,2053.11,1327.0
2024-01-03 07:34:00,2053.63,2057.03,2052.02,2054.64,3046.0
2024-01-03 07:35:00,2054.96,2055.4,2051.8,2052.56,4610.0
2024-01-03 07:36:00,2051.77,2053.34,2048.93,2051.25,5090.0
2024-01-03 07:37:00,2050.7200000000003,2051.9900000000002,2034.6000000000001,2037.01,5229.0
2024-01-03 07:38:00,2036.06,2042.03,2034.8700000000001,2039.27,3452.0
2024-01-03 07:39:00,2039.05,2044.0,2037.3300000000002,2041.5900000000001,5903.0
2024-01-03 07:40:00,2041.3300000000002,2042.71,2036.43,2037.72,4194.0
2024-01-03 07:41:00,2036.8500000000001,2039.25,2036.52,2039.0800000000002,4586.0
2024-01-03 07:42:00,2037.9,2041.8500000000001,2037.17,2041.3500000000001,1147.0
2024-01-03 07:43:00,2041.38,2046.28,2039.8500000000001,2043.79,1357.0
2024-01-03 07:44:00,2044.27,2044.8300000000002,2038.65,2040.1100000000001,5291.0
2024-01-03 07:45:00,2042.24,2042.48,2039.45,2041.26,3081.0
2024-01-03 07:46:00,2040.32,2048.17,2039.3,2048.01,4207.0
2024-01-03 07:47:00,2047.91,2053.44,2046.5,2051.41,1520.0
2024-01-03 07:48:00,2051.8,2053.15,2049.61,2050.23,3458.0
2024-01-03 07:49:00,2050.7400000000002,2050.81,2047.26,2047.93,3107.0
2024-01-03 07:50:00,2048.26,2049.76,2041.8300000000002,2044.9,3232.0
2024-01-03 07:51:00,2044.42,2044.53,2036.77,2039.67,5905.0
2024-01-03 07:52:00,2039.03,2040.65,2023.25,2026.22,1510.0
2024-01-03 07:53:00,2026.38,2030.03,2025.38,2028.69,3341.0
2024-01-03 07:54:00,2028.72,2033.28,2027.69,2030.68,19303.04759325246
2024-01-03 07:55:00,2030.13,2030.68,2029.05,2029.28,3287.0
2024-01-03 07:56:00,2028.4,2029.3600000000001,2020.67,2023.49,3655.0
2024-01-03 07:57:00,2023.53,2030.8,2021.77,2028.04,1108.0
2024-01-03 07:58:00,2027.81,2031.05,2027.42,2028.27,2331.0
2024-01-03 07:59:00,2027.99,2029.1200000000001,2024.45,2024.99,5334.0
2024-01-03 08:00:00,2024.63,2030.0900000000001,2024.32,2029.95,3598.0
2024-01-03 08:01:00,2029.69,2044.77,2028.21,2043.78,8807.0
2024-01-03 08:02:00,2044.3300000000002,2044.48,2036.8500000000001,2038.8500000000001,2631.0
2024-01-03 08:03:00,2039.69,2050.2200000000003,2039.16,2047.5800000000002,7716.0
2024-01-03 08:04:00,2047.06,2050.17,2045.56,2050.08,8118.0
2024-01-03 08:05:00,2050.14,2050.37,2032.73,2033.76,4575.0
2024-01-03 08:06:00,2034.49,2049.83,2033.91,2048.2,2069.0
2024-01-03 08:07:00,2048.77,2049.32,2034.17,2035.26,2494.0
2024-01-03 08:08:00,2035.06,2036.1200000000001,2028.95,2030.17,2053.0
2024-01-03 08:09:00,2030.18,2030.51,2030.02,2030.3300000000002,3368.0
2024-01-03 08:10:00,2030.6200000000001,2031.3600000000001,2017.77,2020.14,4580.0
2024-01-03 08:11:00,2019.5,2021.51,2018.06,2019.8400000000001,7631.0
2024-01-03 08:12:00,2020.05,2020.46,2017.28,2018.02,3848.0
2024-01-03 08:13:00,2017.76,2034.2,2016.91,2031.5800000000002,7705.0
2024-01-03 08:14:00,2031.68,2033.25,2023.51,2023.68,2449.0
2024-01-03 08:15:00,2023.24,2023.43,2011.0800000000002,2011.25,7880.0
2024-01-03 08:16:00,2011.42,2025.8600000000001,2010.5800000000002,2023.14,8992.0
2024-01-03 08:17:00,2023.31,2023.92,2019.1200000000001,2019.9,4920.0
2024-01-03 08:18:00,2018.23,2024.39,2016.5,2021.99,5469.0
2024-01-03 08:19:00,2022.01,2025.13,2020.28,2024.89,2661.0
2024-01-03 08:20:00,2025.99,2026.3600000000001,2011.53,2011.74,7345.0
2024-01-03 08:21:00,2011.7,2013.2,2002.9,2005.05,3770.0
2024-01-03 08:22:00,2005.49,2006.41,1997.92,1998.69,2632.0
2024-01-03 08:23:00,1998.25,2008.0,1997.0,2007.8700000000001,6653.0
2024-01-03 08:24:00,2007.32,2008.71,2000.6100000000001,2002.95,5776.0
2024-01-03 08:25:00,2002.5800000000002,2003.3700000000001,1993.55,1993.66,3256.0
2024-01-03 08:26:00,1993.38,1995.54,1992.6000000000001,1994.77,3601.0
2024-01-03 08:27:00,1994.5900000000001,1994.6200000000001,1990.77,1991.8700000000001,2584.0
2024-01-03 08:28:00,1991.3,1992.72,1983.57,1986.28,5987.0
2024-01-03 08:29:00,1986.95,1994.45,1985.17,1991.77,5724.0
2024-01-03 08:30:00,1992.3700000000001,1993.5900000000001,1971.26,1973.63,3957.0
2024-01-03 08:31:00,1974.16,1975.26,1968.8,1971.52,8873.0
2024-01-03 08:32:00,1971.3,1978.14,1970.04,1976.71,7652.0
2024-01-03 08:33:00,1976.27,1976.6100000000001,1949.48,1949.83,8237.0
2024-01-03 08:34:00,1949.21,1949.6000000000001,1944.95,1945.44,3789.0
2024-01-03 08:35:00,1945.14,1961.89,1943.81,1959.1000000000001,4780.0
2024-01-03 08:36:00,1958.78,1968.8,1958.43,1968.02,4979.0
2024-01-03 08:37:00,1967.64,1968.65,1959.02,1961.23,8068.0
2024-01-03 08:38:00,1960.95,1968.55,1960.53,1968.52,6793.0
2024-01-03 08:39:00,1967.73,1967.78,1964.72,1967.4,2864.0
2024-01-03 08:40:00,1967.7,1968.1000000000001,1952.76,1955.07,4172.0
2024-01-03 08:41:00,1954.69,1963.64,1953.89,1961.31,8286.0
2024-01-03 08:42:00,1960.6100000000001,1960.82,1949.15,1951.1100000000001,4397.0
2024-01-03 08:43:00,1951.3600000000001,1965.99,1949.65,1965.58,7032.0
2024-01-03 08:44:00,1965.3400000000001,1970.76,1963.7,1967.94,41501.42060407938
2024-01-03 08:45:00,1968.6100000000001,1975.03,1967.02,1972.72,4423.0
2024-01-03 08:46:00,1973.03,1974.0900000000001,1962.1100000000001,1962.8600000000001,1732.0
2024-01-03 08:47:00,1962.6000000000001,1970.23,1961.6000000000001,1969.47,8113.0
2024-01-03 08:48:00,1969.89,1971.3300000000002,1966.72,1969.51,5638.0
2024-01-03 08:49:00,1968.6100000000001,1973.98,1968.38,1971.3400000000001,4183.0
2024-01-03 08:50:00,1970.1200000000001,1980.1000000000001,1969.57,1978.0800000000002,6347.0
2024-01-03 08:51:00,1977.5800000000002,1979.02,1975.26,1977.02,4026.0
2024-01-03 08:52:00,1977.15,1977.89,1970.82,1971.14,1584.0
2024-01-03 08:53:00,1971.94,1980.17,1970.43,1979.19,4450.0
2024-01-03 08:54:00,1980.03,1989.69,1978.97,1988.64,8063.0
2024-01-03 08:55:00,1988.31,1988.93,1987.19,1988.89,6939.0
2024-01-03 08:56:00,1987.8700000000001,1989.31,1977.5,1980.43,5035.0
2024-01-03 08:57:00,1980.3500000000001,1982.04,1970.75,1970.81,2516.0
2024-01-03 08:58:00,1970.49,1989.6000000000001,1970.23,1987.4,5746.0
2024-01-03 08:59:00,1987.74,2003.46,1987.27,2001.7,4276.0
2024-01-03 09:00:00,2001.6000000000001,2023.6100000000001,2000.04,2023.28,7222.0
2024-01-03 09:01:00,2023.5900000000001,2040.22,2023.3600000000001,2039.3500000000001,8234.0
2024-01-03 09:02:00,2039.66,2050.58,2037.97,2050.56,4258.0
2024-01-03 09:03:00,2050.94,2051.56,2047.8600000000001,2049.95,6060.0
2024-01-03 09:04:00,2050.45,2061.11,2048.92,2059.02,4526.0
2024-01-03 09:05:00,2058.25,2079.91,2057.39,2079.43,6353.0
2024-01-03 09:06:00,2079.42,2081.26,2079.29,2081.2,6739.0
2024-01-03 09:07:00,2080.82,2082.17,2077.48,2077.63,4072.0
2024-01-03 09:08:00,2078.51,2078.55,2063.33,2065.29,3153.0
2024-01-03 09:09:00,2065.73,2067.7400000000002,2065.63,2067.68,6821.0
2024-01-03 09:10:00,2067.32,2077.7200000000003,2065.94,2074.9700000000003,6075.0
2024-01-03 09:11:00,2074.21,2078.05,2074.13,2077.43,6162.0
2024-01-03 09:12:00,2076.9900000000002,2077.11,2068.19,2070.08,22101.091539822886
2024-01-03 09:13:00,2069.79,2070.75,2055.94,2058.53,4895.0
2024-01-03 09:14:00,2057.39,2059.21,2056.4,2059.0,3214.0
2024-01-03 09:15:00,2058.7200000000003,2070.19,2058.4700000000003,2067.62,6469.0
2024-01-03 09:16:00,2067.13,2068.9,2065.34,2066.38,7543.0
2024-01-03 09:17:00,2066.65,2067.86,2057.11,2058.58,1829.0
2024-01-03 09:18:00,2057.18,2064.69,2055.96,2062.54,4669.0
2024-01-03 09:19:00,2062.57,2073.56,2062.25,2072.46,5655.0
2024-01-03 09:20:00,2072.9700000000003,2080.65,2072.56,2079.56,5444.0
2024-01-03 09:21:00,2079.11,2079.26,2067.17,2069.4,6332.0
2024-01-03 09:22:00,2068.58,2074.87,2068.08,2074.11,1986.0
2024-01-03 09:23:00,2073.34,2077.07,2072.46,2076.25,3017.0
2024-01-03 09:24:00,2075.59,2076.79,2068.23,2068.45,3054.0
2024-01-03 09:25:00,2068.08,2074.61,2067.6,2074.58,2844.0
2024-01-03 09:26:00,2074.12,2075.15,2054.77,2057.59,5353.0
2024-01-03 09:27:00,2058.39,2058.4,2045.8600000000001,2048.59,6785.0
2024-01-03 09:28:00,2048.19,2056.1,2046.3600000000001,2053.4,7937.0
2024-01-03 09:29:00,2053.89,2054.37,2042.95,2043.1100000000001,2107.0
2024-01-03 09:30:00,2042.8,2044.18,2033.72,2035.42,4495.0
2024-01-03 09:31:00,2034.38,2035.98,2024.05,2026.14,6517.0
2024-01-03 09:32:00,2025.66,2026.24,2021.05,2021.49,8447.0
2024-01-03 09:33:00,2021.67,2028.8400000000001,2020.96,2026.68,4157.0
2024-01-03 09:34:00,2027.14,2028.8600000000001,2023.91,2026.95,8510.0
2024-01-03 09:35:00,2026.8500000000001,2030.5900000000001,2025.82,2028.24,5696.0
2024-01-03 09:36:00,2029.3700000000001,2038.3500000000001,2028.2,2038.05,7405.0
2024-01-03 09:37:00,2038.1100000000001,2039.39,2022.63,2023.29,3839.0
2024-01-03 09:38:00,2023.5800000000002,2025.3400000000001,2017.57,2020.3300000000002,4268.0
2024-01-03 09:39:00,2020.25,2020.8,2007.1100000000001,2007.6200000000001,4377.0
2024-01-03 09:40:00,2008.2,2008.92,2001.22,2002.5,2720.0
2024-01-03 09:41:00,2003.3,2004.74,2000.71,2000.81,4055.0
2024-01-03 09:42:00,2000.1200000000001,2018.66,2000.05,2017.47,4334.0
2024-01-03 09:43:00,2016.43,2016.99,2015.53,2015.65,8809.0
2024-01-03 09:44:00,2015.75,2017.29,2005.8700000000001,2006.3600000000001,6524.0
2024-01-03 09:45:00,2006.06,2017.46,2005.39,2015.28,3617.0
2024-01-03 09:46:00,2015.42,2016.6200000000001,2006.17,2008.8400000000001,6610.0
2024-01-03 09:47:00,2007.94,2012.46,2006.8500000000001,2011.21,7075.0
2024-01-03 09:48:00,2010.45,2011.41,2005.39,2006.5900000000001,8911.0
2024-01-03 09:49:00,2007.15,2008.49,1991.25,1993.97,2951.0
2024-01-03 09:50:00,1994.03,1994.22,1989.3500000000001,1990.23,2971.0
2024-01-03 09:51:00,1990.53,1991.48,1986.02,1986.54,6915.0
2024-01-03 09:52:00,1987.45,1987.99,1979.42,1981.51,6581.0
2024-01-03 09:53:00,1981.68,1981.78,1970.49,1972.93,3408.0
2024-01-03 09:54:00,1972.6200000000001,1986.94,1971.52,1986.39,1987.0
2024-01-03 09:55:00,1985.9,1986.16,1981.5800000000002,1984.56,2789.0
2024-01-03 09:56:00,1985.64,1992.8500000000001,1984.78,1992.56,4255.0
2024-01-03 09:57:00,1992.1100000000001,2003.73,1992.1000000000001,2003.16,2291.0
2024-01-03 09:58:00,2003.75,2004.48,2000.24,2003.0900000000001,5421.0
2024-01-03 09:59:00,2003.45,2004.52,1997.75,1998.18,8061.0
2024-01-03 10:00:00,1998.05,1998.92,1993.67,1996.4,2257.0
2024-01-03 10:01:00,1996.8600000000001,1997.64,1983.6200000000001,1985.1000000000001,8059.0
2024-01-03 10:02:00,1985.68,1997.25,1984.16,1996.73,2181.0
2024-01-03 10:03:00,1996.77,1998.3,1979.47,1982.04,2660.0
2024-01-03 10:04:00,1981.8600000000001,1983.16,1979.55,1980.1000000000001,12158.574663518591
2024-01-03 10:05:00,1980.42,1986.74,1979.1200000000001,1984.27,3905.0
2024-01-03 10:06:00,1985.03,1989.39,1984.03,1989.16,6433.0
2024-01-03 10:07:00,1988.67,1990.13,1979.81,1981.99,8504.0
2024-01-03 10:08:00,1982.5,1989.65,1981.52,1988.75,3840.0
2024-01-03 10:09:00,1988.93,2012.24,1987.94,2011.44,4528.0
2024-01-03 10:10:00,2011.89,2014.26,2010.27,2013.3500000000001,7764.0
2024-01-03 10:11:00,2013.15,2014.8500000000001,2011.3700000000001,2012.51,3879.0
2024-01-03 10:12:00,2013.0900000000001,2014.6200000000001,1999.14,2000.29,4399.0
2024-01-03 10:13:00,2000.3,2006.88,1999.51,2004.81,7052.0
2024-01-03 10:14:00,2004.07,2005.02,1996.77,1997.23,7720.0
2024-01-03 10:15:00,1996.74,2003.79,1995.17,2003.55,8254.0
2024-01-03 10:16:00,2003.78,2005.26,1996.8,1998.04,2648.0
2024-01-03 10:17:00,1998.0900000000001,2005.1100000000001,1997.99,2004.8600000000001,2976.0
2024-01-03 10:18:00,2004.89,2009.89,2003.24,2009.28,6253.0
2024-01-03 10:19:00,2009.72,2016.49,2009.3,2013.98,3602.0
2024-01-03 10:20:00,2014.8600000000001,2015.73,2012.0900000000001,2012.46,1857.0
2024-01-03 10:21:00,2011.73,2026.21,2011.56,2023.67,8334.0
2024-01-03 10:22:00,2023.42,2025.18,2013.46,2013.67,6930.0
2024-01-03 10:23:00,2013.47,2021.89,2012.3700000000001,2021.3,8772.0
2024-01-03 10:24:00,2021.17,2022.42,2016.0900000000001,2018.8,1799.0
2024-01-03 10:25:00,2018.67,2022.3600000000001,2018.25,2021.3400000000001,8355.0
2024-01-03 10:26:00,2021.66,2022.54,2012.8,2014.25,6440.0
2024-01-03 10:27:00,2015.3,2018.94,2015.23,2017.02,3643.0
2024-01-03 10:28:00,2015.82,2021.8400000000001,2015.13,2021.07,6788.0
2024-01-03 10:29:00,2021.04,2021.63,2015.01,2017.98,6068.0
2024-01-03 10:30:00,2019.64,2027.71,2018.01,2026.67,6264.0
2024-01-03 10:31:00,2026.32,2027.24,2017.74,2020.1200000000001,4466.0
2024-01-03 10:32:00,2019.5,2027.24,2017.77,2025.76,8915.0
2024-01-03 10:33:00,2025.22,2026.5900000000001,2015.71,2017.72,4809.0
2024-01-03 10:34:00,2017.54,2017.5900000000001,2002.93,2003.9,3684.0
2024-01-03 10:35:00,2002.9,2003.54,1993.92,1996.26,6065.0
2024-01-03 10:36:00,1996.55,1997.3,1983.3700000000001,1986.31,8696.0
2024-01-03 10:37:00,1986.24,1986.81,1985.1100000000001,1985.92,3983.0
2024-01-03 10:38:00,1985.05,1985.79,1974.48,1976.51,2504.0
2024-01-03 10:39:00,1977.1200000000001,1993.06,1976.14,1991.96,4471.0
2024-01-03 10:40:00,1990.96,1992.1200000000001,1984.27,1986.32,7393.0
2024-01-03 10:41:00,1985.8,1986.8,1979.42,1982.0,7888.0
2024-01-03 10:42:00,1981.7,1983.3600000000001,1973.18,1973.27,2605.0
2024-01-03 10:43:00,1973.8,1974.75,1960.32,1960.33,8007.0
2024-01-03 10:44:00,1961.22,1962.17,1958.82,1960.65,4814.0
2024-01-03 10:45:00,1961.69,1971.32,1961.68,1968.81,2323.0
2024-01-03 10:46:00,1968.52,1968.65,1955.65,1958.49,2122.0
2024-01-03 10:47:00,1957.95,1959.71,1951.15,1951.26,6347.0
2024-01-03 10:48:00,1951.23,1952.68,1948.55,1948.65,5635.0
2024-01-03 10:49:00,1948.49,1949.68,1946.55,1948.4,3550.0
2024-01-03 10:50:00,1948.14,1949.78,1945.69,1946.8400000000001,3152.0
2024-01-03 10:51:00,1946.4,1960.3500000000001,1945.24,1957.56,7328.0
2024-01-03 10:52:00,1957.91,1958.6000000000001,1955.24,1956.69,4315.0
2024-01-03 10:53:00,1958.03,1959.57,1948.19,1949.46,3816.0
2024-01-03 10:54:00,1949.2,1955.66,1948.14,1954.27,2881.0
2024-01-03 10:55:00,1954.51,1965.5900000000001,1954.22,1965.25,2187.0
2024-01-03 10:56:00,1965.67,1984.47,1963.94,1981.68,6909.0
2024-01-03 10:57:00,1981.6000000000001,1983.07,1958.79,1961.32,6187.0
2024-01-03 10:58:00,1962.24,1962.99,1956.8700000000001,1957.5900000000001,7896.0
2024-01-03 10:59:00,1958.33,1971.3500000000001,1957.64,1969.16,7938.0
2024-01-03 11:00:00,1969.3500000000001,1970.01,1955.45,1956.0,3281.0
2024-01-03 11:01:00,1954.78,1961.07,1954.25,1959.8500000000001,8957.0
2024-01-03 11:02:00,1959.53,1974.26,1958.27,1973.76,5286.0
2024-01-03 11:03:00,1973.76,1975.21,1960.8500000000001,1961.68,4390.0
2024-01-03 11:04:00,1961.58,1971.21,1960.8400000000001,1968.38,3177.0
2024-01-03 11:05:00,1968.24,1970.0,1963.29,1966.2,1999.0
2024-01-03 11:06:00,1965.55,1969.43,1963.89,1968.51,6795.0
2024-01-03 11:07:00,1969.39,1984.94,1968.95,1984.6100000000001,3640.0
2024-01-03 11:08:00,1985.3,1986.9,1984.38,1986.57,3876.0
2024-01-03 11:09:00,1987.43,1988.3300000000002,1978.13,1979.26,5697.0
2024-01-03 11:10:00,1979.7,1981.44,1977.05,1978.98,3405.0
2024-01-03 11:11:00,1978.88,1979.8700000000001,1972.52,1974.14,1926.0
2024-01-03 11:12:00,1974.01,1981.3700000000001,1973.42,1978.55,3256.0
2024-01-03 11:13:00,1978.91,1990.9,1978.5,1989.63,4382.0
2024-01-03 11:14:00,1989.27,2001.21,1987.99,1998.63,7595.0
2024-01-03 11:15:00,1999.5,2014.67,1998.47,2012.24,3554.0
2024-01-03 11:16:00,2012.17,2013.9,2003.8300000000002,2004.8300000000002,5033.0
2024-01-03 11:17:00,2004.6100000000001,2006.99,2003.75,2006.5900000000001,6892.0
2024-01-03 11:18:00,2004.93,2006.6100000000001,2000.5900000000001,2002.3300000000002,4592.0
2024-01-03 11:19:00,2003.01,2005.48,2001.47,2003.54,8477.0
2024-01-03 11:20:00,2002.27,2003.28,1992.69,1994.02,8819.0
2024-01-03 11:21:00,1995.17,1996.23,1991.31,1993.06,2532.0
2024-01-03 11:22:00,1993.07,1999.14,1992.73,1996.18,8088.0
2024-01-03 11:23:00,1996.72,1998.44,1993.18,1993.48,2028.0
2024-01-03 11:24:00,1994.8300000000002,1996.01,1980.06,1980.76,6898.0
2024-01-03 11:25:00,1980.64,1993.27,1979.7,1990.65,8328.0
2024-01-03 11:26:00,1990.91,1996.94,1990.67,1995.0800000000002,5098.0
2024-01-03 11:27:00,1994.19,1995.01,1993.26,1994.1000000000001,4224.0
2024-01-03 11:28:00,1993.93,1995.5,1975.38,1977.1000000000001,6185.0
2024-01-03 11:29:00,1977.15,1977.8700000000001,1975.07,1976.79,6949.0
2024-01-03 11:30:00,1976.91,1980.32,1975.3700000000001,1979.42,4579.0
2024-01-03 11:31:00,1978.8,1983.6000000000001,1978.17,1982.01,1784.0
2024-01-03 11:32:00,1981.72,1982.6200000000001,1965.43,1965.5,2373.0
2024-01-03 11:33:00,1965.3600000000001,1968.21,1963.7,1966.65,6503.0
2024-01-03 11:34:00,1966.8700000000001,1967.1100000000001,1961.32,1963.07,2118.0
2024-01-03 11:35:00,1963.2,1964.23,1958.89,1959.83,6897.0
2024-01-03 11:36:00,1960.74,1961.07,1945.21,1947.66,4539.0
2024-01-03 11:37:00,1948.64,1948.8700000000001,1940.72,1940.8600000000001,6930.0
2024-01-03 11:38:00,1941.41,1942.3400000000001,1940.81,1942.18,2934.0
2024-01-03 11:39:00,1942.2,1943.22,1922.47,1924.29,5493.0
2024-01-03 11:40:00,1924.7,1925.41,1920.6100000000001,1923.49,2120.0
2024-01-03 11:41:00,1923.43,1935.3700000000001,1922.49,1933.1200000000001,2468.0
2024-01-03 11:42:00,1933.66,1934.68,1919.33,1920.0900000000001,5163.0
2024-01-03 11:43:00,1920.48,1926.27,1919.49,1925.28,8566.0
2024-01-03 11:44:00,1925.02,1925.42,1918.06,1919.92,2326.0
2024-01-03 11:45:00,1919.27,1920.72,1911.04,1911.0900000000001,7242.0
2024-01-03 11:46:00,1911.3600000000001,1920.74,1909.97,1920.47,6994.0
2024-01-03 11:47:00,1920.88,1927.28,1919.75,1925.24,8529.0
2024-01-03 11:48:00,1924.8500000000001,1932.52,1924.42,1930.57,4968.0
2024-01-03 11:49:00,1930.89,1936.28,1930.25,1934.98,8531.0
2024-01-03 11:50:00,1934.48,1935.53,1920.6200000000001,1923.07,2202.0
2024-01-03 11:51:00,1923.46,1923.75,1912.91,1915.04,6881.0
2024-01-03 11:52:00,1914.69,1915.31,1908.03,1909.95,7406.0
2024-01-03 11:53:00,1909.9,1910.28,1907.3700000000001,1909.08,7833.0
2024-01-03 11:54:00,1908.02,1914.1200000000001,1906.33,1913.24,4728.0
2024-01-03 11:55:00,1913.8400000000001,1914.5900000000001,1908.46,1909.06,2128.0
2024-01-03 11:56:00,1910.0,1923.54,1909.41,1921.42,2821.0
2024-01-03 11:57:00,1921.75,1929.66,1920.79,1928.19,2532.0
2024-01-03 11:58:00,1928.19,1948.3500000000001,1926.75,1946.07,7905.0
2024-01-03 11:59:00,1945.68,1958.08,1944.29,1957.49,2737.0
2024-01-03 12:00:00,1957.38,1971.02,1955.8,1970.51,6432.0
2024-01-03 12:01:00,1970.3,1977.41,1969.94,1977.24,7625.0
2024-01-03 12:02:00,1977.22,1978.74,1950.17,1951.54,49265.95749976379
2024-01-03 12:03:00,1950.79,1951.53,1947.56,1949.42,2617.0
2024-01-03 12:04:00,1949.63,1950.82,1940.97,1942.55,7931.0
2024-01-03 12:05:00,1943.55,1944.41,1942.52,1942.68,5480.0
2024-01-03 12:06:00,1942.46,1945.27,1941.29,1944.22,6758.0
2024-01-03 12:07:00,1944.9,1946.57,1928.04,1929.48,6090.0
2024-01-03 12:08:00,1930.08,1931.8,1924.19,1924.98,5095.0
2024-01-03 12:09:00,1924.6200000000001,1925.75,1913.1100000000001,1915.3400000000001,1842.0
2024-01-03 12:10:00,1914.8600000000001,1923.54,1913.55,1922.33,3268.0
2024-01-03 12:11:00,1922.94,1923.6000000000001,1915.69,1916.58,2574.0
2024-01-03 12:12:00,1917.0,1917.71,1901.41,1902.31,6171.0
2024-01-03 12:13:00,1902.3700000000001,1904.54,1901.8700000000001,1902.8500000000001,3710.0
2024-01-03 12:14:00,1903.3400000000001,1903.58,1893.23,1895.26,6220.0
2024-01-03 12:15:00,1895.0900000000001,1902.04,1894.21,1901.46,5043.0
2024-01-03 12:16:00,1900.77,1905.75,1900.29,1903.43,4517.0
2024-01-03 12:17:00,1902.94,1911.21,1902.18,1909.77,4101.0
2024-01-03 12:18:00,1910.07,1915.13,1909.8,1913.75,5511.0
2024-01-03 12:19:00,1914.05,1920.01,1913.74,1919.3500000000001,1919.0
2024-01-03 12:20:00,1918.14,1926.82,1916.6200000000001,1925.25,7724.0
2024-01-03 12:21:00,1925.55,1926.23,1911.3500000000001,1912.65,1682.0
2024-01-03 12:22:00,1912.5900000000001,1913.38,1901.69,1901.7,6114.0
2024-01-03 12:23:00,1901.3,1901.55,1889.3500000000001,1891.53,3321.0
2024-01-03 12:24:00,1890.81,1903.55,1890.56,1901.4,5400.0
2024-01-03 12:25:00,1900.47,1906.25,1900.3600000000001,1905.89,5368.0
2024-01-03 12:26:00,1906.3700000000001,1917.71,1905.05,1915.46,5370.0
2024-01-03 12:27:00,1915.67,1930.69,1915.3400000000001,1928.0900000000001,2568.0
2024-01-03 12:28:00,1927.45,1928.51,1922.47,1922.8,4990.0
2024-01-03 12:29:00,1922.73,1936.49,1922.3400000000001,1934.1100000000001,7431.0
2024-01-03 12:30:00,1933.02,1933.5900000000001,1930.02,1931.4,7304.0
2024-01-03 12:31:00,1931.8700000000001,1933.21,1923.39,1925.99,4305.0
2024-01-03 12:32:00,1925.29,1925.97,1897.45,1899.91,8128.0
2024-01-03 12:33:00,1900.49,1913.88,1899.3500000000001,1913.3500000000001,1616.0
2024-01-03 12:34:00,1913.32,1914.16,1905.43,1905.66,8552.0
2024-01-03 12:35:00,1905.79,1911.91,1904.81,1909.64,6779.0
2024-01-03 12:36:00,1909.1000000000001,1910.2,1899.3700000000001,1900.39,6653.0
2024-01-03 12:37:00,1901.07,1902.63,1893.95,1894.27,1846.0
2024-01-03 12:38:00,1894.92,1895.94,1879.97,1881.93,5786.0
2024-01-03 12:39:00,1882.29,1882.96,1869.76,1871.6000000000001,4251.0
2024-01-03 12:40:00,1871.18,1871.9,1867.8600000000001,1869.5,5723.0
2024-01-03 12:41:00,1869.88,1870.6000000000001,1851.4,1851.54,8348.0
2024-01-03 12:42:00,1850.8,1852.29,1847.18,1847.8,8441.0
2024-01-03 12:43:00,1847.49,1848.91,1844.97,1846.43,2120.0
2024-01-03 12:44:00,1845.95,1858.22,1845.24,1855.88,7840.0
2024-01-03 12:45:00,1855.22,1856.13,1838.2,1839.47,7554.0
2024-01-03 12:46:00,1840.05,1846.89,1839.75,1845.33,7578.0
2024-01-03 12:47:00,1845.83,1850.3600000000001,1844.58,1849.6000000000001,6117.0
2024-01-03 12:48:00,1850.63,1864.08,1850.3,1863.97,7410.0
2024-01-03 12:49:00,1863.8500000000001,1864.13,1853.81,1856.43,6614.0
2024-01-03 12:50:00,1855.91,1861.26,1854.48,1859.45,6992.0
2024-01-03 12:51:00,1859.19,1859.23,1852.24,1854.3500000000001,7970.0
2024-01-03 12:52:00,1854.6000000000001,1855.29,1844.13,1846.19,8325.0
2024-01-03 12:53:00,1846.67,1848.21,1845.17,1845.67,2370.0
2024-01-03 12:54:00,1844.83,1845.38,1841.53,1842.38,4898.0
2024-01-03 12:55:00,1842.5,1843.76,1841.3500000000001,1843.22,8650.0
2024-01-03 12:56:00,1842.4,1846.33,1842.03,1844.47,4426.0
2024-01-03 12:57:00,1845.91,1846.1100000000001,1819.3500000000001,1821.22,8379.0
2024-01-03 12:58:00,1821.96,1823.18,1813.18,1813.53,6797.0
2024-01-03 12:59:00,1812.02,1821.46,1810.65,1821.25,6036.0
2024-01-03 13:00:00,1821.26,1821.3700000000001,1814.78,1815.71,5976.0
2024-01-03 13:01:00,1814.79,1826.67,1814.08,1824.55,7587.0
2024-01-03 13:02:00,1825.0,1826.55,1814.3,1816.26,3254.0
2024-01-03 13:03:00,1815.45,1816.38,1800.49,1801.33,7564.0
2024-01-03 13:04:00,1800.9,1808.78,1800.31,1807.06,4091.0
2024-01-03 13:05:00,1807.65,1808.05,1805.94,1807.55,3198.0
2024-01-03 13:06:00,1808.17,1808.8,1807.02,1808.63,6431.0
2024-01-03 13:07:00,1809.21,1828.16,1807.79,1826.27,7328.0
2024-01-03 13:08:00,1825.95,1830.07,1824.74,1829.1000000000001,6518.0
2024-01-03 13:09:00,1829.39,1831.77,1828.55,1830.19,5713.0
2024-01-03 13:10:00,1829.29,1829.78,1822.06,1824.63,5876.0
2024-01-03 13:11:00,1824.3,1834.3,1823.32,1834.3,5652.0
2024-01-03 13:12:00,1834.23,1842.92,1832.5900000000001,1842.0,2555.0
2024-01-03 13:13:00,1842.75,1851.55,1842.75,1850.57,3913.0
2024-01-03 13:14:00,1851.01,1860.55,1849.8700000000001,1859.8600000000001,7483.0
2024-01-03 13:15:00,1859.8600000000001,1860.13,1857.55,1859.03,5306.0
2024-01-03 13:16:00,1860.06,1860.55,1848.27,1849.63,7042.0
2024-01-03 13:17:00,1849.82,1858.13,1849.6000000000001,1855.92,4910.0
2024-01-03 13:18:00,1855.6100000000001,1862.83,1854.89,1860.65,7634.0
2024-01-03 13:19:00,1860.5,1862.07,1857.89,1858.66,1546.0
2024-01-03 13:20:00,1859.95,1867.18,1859.8700000000001,1866.43,7688.0
2024-01-03 13:21:00,1865.5,1870.24,1864.22,1867.6200000000001,5162.0
2024-01-03 13:22:00,1867.7,1869.3600000000001,1862.44,1863.66,6764.0
2024-01-03 13:23:00,1863.51,1865.47,1863.2,1864.52,6044.0
2024-01-03 13:24:00,1864.95,1871.03,1864.91,1868.71,7471.0
2024-01-03 13:25:00,1868.81,1878.65,1867.53,1876.66,5178.0
2024-01-03 13:26:00,1877.19,1877.89,1870.92,1873.15,4501.0
2024-01-03 13:27:00,1873.3600000000001,1885.66,1872.0,1883.24,8802.0
2024-01-03 13:28:00,1883.6100000000001,1883.8700000000001,1879.24,1881.27,8230.0
2024-01-03 13:29:00,1881.18,1882.44,1863.1000000000001,1864.76,1637.0
2024-01-03 13:30:00,1865.77,1872.0900000000001,1864.41,1870.29,8602.0
2024-01-03 13:31:00,1870.29,1871.67,1857.1100000000001,1859.2,7081.0
2024-01-03 13:32:00,1860.08,1862.66,1859.6200000000001,1860.4,3709.0
2024-01-03 13:33:00,1859.92,1861.04,1855.54,1858.05,2951.0
2024-01-03 13:34:00,1857.78,1863.8500000000001,1857.64,1861.8400000000001,7846.0
2024-01-03 13:35:00,1861.41,1862.75,1857.75,1858.6000000000001,5437.0
2024-01-03 13:36:00,1858.39,1871.91,1856.83,1869.24,8925.0
2024-01-03 13:37:00,1869.0,1870.38,1859.43,1860.8400000000001,7401.0
2024-01-03 13:38:00,1861.39,1862.0900000000001,1858.5900000000001,1858.66,4940.0
2024-01-03 13:39:00,1858.2,1871.96,1856.75,1871.71,1854.0
2024-01-03 13:40:00,1871.63,1872.74,1854.72,1855.55,3574.0
2024-01-03 13:41:00,1855.78,1878.1000000000001,1854.67,1875.3400000000001,2106.0
2024-01-03 13:42:00,1875.0,1875.15,1857.98,1860.22,3853.0
2024-01-03 13:43:00,1859.98,1860.5900000000001,1852.67,1853.25,7958.0
2024-01-03 13:44:00,1852.97,1854.55,1850.8700000000001,1852.6100000000001,6919.0
2024-01-03 13:45:00,1851.92,1852.5900000000001,1846.26,1846.92,7000.0
2024-01-03 13:46:00,1847.07,1848.6200000000001,1837.76,1838.43,2842.0
2024-01-03 13:47:00,1839.8400000000001,1840.57,1836.33,1837.41,7588.0
2024-01-03 13:48:00,1837.5900000000001,1840.13,1837.42,1839.23,4296.0
2024-01-03 13:49:00,1839.54,1843.18,1839.2,1842.44,3616.0
2024-01-03 13:50:00,1842.19,1843.67,1839.25,1840.6000000000001,3826.0
2024-01-03 13:51:00,1841.51,1842.08,1835.68,1836.17,3143.0
2024-01-03 13:52:00,1836.77,1841.8400000000001,1836.16,1840.67,7630.0
2024-01-03 13:53:00,1839.46,1840.73,1833.25,1834.57,6332.0
2024-01-03 13:54:00,1834.71,1844.0900000000001,1834.45,1842.25,1744.0
2024-01-03 13:55:00,1843.14,1845.98,1842.8400000000001,1844.1000000000001,3541.0
2024-01-03 13:56:00,1843.39,1843.69,1827.5,1829.14,2604.0
2024-01-03 13:57:00,1830.01,1832.76,1829.98,1830.55,5778.0
2024-01-03 13:58:00,1830.55,1830.71,1811.08,1812.1000000000001,8563.0
2024-01-03 13:59:00,1812.68,1821.94,1811.32,1820.17,2086.0
2024-01-03 14:00:00,1820.38,1823.04,1819.75,1820.51,5065.0
2024-01-03 14:01:00,1821.38,1822.6100000000001,1811.23,1813.3,4961.0
2024-01-03 14:02:00,1813.42,1813.51,1801.97,1802.99,5481.0
2024-01-03 14:03:00,1802.48,1808.19,1801.88,1806.67,4009.0
2024-01-03 14:04:00,1805.83,1811.32,1805.17,1809.1200000000001,7041.0
2024-01-03 14:05:00,1808.8,1809.42,1803.27,1805.26,7101.0
2024-01-03 14:06:00,1805.75,1806.51,1782.89,1784.8500000000001,3857.0
2024-01-03 14:07:00,1785.15,1785.79,1774.04,1774.24,2517.0
2024-01-03 14:08:00,1774.82,1783.32,1773.68,1781.74,7344.0
2024-01-03 14:09:00,1782.52,1792.46,1781.18,1790.17,2363.0
2024-01-03 14:10:00,1790.0900000000001,1805.04,1789.65,1803.67,2647.0
2024-01-03 14:11:00,1803.63,1814.49,1802.01,1812.08,3113.0
2024-01-03 14:12:00,1813.17,1821.45,1812.81,1820.8400000000001,2983.0
2024-01-03 14:13:00,1821.1100000000001,1821.6100000000001,1815.14,1817.14,3624.0
2024-01-03 14:14:00,1816.88,1817.23,1807.42,1809.54,5659.0
2024-01-03 14:15:00,1809.64,1810.79,1802.91,1805.21,5272.0
2024-01-03 14:16:00,1805.58,1805.64,1791.07,1791.1000000000001,5076.0
2024-01-03 14:17:00,1790.72,1793.76,1789.67,1791.81,4630.0
2024-01-03 14:18:00,1791.63,1793.18,1788.92,1791.51,2295.0
2024-01-03 14:19:00,1790.8700000000001,1791.06,1790.8700000000001,1791.04,8014.0
2024-01-03 14:20:00,1790.29,1795.57,1788.72,1793.66,6466.0
2024-01-03 14:21:00,1793.1100000000001,1794.69,1784.47,1785.08,5249.0
2024-01-03 14:22:00,1784.93,1786.26,1780.57,1780.64,3119.0
2024-01-03 14:23:00,1780.42,1790.44,1779.16,1788.57,7563.0
2024-01-03 14:24:00,1787.88,1796.6200000000001,1786.6100000000001,1794.58,2177.0
2024-01-03 14:25:00,1794.17,1804.6100000000001,1793.8400000000001,1802.49,5289.0
2024-01-03 14:26:00,1802.97,1811.5,1802.26,1811.16,8971.0
2024-01-03 14:27:00,1811.3700000000001,1812.57,1807.42,1809.97,6182.0
2024-01-03 14:28:00,1810.97,1813.25,1809.68,1811.72,8502.0
2024-01-03 14:29:00,1811.75,1820.3700000000001,1811.06,1819.57,7517.0
2024-01-03 14:30:00,1819.49,1837.51,1818.47,1836.06,8429.0
2024-01-03 14:31:00,1835.8,1836.91,1835.44,1836.64,3881.0
2024-01-03 14:32:00,1835.8500000000001,1838.83,1834.6000000000001,1837.3400000000001,2045.0
2024-01-03 14:33:00,1838.16,1845.31,1837.24,1843.22,8486.0
2024-01-03 14:34:00,1843.75,1848.94,1842.8400000000001,1847.33,5904.0
2024-01-03 14:35:00,1847.3600000000001,1858.25,1847.02,1855.48,2433.0
2024-01-03 14:36:00,1856.0900000000001,1870.38,1854.6100000000001,1868.54,3867.0
2024-01-03 14:37:00,1868.0,1871.4,1867.98,1870.24,7065.0
2024-01-03 14:38:00,1869.5900000000001,1882.7,1869.31,1881.19,4463.0
2024-01-03 14:39:00,1881.74,1883.67,1881.28,1883.22,2261.0
2024-01-03 14:40:00,1883.54,1891.24,1882.95,1889.3700000000001,2090.0
2024-01-03 14:41:00,1888.15,1888.8700000000001,1870.44,1872.8500000000001,6150.0
2024-01-03 14:42:00,1873.67,1874.67,1864.32,1866.48,3570.0
2024-01-03 14:43:00,1866.76,1869.27,1866.53,1868.95,7404.0
2024-01-03 14:44:00,1869.29,1869.68,1864.1200000000001,1864.19,8572.0
2024-01-03 14:45:00,1864.52,1865.32,1857.99,1860.52,1944.0
2024-01-03 14:46:00,1860.29,1861.49,1853.06,1854.16,3968.0
2024-01-03 14:47:00,1854.6000000000001,1855.06,1845.75,1847.26,3796.0
2024-01-03 14:48:00,1847.4,1858.57,1846.7,1855.8500000000001,4308.0
2024-01-03 14:49:00,1857.08,1864.39,1855.43,1862.73,8672.0
2024-01-03 14:50:00,1863.24,1866.54,1862.23,1864.66,3758.0
2024-01-03 14:51:00,1863.45,1863.64,1859.06,1861.5,1939.0
2024-01-03 14:52:00,1861.65,1861.69,1848.8500000000001,1849.29,6082.0
2024-01-03 14:53:00,1848.8,1857.8600000000001,1848.65,1857.02,6479.0
2024-01-03 14:54:00,1856.83,1863.32,1855.47,1862.93,5267.0
2024-01-03 14:55:00,1862.79,1866.45,1861.1200000000001,1865.18,2010.0
2024-01-03 14:56:00,1865.16,1866.27,1864.8500000000001,1865.4,5435.0
2024-01-03 14:57:00,1865.4,1866.33,1859.23,1861.47,2946.0
2024-01-03 14:58:00,1861.67,1862.94,1846.21,1847.06,3873.0
2024-01-03 14:59:00,1847.44,1859.31,1847.3500000000001,1857.03,8235.0
2024-01-03 15:00:00,1857.23,1869.83,1856.71,1868.53,4967.0
2024-01-03 15:01:00,1868.72,1871.96,1867.14,1869.7,4089.0
2024-01-03 15:02:00,1869.39,1869.63,1864.8700000000001,1866.33,2516.0
2024-01-03 15:03:00,1866.72,1875.89,1866.5900000000001,1875.78,3157.0
2024-01-03 15:04:00,1876.69,1877.95,1870.46,1871.0900000000001,4266.0
2024-01-03 15:05:00,1870.3400000000001,1871.6000000000001,1866.96,1868.99,7991.0
2024-01-03 15:06:00,1868.42,1880.0900000000001,1867.71,1878.13,2970.0
2024-01-03 15:07:00,1878.51,1880.1100000000001,1858.77,1860.65,6381.0
2024-01-03 15:08:00,1860.1000000000001,1863.94,1859.27,1862.0,4684.0
2024-01-03 15:09:00,1862.56,1863.7,1842.0900000000001,1843.55,1673.0
2024-01-03 15:10:00,1843.15,1843.64,1833.8400000000001,1834.65,4077.0
2024-01-03 15:11:00,1834.01,1834.28,1831.71,1832.47,8812.0
2024-01-03 15:12:00,1832.53,1845.88,1831.1100000000001,1844.5,3330.0
2024-01-03 15:13:00,1844.13,1848.88,1842.48,1847.52,2407.0
2024-01-03 15:14:00,1846.95,1851.41,1845.75,1849.73,6616.0
2024-01-03 15:15:00,1850.01,1850.68,1837.97,1840.26,2326.0
2024-01-03 15:16:00,1840.56,1841.72,1833.83,1836.31,5341.0
2024-01-03 15:17:00,1837.04,1837.82,1821.06,1822.74,7480.0
2024-01-03 15:18:00,1822.6000000000001,1827.04,1822.3600000000001,1826.03,4999.0
2024-01-03 15:19:00,1825.79,1826.15,1812.69,1814.75,3888.0
2024-01-03 15:20:00,1814.54,1815.3600000000001,1801.98,1804.49,1567.0
2024-01-03 15:21:00,1804.63,1805.31,1803.16,1804.71,7759.0
2024-01-03 15:22:00,1805.41,1806.6200000000001,1797.33,1797.46,4147.0
2024-01-03 15:23:00,1797.14,1799.3500000000001,1796.07,1799.31,6895.0
2024-01-03 15:24:00,1799.45,1808.25,1798.42,1807.15,4818.0
2024-01-03 15:25:00,1806.93,1807.98,1798.8,1799.25,6772.0
2024-01-03 15:26:00,1799.31,1800.43,1789.8700000000001,1792.47,6869.0
2024-01-03 15:27:00,1792.97,1794.19,1775.5900000000001,1775.75,7322.0
2024-01-03 15:28:00,1776.28,1777.1000000000001,1773.24,1773.66,4368.0
2024-01-03 15:29:00,1772.82,1772.99,1768.22,1768.31,4780.0
2024-01-03 15:30:00,1768.18,1769.57,1761.19,1763.3700000000001,4854.0
2024-01-03 15:31:00,1763.6000000000001,1764.44,1761.6100000000001,1761.94,5977.0
2024-01-03 15:32:00,1762.25,1762.57,1750.63,1751.57,1865.0
2024-01-03 15:33:00,1750.71,1751.83,1744.03,1745.91,5469.0
2024-01-03 15:34:00,1746.14,1747.13,1745.8400000000001,1746.3700000000001,7287.0
2024-01-03 15:35:00,1746.63,1753.8500000000001,1745.5,1752.3,4773.0
2024-01-03 15:36:00,1752.04,1752.72,1746.89,1747.0,8154.0
2024-01-03 15:37:00,1746.73,1748.6000000000001,1746.05,1748.5900000000001,3485.0
2024-01-03 15:38:00,1749.01,1759.3,1747.67,1757.63,4385.0
2024-01-03 15:39:00,1757.73,1829.8023,1750.9,1757.73,141354.09990799776
2024-01-03 15:40:00,1751.21,1752.05,1728.8777599999999,1732.91722,2105.0
2024-01-03 15:41:00,1736.89,1742.8,1730.44305,1738.1467400000001,2746.0
2024-01-03 15:42:00,1741.51,1742.3600000000001,1729.8947,1733.76552,3341.0
2024-01-03 15:43:00,1737.47,1738.1100000000001,1726.33541,1728.80546,6960.0
2024-01-03 15:44:00,1732.19,1732.29,1727.14,1727.92,3689.0
2024-01-03 15:45:00,1727.28,1727.65,1712.1000000000001,1714.27,3396.0
2024-01-03 15:46:00,1713.88,1714.74,1712.89,1713.41,6865.0
2024-01-03 15:47:00,1713.75,1713.82,1695.6100000000001,1698.04,5627.0
2024-01-03 15:48:00,1698.14,1703.64,1696.88,1701.41,8728.0
2024-01-03 15:49:00,1701.58,1704.72,1700.25,1702.2,8389.0
2024-01-03 15:50:00,1702.68,1703.26,1691.29,1692.72,4637.0
2024-01-03 15:51:00,1692.6200000000001,1694.8400000000001,1691.15,1693.63,4129.0
2024-01-03 15:52:00,1694.24,1695.39,1689.93,1691.6100000000001,6528.0
2024-01-03 15:53:00,1691.73,1695.06,1690.6200000000001,1693.73,7135.0
2024-01-03 15:54:00,1693.8700000000001,1698.32,1692.46,1696.14,4588.0
2024-01-03 15:55:00,1694.89,1703.45,1694.19,1701.51,6901.0
2024-01-03 15:56:00,1701.4,1713.3,1700.05,1712.02,2085.0
2024-01-03 15:57:00,1711.47,1711.47,1710.39,1711.17,7691.0
2024-01-03 15:58:00,1711.25,1717.3600000000001,1710.8600000000001,1717.32,6598.0
2024-01-03 15:59:00,1717.43,1717.73,1705.41,1707.57,6111.0
2024-01-03 16:00:00,1707.27,1707.41,1694.19,1694.8700000000001,7856.0
2024-01-03 16:01:00,1694.7,1695.8600000000001,1690.8400000000001,1690.9,2619.0
2024-01-03 16:02:00,1691.31,1692.25,1681.21,1683.6000000000001,7042.0
2024-01-03 16:03:00,1682.46,1683.6200000000001,1678.92,1680.75,2703.0
2024-01-03 16:04:00,1680.1000000000001,1681.6100000000001,1672.6100000000001,1674.8600000000001,3825.0
2024-01-03 16:05:00,1675.39,1677.99,1674.7,1675.82,4801.0
2024-01-03 16:06:00,1675.43,1677.91,1674.22,1677.47,3005.0
2024-01-03 16:07:00,1677.99,1682.67,1676.77,1682.01,3852.0
2024-01-03 16:08:00,1682.53,1683.28,1672.31,1673.29,5899.0
2024-01-03 16:09:00,1673.3,1679.6000000000001,1672.79,1677.46,2041.0
2024-01-03 16:10:00,1677.6100000000001,1686.66,1677.08,1686.41,5498.0
2024-01-03 16:11:00,1685.98,1686.66,1679.07,1680.53,5599.0
2024-01-03 16:12:00,1680.52,1681.05,1678.8700000000001,1678.96,7687.0
2024-01-03 16:13:00,1679.24,1680.74,1674.79,1675.97,2802.0
2024-01-03 16:14:00,1675.63,1675.82,1670.06,1670.55,3160.0
2024-01-03 16:15:00,1671.79,1673.57,1671.1100000000001,1672.54,6174.0
2024-01-03 16:16:00,1672.38,1678.41,1672.1100000000001,1677.75,3091.0
2024-01-03 16:17:00,1678.06,1684.74,1677.47,1682.48,3072.0
2024-01-03 16:18:00,1681.9,1683.26,1679.33,1680.6100000000001,7049.0
2024-01-03 16:19:00,1681.03,1691.1100000000001,1679.68,1690.69,8825.0
2024-01-03 16:20:00,1690.5900000000001,1690.65,1686.25,1688.27,3596.0
2024-01-03 16:21:00,1688.3700000000001,1689.54,1678.78,1679.45,1898.0
2024-01-03 16:22:00,1679.16,1679.97,1676.06,1676.56,6543.0
2024-01-03 16:23:00,1675.43,1684.22,1675.02,1683.81,6750.0
2024-01-03 16:24:00,1683.98,1686.95,1683.77,1685.3,2191.0
2024-01-03 16:25:00,1684.77,1685.56,1678.28,1680.0900000000001,5229.0
2024-01-03 16:26:00,1679.52,1690.75,1678.39,1689.95,5556.0
2024-01-03 16:27:00,1690.81,1698.6200000000001,1690.29,1698.53,6035.0
2024-01-03 16:28:00,1699.01,1700.76,1698.93,1699.02,5022.0
2024-01-03 16:29:00,1699.5,1700.88,1693.64,1694.3400000000001,2947.0
2024-01-03 16:30:00,1694.79,1707.69,1693.8,1707.42,8116.0
2024-01-03 16:31:00,1707.3,1708.78,1701.2,1703.48,2604.0
2024-01-03 16:32:00,1703.8500000000001,1704.78,1696.7,1698.0,5404.0
2024-01-03 16:33:00,1697.99,1709.01,1697.95,1708.52,8119.0
2024-01-03 16:34:00,1709.04,1712.22,1707.58,1710.05,1648.0
2024-01-03 16:35:00,1709.76,1710.97,1705.4,1707.3700000000001,2529.0
2024-01-03 16:36:00,1707.24,1714.83,1706.49,1712.77,2679.0
2024-01-03 16:37:00,1713.0900000000001,1713.42,1708.42,1709.18,5794.0
2024-01-03 16:38:00,1709.29,1718.45,1709.03,1717.5900000000001,6606.0
2024-01-03 16:39:00,1717.5900000000001,1736.02,1717.45,1734.3700000000001,2815.0
2024-01-03 16:40:00,1735.26,1737.44,1734.72,1735.67,7563.0
2024-01-03 16:41:00,1736.1100000000001,1737.05,1731.53,1733.4,7903.0
2024-01-03 16:42:00,1733.94,1735.28,1733.24,1734.55,4485.0
2024-01-03 16:43:00,1734.71,1742.68,1734.64,1741.4,8664.0
2024-01-03 16:44:00,1740.79,1742.67,1739.54,1741.77,1971.0
2024-01-03 16:45:00,1741.52,1747.99,1741.22,1746.8600000000001,8104.0
2024-01-03 16:46:00,1747.31,1750.82,1746.18,1750.05,3533.0
2024-01-03 16:47:00,1749.91,1755.76,1748.58,1753.8,4049.0
2024-01-03 16:48:00,1754.16,1755.47,1748.05,1749.2,7955.0
2024-01-03 16:49:00,1749.0,1755.89,1747.5900000000001,1754.81,6596.0
2024-01-03 16:50:00,1755.75,1764.32,1755.3600000000001,1763.31,8338.0
2024-01-03 16:51:00,1762.5900000000001,1762.68,1762.2,1762.63,8374.0
2024-01-03 16:52:00,1762.45,1762.91,1757.73,1757.83,26062.692125310165
2024-01-03 16:53:00,1757.8700000000001,1758.91,1756.44,1758.49,5266.0
2024-01-03 16:54:00,1758.39,1765.74,1758.26,1765.48,2093.0
2024-01-03 16:55:00,1765.43,1765.97,1757.8500000000001,1759.38,4960.0
2024-01-03 16:56:00,1758.8700000000001,1763.63,1757.75,1763.24,7353.0
2024-01-03 16:57:00,1763.28,1771.28,1763.07,1768.8400000000001,6087.0
2024-01-03 16:58:00,1769.26,1776.71,1767.8600000000001,1774.19,6567.0
2024-01-03 16:59:00,1774.39,1782.17,1773.15,1780.39,3408.0
2024-01-03 17:00:00,1779.97,1780.6100000000001,1778.77,1780.57,1901.0
2024-01-03 17:01:00,1780.9,1781.28,1776.19,1778.7,8870.0
2024-01-03 17:02:00,1778.32,1783.08,1777.78,1781.74,5406.0
2024-01-03 17:03:00,1781.32,1781.56,1775.2,1775.39,3032.0
2024-01-03 17:04:00,1775.22,1775.32,1773.0,1774.94,3029.0
2024-01-03 17:05:00,1775.83,1784.7,1774.69,1783.44,5167.0
2024-01-03 17:06:00,1783.31,1783.91,1777.03,1779.56,8624.0
2024-01-03 17:07:00,1779.77,1792.2,1778.48,1789.8600000000001,4438.0
2024-01-03 17:08:00,1790.47,1800.77,1788.98,1799.58,8011.0
2024-01-03 17:09:00,1799.23,1800.6000000000001,1789.53,1791.17,5612.0
2024-01-03 17:10:00,1791.48,1793.17,1790.47,1792.91,2158.0
2024-01-03 17:11:00,1792.77,1793.18,1789.31,1790.71,3455.0
2024-01-03 17:12:00,1791.22,1791.48,1786.67,1789.22,8197.0
2024-01-03 17:13:00,1788.48,1797.06,1787.04,1796.66,4252.0
2024-01-03 17:14:00,1797.17,1806.97,1796.48,1805.28,4575.0
2024-01-03 17:15:00,1806.03,1810.3500000000001,1804.9,1807.8700000000001,6984.0
2024-01-03 17:16:00,1807.22,1807.42,1805.69,1807.24,5420.0
2024-01-03 17:17:00,1806.45,1807.5900000000001,1788.65,1791.05,1661.0
2024-01-03 17:18:00,1790.41,1791.1100000000001,1778.74,1780.01,5908.0
2024-01-03 17:19:00,1779.27,1788.0900000000001,1778.56,1787.8500000000001,1781.0
2024-01-03 17:20:00,1788.0900000000001,1788.2,1768.4,1768.75,3315.0
2024-01-03 17:21:00,1768.46,1773.91,1767.13,1772.47,3331.0
2024-01-03 17:22:00,1773.16,1774.1000000000001,1762.2,1764.23,4968.0
2024-01-03 17:23:00,1763.97,1765.45,1756.1000000000001,1757.53,5842.0
2024-01-03 17:24:00,1757.29,1758.74,1750.54,1752.49,6808.0
2024-01-03 17:25:00,1751.43,1761.4,1750.2,1759.93,4503.0
2024-01-03 17:26:00,1760.55,1761.57,1757.57,1758.94,6534.0
2024-01-03 17:27:00,1759.03,1759.08,1750.47,1750.98,1577.0
2024-01-03 17:28:00,1752.15,1752.29,1745.07,1747.54,6174.0
2024-01-03 17:29:00,1749.15,1749.88,1747.51,1748.8400000000001,2971.0
2024-01-03 17:30:00,1748.72,1752.71,1747.56,1751.0900000000001,7550.0
2024-01-03 17:31:00,1750.5900000000001,1751.95,1746.29,1748.52,4376.0
2024-01-03 17:32:00,1748.72,1757.29,1748.6000000000001,1755.24,5511.0
2024-01-03 17:33:00,1754.1100000000001,1763.77,1753.9,1763.39,5906.0
2024-01-03 17:34:00,1763.3700000000001,1764.55,1760.4,1761.91,6934.0
2024-01-03 17:35:00,1761.5,1762.06,1757.38,1759.1200000000001,8647.0
2024-01-03 17:36:00,1759.53,1759.76,1754.4,1756.79,4207.0
2024-01-03 17:37:00,1756.23,1758.6200000000001,1756.0,1756.7,3347.0
2024-01-03 17:38:00,1756.21,1761.2,1755.96,1758.73,8870.0
2024-01-03 17:39:00,1758.21,1759.48,1756.0,1757.47,8099.0
2024-01-03 17:40:00,1757.66,1761.17,1757.3500000000001,1759.49,1795.0
2024-01-03 17:41:00,1759.45,1760.99,1752.51,1753.21,4611.0
2024-01-03 17:42:00,1753.68,1759.55,1753.43,1758.94,7230.0
2024-01-03 17:43:00,1758.5900000000001,1765.92,1757.52,1765.1200000000001,5759.0
2024-01-03 17:44:00,1765.76,1767.07,1750.3700000000001,1750.45,7527.0
2024-01-03 17:45:00,1749.47,1762.76,1748.82,1761.74,7148.0
2024-01-03 17:46:00,1762.24,1768.66,1761.47,1766.32,1877.0
2024-01-03 17:47:00,1766.21,1770.99,1764.89,1769.96,7455.0
2024-01-03 17:48:00,1770.6000000000001,1780.93,1769.3,1779.5,6409.0
2024-01-03 17:49:00,1778.93,1795.24,1778.1000000000001,1793.5,7370.0
2024-01-03 17:50:00,1793.33,1806.29,1792.0,1804.03,6475.0
2024-01-03 17:51:00,1804.07,1818.79,1804.06,1817.26,3575.0
2024-01-03 17:52:00,1817.23,1823.78,1816.29,1823.3,8106.0
2024-01-03 17:53:00,1823.53,1824.95,1814.64,1816.13,2968.0
2024-01-03 17:54:00,1816.65,1834.66,1815.65,1833.8600000000001,4849.0
2024-01-03 17:55:00,1833.77,1835.23,1821.41,1823.3700000000001,5626.0
2024-01-03 17:56:00,1823.8,1824.13,1809.06,1811.29,2038.0
2024-01-03 17:57:00,1811.6100000000001,1816.83,1810.78,1814.13,3106.0
2024-01-03 17:58:00,1814.6100000000001,1826.8600000000001,1814.19,1825.97,2813.0
2024-01-03 17:59:00,1826.71,1827.88,1823.22,1824.3700000000001,5191.0
2024-01-03 18:00:00,1824.71,1835.69,1824.0900000000001,1834.06,1626.0
2024-01-03 18:01:00,1834.02,1834.8,1828.82,1829.89,2510.0
2024-01-03 18:02:00,1829.71,1830.82,1808.55,1810.54,6577.0
2024-01-03 18:03:00,1811.51,1813.0,1795.08,1796.3700000000001,7844.0
2024-01-03 18:04:00,1795.9,1796.45,1793.47,1793.47,6610.0
2024-01-03 18:05:00,1793.7,1794.0,1783.01,1784.29,4793.0
2024-01-03 18:06:00,1784.49,1793.3,1782.88,1791.1200000000001,7013.0
2024-01-03 18:07:00,1791.44,1791.51,1784.75,1786.08,4395.0
2024-01-03 18:08:00,1785.96,1795.66,1785.68,1794.41,7759.0
2024-01-03 18:09:00,1793.93,1794.0,1779.38,1780.64,5956.0
2024-01-03 18:10:00,1780.94,1791.01,1780.8400000000001,1789.21,4133.0
2024-01-03 18:11:00,1789.73,1791.04,1782.44,1785.0900000000001,6619.0
2024-01-03 18:12:00,1785.4,1785.49,1781.74,1783.89,8539.0
2024-01-03 18:13:00,1784.41,1784.65,1776.5900000000001,1777.06,6225.0
2024-01-03 18:14:00,1777.3600000000001,1788.29,1777.02,1786.8700000000001,3241.0
2024-01-03 18:15:00,1786.6200000000001,1807.63,1785.7,1805.32,6114.0
2024-01-03 18:16:00,1805.5900000000001,1815.93,1804.77,1815.8600000000001,2344.0
2024-01-03 18:17:00,1816.94,1827.98,1815.99,1825.42,2371.0
2024-01-03 18:18:00,1825.65,1830.8600000000001,1825.41,1830.42,6011.0
2024-01-03 18:19:00,1829.94,1834.0900000000001,1828.78,1831.83,3173.0
2024-01-03 18:20:00,1831.3,1831.96,1821.89,1822.46,4812.0
2024-01-03 18:21:00,1821.93,1822.69,1814.32,1816.39,5863.0
2024-01-03 18:22:00,1816.06,1816.24,1810.69,1812.6200000000001,3594.0
2024-01-03 18:23:00,1813.21,1814.44,1811.1200000000001,1811.99,1945.0
2024-01-03 18:24:00,1812.5900000000001,1813.94,1804.48,1805.76,6993.0
2024-01-03 18:25:00,1806.3,1808.24,1805.74,1807.75,6098.0
2024-01-03 18:26:00,1806.69,1807.97,1792.8600000000001,1795.1200000000001,1641.0
2024-01-03 18:27:00,1795.48,1796.3,1791.07,1791.6000000000001,6733.0
2024-01-03 18:28:00,1790.98,1791.27,1780.52,1782.63,2352.0
2024-01-03 18:29:00,1783.3700000000001,1790.8500000000001,1782.8400000000001,1789.79,3746.0
2024-01-03 18:30:00,1789.49,1789.5900000000001,1777.07,1778.79,3889.0
2024-01-03 18:31:00,1778.45,1787.42,1776.97,1784.81,4022.0
2024-01-03 18:32:00,1785.03,1791.0,1784.13,1790.49,7176.0
2024-01-03 18:33:00,1789.94,1790.33,1781.26,1781.27,7593.0
2024-01-03 18:34:00,1781.67,1793.6100000000001,1781.47,1793.24,5098.0
2024-01-03 18:35:00,1794.0900000000001,1815.78,1793.68,1815.05,1635.0
2024-01-03 18:36:00,1816.01,1817.52,1815.6000000000001,1815.67,2928.0
2024-01-03 18:37:00,1815.2,1817.54,1814.6100000000001,1817.07,5600.0
2024-01-03 18:38:00,1816.75,1818.06,1812.63,1814.57,6217.0
2024-01-03 18:39:00,1815.41,1816.32,1811.38,1811.66,3062.0
2024-01-03 18:40:00,1811.14,1815.21,1810.41,1814.65,6598.0
2024-01-03 18:41:00,1814.66,1814.73,1792.05,1793.8700000000001,7543.0
2024-01-03 18:42:00,1794.1000000000001,1794.15,1780.05,1781.44,5249.0
2024-01-03 18:43:00,1781.1200000000001,1782.67,1769.9,1770.72,2038.0
2024-01-03 18:44:00,1770.7,1775.98,1769.99,1774.3500000000001,2192.0
2024-01-03 18:45:00,1773.8700000000001,1774.19,1768.28,1769.46,2172.0
2024-01-03 18:46:00,1770.6200000000001,1774.56,1770.45,1773.9,7747.0
2024-01-03 18:47:00,1772.78,1774.07,1759.15,1761.65,5828.0
2024-01-03 18:48:00,1762.94,1768.46,1761.91,1768.13,5154.0
2024-01-03 18:49:00,1768.93,1768.96,1755.5900000000001,1756.6000000000001,8997.0
2024-01-03 18:50:00,1757.23,1758.79,1751.81,1752.5900000000001,5441.0
2024-01-03 18:51:00,1752.71,1757.8400000000001,1751.8400000000001,1757.3500000000001,5454.0
2024-01-03 18:52:00,1757.49,1766.27,1756.26,1764.1100000000001,5512.0
2024-01-03 18:53:00,1763.23,1768.3600000000001,1762.6100000000001,1767.8400000000001,4958.0
2024-01-03 18:54:00,1767.7,1768.78,1766.33,1767.21,5960.0
2024-01-03 18:55:00,1766.92,1768.45,1761.56,1763.02,1705.0
2024-01-03 18:56:00,1762.13,1765.9,1761.28,1763.89,2744.0
2024-01-03 18:57:00,1764.1200000000001,1767.32,1764.08,1767.13,8041.0
2024-01-03 18:58:00,1767.72,1772.3400000000001,1766.95,1772.33,8868.0
2024-01-03 18:59:00,1773.24,1780.76,1772.6000000000001,1780.15,7760.0
2024-01-03 19:00:00,1780.45,1790.69,1780.41,1790.08,6693.0
2024-01-03 19:01:00,1790.55,1793.73,1789.64,1793.25,5518.0
2024-01-03 19:02:00,1792.3600000000001,1793.3,1784.1200000000001,1786.29,4723.0
2024-01-03 19:03:00,1785.69,1786.8700000000001,1782.0,1784.46,2388.0
2024-01-03 19:04:00,1785.38,1790.75,1784.19,1789.93,2863.0
2024-01-03 19:05:00,1789.98,1790.46,1777.0,1778.08,4643.0
2024-01-03 19:06:00,1778.47,1790.56,1776.95,1789.08,8580.0
2024-01-03 19:07:00,1789.97,1790.63,1781.3700000000001,1782.97,7625.0
2024-01-03 19:08:00,1782.46,1783.2,1771.8500000000001,1772.3700000000001,5593.0
2024-01-03 19:09:00,1771.96,1775.4,1770.39,1773.22,6320.0
2024-01-03 19:10:00,1773.48,1790.6100000000001,1772.94,1789.54,8447.0
2024-01-03 19:11:00,1789.8,1790.08,1768.05,1770.1200000000001,7298.0
2024-01-03 19:12:00,1770.18,1776.1000000000001,1769.03,1773.6100000000001,6707.0
2024-01-03 19:13:00,1773.53,1774.77,1758.26,1760.28,2547.0
2024-01-03 19:14:00,1760.66,1761.8700000000001,1758.38,1760.38,2011.0
2024-01-03 19:15:00,1760.24,1763.97,1758.91,1761.83,1866.0
2024-01-03 19:16:00,1762.52,1762.8,1754.88,1756.01,1723.0
2024-01-03 19:17:00,1755.5,1755.6100000000001,1751.94,1752.44,7385.0
2024-01-03 19:18:00,1752.46,1752.49,1750.08,1750.71,6640.0
2024-01-03 19:19:00,1750.89,1751.77,1744.94,1745.49,2757.0
2024-01-03 19:20:00,1745.53,1746.3600000000001,1741.02,1742.88,8608.0
2024-01-03 19:21:00,1742.43,1797.31746,1740.94,1742.43,15093.0
2024-01-03 19:22:00,1742.78,1752.1100000000001,1736.68427,1746.47006,5726.0
2024-01-03 19:23:00,1749.69,1752.3500000000001,1742.9653700000001,1746.33034,6132.0
2024-01-03 19:24:00,1749.82,1750.63,1738.27947,1742.3084,8541.0
2024-01-03 19:25:00,1745.45,1746.42,1737.99034,1741.19064,4856.0
2024-01-03 19:26:00,1744.31,1756.83,1743.06,1755.0,4724.0
2024-01-03 19:27:00,1754.81,1756.08,1751.55,1751.97,4342.0
2024-01-03 19:28:00,1751.8500000000001,1753.3700000000001,1737.22,1739.1100000000001,6539.0
2024-01-03 19:29:00,1738.8400000000001,1742.48,1738.3500000000001,1741.1200000000001,6772.0
2024-01-03 19:30:00,1739.8500000000001,1740.94,1735.95,1737.48,4914.0
2024-01-03 19:31:00,1737.67,1738.97,1721.65,1723.79,6804.0
2024-01-03 19:32:00,1723.75,1727.3700000000001,1723.6200000000001,1727.29,5033.0
2024-01-03 19:33:00,1726.99,1742.1000000000001,1726.42,1740.8500000000001,8795.0
2024-01-03 19:34:00,1741.14,1741.58,1725.82,1727.46,6158.0
2024-01-03 19:35:00,1727.49,1732.3,1726.56,1730.19,6884.0
2024-01-03 19:36:00,1730.53,1731.89,1724.56,1727.15,7448.0
2024-01-03 19:37:00,1726.32,1727.6000000000001,1721.04,1723.31,8004.0
2024-01-03 19:38:00,1723.49,1727.6200000000001,1722.25,1727.16,7917.0
2024-01-03 19:39:00,1727.54,1732.0,1727.25,1730.8600000000001,1584.0
2024-01-03 19:40:00,1730.49,1737.07,1730.4,1736.24,1795.0
2024-01-03 19:41:00,1736.08,1740.04,1735.03,1739.81,7351.0
2024-01-03 19:42:00,1739.24,1741.08,1738.24,1740.5,7791.0
2024-01-03 19:43:00,1740.72,1748.96,1740.5900000000001,1746.54,8316.0
2024-01-03 19:44:00,1745.95,1759.41,1744.6200000000001,1758.76,5221.0
2024-01-03 19:45:00,1758.1100000000001,1771.77,1757.26,1769.73,3153.0
2024-01-03 19:46:00,1770.26,1775.97,1770.14,1775.38,7180.0
2024-01-03 19:47:00,1775.8700000000001,1790.65,1775.25,1788.02,4210.0
2024-01-03 19:48:00,1789.03,1794.04,1788.8600000000001,1793.63,6412.0
2024-01-03 19:49:00,1794.07,1806.16,1793.66,1804.1100000000001,4773.0
2024-01-03 19:50:00,1803.91,1804.46,1789.47,1791.78,3386.0
2024-01-03 19:51:00,1790.5900000000001,1790.8,1784.88,1786.45,3416.0
2024-01-03 19:52:00,1785.89,1793.93,1785.88,1791.29,1526.0
2024-01-03 19:53:00,1791.48,1814.95,1790.8500000000001,1813.72,5546.0
2024-01-03 19:54:00,1814.4,1814.65,1809.01,1809.3,8684.0
2024-01-03 19:55:00,1809.58,1824.89,1809.29,1824.55,3777.0
2024-01-03 19:56:00,1825.58,1833.47,1824.88,1832.6000000000001,6551.0
2024-01-03 19:57:00,1832.6000000000001,1833.55,1812.42,1813.41,3430.0
2024-01-03 19:58:00,1813.72,1832.38,1812.8,1832.0900000000001,5031.0
2024-01-03 19:59:00,1833.06,1846.3600000000001,1832.3400000000001,1844.29,2815.0
2024-01-03 20:00:00,1844.71,1855.42,1844.2,1853.14,4397.0
2024-01-03 20:01:00,1852.8,1863.29,1851.96,1860.58,8579.0
2024-01-03 20:02:00,1862.14,1862.67,1861.68,1862.02,3661.0
2024-01-03 20:03:00,1861.1000000000001,1862.74,1855.7,1858.21,7289.0
2024-01-03 20:04:00,1858.48,1860.1100000000001,1845.69,1847.23,3930.0
2024-01-03 20:05:00,1847.22,1866.31,1846.22,1864.77,5844.0
2024-01-03 20:06:00,1863.97,1865.63,1859.96,1860.7,2780.0
2024-01-03 20:07:00,1860.33,1863.42,1859.18,1863.42,6571.0
2024-01-03 20:08:00,1863.63,1873.96,1863.0,1873.3400000000001,3015.0
2024-01-03 20:09:00,1873.6000000000001,1882.19,1872.79,1879.43,6921.0
2024-01-03 20:10:00,1879.1200000000001,1879.17,1878.3500000000001,1878.94,4578.0
2024-01-03 20:11:00,1878.53,1880.03,1877.32,1879.77,6716.0
2024-01-03 20:12:00,1880.1000000000001,1881.71,1878.54,1880.89,8450.0
2024-01-03 20:13:00,1881.3,1886.05,1879.9,1883.6000000000001,2445.0
2024-01-03 20:14:00,1883.14,1887.52,1882.26,1885.31,7657.0
2024-01-03 20:15:00,1884.42,1885.52,1872.96,1873.3500000000001,6161.0
2024-01-03 20:16:00,1873.49,1885.26,1872.13,1884.6200000000001,6331.0
2024-01-03 20:17:00,1886.04,1905.33,1884.79,1904.64,4287.0
2024-01-03 20:18:00,1904.0,1904.54,1893.8600000000001,1896.04,8068.0
2024-01-03 20:19:00,1896.25,1897.23,1879.75,1880.46,3490.0
2024-01-03 20:20:00,1879.93,1880.33,1869.93,1871.66,5442.0
2024-01-03 20:21:00,1872.04,1876.94,1870.78,1876.74,7990.0
2024-01-03 20:22:00,1876.49,1878.17,1863.21,1865.5900000000001,8855.0
2024-01-03 20:23:00,1865.05,1872.54,1864.3600000000001,1870.42,7934.0
2024-01-03 20:24:00,1869.28,1870.3700000000001,1853.19,1853.76,7393.0
2024-01-03 20:25:00,1854.55,1854.93,1853.43,1854.3600000000001,5454.0
2024-01-03 20:26:00,1853.63,1853.82,1844.57,1846.01,3823.0
2024-01-03 20:27:00,1847.21,1847.64,1834.52,1835.2,1822.0
2024-01-03 20:28:00,1834.91,1836.78,1833.9,1835.93,3226.0
2024-01-03 20:29:00,1835.53,1841.28,1835.43,1840.33,2733.0
2024-01-03 20:30:00,1839.6200000000001,1849.0,1839.04,1848.78,8072.0
2024-01-03 20:31:00,1848.27,1852.03,1846.91,1851.53,5819.0
2024-01-03 20:32:00,1851.23,1852.08,1847.48,1848.71,6715.0
2024-01-03 20:33:00,1848.6200000000001,1857.77,1848.54,1857.05,3150.0
2024-01-03 20:34:00,1857.3,1858.08,1848.8,1851.19,7347.0
2024-01-03 20:35:00,1851.26,1857.24,1850.49,1855.44,4003.0
2024-01-03 20:36:00,1856.69,1857.57,1853.7,1854.14,7660.0
2024-01-03 20:37:00,1853.64,1854.23,1850.22,1851.0,2152.0
2024-01-03 20:38:00,1849.92,1863.42,1848.32,1862.31,7852.0
2024-01-03 20:39:00,1863.33,1864.45,1859.04,1860.06,6857.0
2024-01-03 20:40:00,1860.03,1871.81,1859.28,1869.71,5926.0
2024-01-03 20:41:00,1870.13,1870.14,1868.74,1870.0900000000001,6852.0
2024-01-03 20:42:00,1870.48,1878.8,1869.7,1878.3600000000001,2141.0
2024-01-03 20:43:00,1879.19,1881.15,1878.18,1879.65,2916.0
2024-01-03 20:44:00,1880.1200000000001,1881.58,1870.98,1872.26,7062.0
2024-01-03 20:45:00,1872.69,1878.02,1871.75,1876.93,3374.0
2024-01-03 20:46:00,1876.55,1883.18,1874.89,1881.3700000000001,3902.0
2024-01-03 20:47:00,1881.33,1881.65,1872.13,1874.8600000000001,2401.0
2024-01-03 20:48:00,1874.21,1874.24,1867.77,1867.82,4044.0
2024-01-03 20:49:00,1867.8700000000001,1868.48,1859.89,1861.24,6769.0
2024-01-03 20:50:00,1862.43,1862.64,1858.76,1859.64,7371.0
2024-01-03 20:51:00,1858.16,1858.6100000000001,1835.44,1838.19,2434.0
2024-01-03 20:52:00,1838.47,1844.45,1837.8500000000001,1843.58,7001.0
2024-01-03 20:53:00,1843.53,1850.71,1842.3,1849.44,1506.0
2024-01-03 20:54:00,1850.33,1853.94,1849.88,1851.39,3081.0
2024-01-03 20:55:00,1852.1100000000001,1852.8500000000001,1845.05,1846.06,6179.0
2024-01-03 20:56:00,1846.7,1848.3600000000001,1846.6000000000001,1846.76,3432.0
2024-01-03 20:57:00,1847.0,1855.44,1845.94,1853.1200000000001,5366.0
2024-01-03 20:58:00,1853.43,1875.18,1852.93,1873.3,2531.0
2024-01-03 20:59:00,1872.9,1873.41,1866.2,1868.29,4088.0
2024-01-03 21:00:00,1868.3500000000001,1872.3,1866.99,1869.5,1691.0
2024-01-03 21:01:00,1869.96,1871.52,1860.04,1861.99,2730.0
2024-01-03 21:02:00,1863.04,1863.31,1845.08,1846.23,1901.0
2024-01-03 21:03:00,1846.39,1860.79,1846.23,1858.3400000000001,4827.0
2024-01-03 21:04:00,1857.3600000000001,1871.39,1856.78,1870.6200000000001,4349.0
2024-01-03 21:05:00,1871.32,1871.43,1868.24,1870.1000000000001,7623.0
2024-01-03 21:06:00,1869.06,1872.1200000000001,1867.44,1871.26,7127.0
2024-01-03 21:07:00,1871.13,1871.82,1862.8400000000001,1865.3600000000001,5657.0
2024-01-03 21:08:00,1864.48,1865.96,1860.47,1862.06,5732.0
2024-01-03 21:09:00,1861.75,1862.73,1850.9,1852.1100000000001,3645.0
2024-01-03 21:10:00,1853.67,1863.82,1853.47,1861.3,4149.0
2024-01-03 21:11:00,1861.79,1863.26,1853.63,1853.83,8751.0
2024-01-03 21:12:00,1853.72,1854.95,1852.69,1854.49,5310.0
2024-01-03 21:13:00,1854.74,1863.26,1853.51,1861.8600000000001,7838.0
2024-01-03 21:14:00,1862.06,1862.6000000000001,1858.17,1859.83,5348.0
2024-01-03 21:15:00,1860.93,1861.96,1856.72,1858.71,4495.0
2024-01-03 21:16:00,1858.06,1869.5,1857.82,1866.76,3244.0
2024-01-03 21:17:00,1866.83,1869.5900000000001,1865.95,1868.32,5415.0
2024-01-03 21:18:00,1867.91,1874.89,1867.43,1874.31,6765.0
2024-01-03 21:19:00,1874.05,1874.55,1867.89,1868.76,2993.0
2024-01-03 21:20:00,1868.08,1877.64,1866.64,1875.95,1548.0
2024-01-03 21:21:00,1875.65,1876.99,1871.91,1873.31,4353.0
2024-01-03 21:22:00,1873.45,1875.28,1873.4,1874.6000000000001,4757.0
2024-01-03 21:23:00,1874.52,1875.29,1865.24,1867.64,4284.0
2024-01-03 21:24:00,1867.8700000000001,1882.63,1866.89,1881.56,5741.0
2024-01-03 21:25:00,1881.78,1882.04,1874.63,1877.22,4807.0
2024-01-03 21:26:00,1877.39,1878.8,1864.82,1864.95,8822.0
2024-01-03 21:27:00,1864.08,1867.1200000000001,1863.46,1864.69,5484.0
2024-01-03 21:28:00,1864.6100000000001,1869.39,1864.3500000000001,1867.58,4439.0
2024-01-03 21:29:00,1867.67,1868.33,1864.26,1864.88,8333.0
2024-01-03 21:30:00,1864.75,1865.65,1864.31,1864.55,1809.0
2024-01-03 21:31:00,1864.26,1874.39,1862.65,1873.13,7739.0
2024-01-03 21:32:00,1873.18,1873.21,1871.93,1872.6100000000001,5566.0
2024-01-03 21:33:00,1872.57,1884.66,1871.1000000000001,1883.1100000000001,4014.0
2024-01-03 21:34:00,1883.72,1884.49,1871.44,1872.8700000000001,5000.0
2024-01-03 21:35:00,1873.6100000000001,1875.1000000000001,1868.8,1870.6200000000001,2885.0
2024-01-03 21:36:00,1871.5,1875.1200000000001,1871.19,1872.8500000000001,2301.0
2024-01-03 21:37:00,1872.88,1873.99,1865.1200000000001,1865.3500000000001,3693.0
2024-01-03 21:38:00,1865.3700000000001,1866.6000000000001,1863.25,1865.31,2294.0
2024-01-03 21:39:00,1865.8600000000001,1869.63,1864.68,1866.93,2612.0
2024-01-03 21:40:00,1867.31,1869.21,1866.54,1868.1000000000001,2584.0
2024-01-03 21:41:00,1867.91,1874.03,1867.3600000000001,1873.97,2600.0
2024-01-03 21:42:00,1874.3600000000001,1875.4,1865.97,1866.01,7560.0
2024-01-03 21:43:00,1865.5,1871.44,1864.74,1870.8700000000001,4633.0
2024-01-03 21:44:00,1871.42,1876.94,1871.0900000000001,1875.94,4285.0
2024-01-03 21:45:00,1875.32,1876.1100000000001,1872.49,1873.82,1581.0
2024-01-03 21:46:00,1873.43,1880.3700000000001,1872.23,1878.94,8983.0
2024-01-03 21:47:00,1879.3,1880.88,1872.33,1875.0900000000001,5174.0
2024-01-03 21:48:00,1875.05,1876.51,1870.98,1871.4,4750.0
2024-01-03 21:49:00,1871.68,1873.63,1871.3700000000001,1872.17,4168.0
2024-01-03 21:50:00,1871.8700000000001,1872.0900000000001,1870.51,1871.41,5739.0
2024-01-03 21:51:00,1871.82,1872.07,1857.96,1860.46,2282.0
2024-01-03 21:52:00,1860.6200000000001,1861.71,1858.3,1858.52,8297.0
2024-01-03 21:53:00,1858.4,1866.18,1857.83,1864.4,22620.335185810258
2024-01-03 21:54:00,1863.75,1869.99,1862.19,1869.17,7586.0
2024-01-03 21:55:00,1869.08,1869.91,1861.95,1862.42,3317.0
2024-01-03 21:56:00,1861.0900000000001,1861.29,1845.3700000000001,1847.53,8064.0
2024-01-03 21:57:00,1847.6100000000001,1848.95,1843.54,1843.8,4081.0
2024-01-03 21:58:00,1842.98,1842.98,1831.23,1831.63,1715.0
2024-01-03 21:59:00,1831.71,1831.94,1829.31,1831.1200000000001,4164.0
2024-01-03 22:00:00,1831.26,1846.29,1829.9,1845.39,1742.0
2024-01-03 22:01:00,1844.99,1851.58,1843.89,1850.64,2977.0
2024-01-03 22:02:00,1850.72,1851.8500000000001,1849.0,1850.3600000000001,2429.0
2024-01-03 22:03:00,1850.8600000000001,1851.45,1844.67,1846.39,4996.0
2024-01-03 22:04:00,1846.26,1846.88,1836.18,1837.54,1905.0
2024-01-03 22:05:00,1838.1100000000001,1843.0,1837.77,1841.74,3376.0
2024-01-03 22:06:00,1841.66,1847.3,1840.57,1845.8700000000001,2809.0
2024-01-03 22:07:00,1845.6200000000001,1845.67,1834.89,1835.17,4610.0
2024-01-03 22:08:00,1834.79,1842.42,1833.45,1840.73,5286.0
2024-01-03 22:09:00,1840.5900000000001,1857.71,1839.76,1855.25,2942.0
2024-01-03 22:10:00,1855.98,1859.98,1854.89,1858.58,4621.0
2024-01-03 22:11:00,1859.88,1861.4,1856.23,1857.2,3594.0
2024-01-03 22:12:00,1856.75,1860.93,1856.0900000000001,1860.47,3118.0
2024-01-03 22:13:00,1860.32,1864.01,1860.2,1861.51,1150.0
2024-01-03 22:14:00,1860.98,1861.77,1856.78,1856.92,3265.0
2024-01-03 22:15:00,1856.95,1858.24,1855.9,1857.74,2862.0
2024-01-03 22:16:00,1858.1100000000001,1858.47,1855.05,1857.17,4412.0
2024-01-03 22:17:00,1856.14,1866.1000000000001,1854.91,1864.53,5041.0
2024-01-03 22:18:00,1863.72,1864.18,1854.68,1854.82,2623.0
2024-01-03 22:19:00,1854.07,1857.67,1852.43,1857.42,2498.0
2024-01-03 22:20:00,1856.9,1867.78,1855.3600000000001,1865.15,1712.0
2024-01-03 22:21:00,1865.49,1866.1100000000001,1861.52,1863.93,5503.0
2024-01-03 22:22:00,1863.8500000000001,1864.33,1860.66,1861.8700000000001,3979.0
2024-01-03 22:23:00,1862.54,1870.22,1862.22,1869.8600000000001,3459.0
2024-01-03 22:24:00,1870.04,1876.01,1869.52,1874.69,4439.0
2024-01-03 22:25:00,1875.18,1875.31,1870.57,1873.05,4793.0
2024-01-03 22:26:00,1873.52,1887.83,1871.9,1885.72,5749.0
2024-01-03 22:27:00,1886.55,1886.6000000000001,1877.67,1880.2,2912.0
2024-01-03 22:28:00,1880.8600000000001,1886.91,1879.78,1884.1100000000001,1429.0
2024-01-03 22:29:00,1883.6100000000001,1887.73,1881.94,1884.96,2170.0
2024-01-03 22:30:00,1885.2,1886.8700000000001,1883.73,1885.26,3375.0
2024-01-03 22:31:00,1884.64,1885.94,1879.32,1881.21,5915.0
2024-01-03 22:32:00,1882.07,1882.49,1877.16,1879.92,2245.0
2024-01-03 22:33:00,1879.96,1880.0900000000001,1876.55,1877.71,1070.0
2024-01-03 22:34:00,1878.77,1881.03,1877.57,1879.0900000000001,2005.0
2024-01-03 22:35:00,1878.8700000000001,1880.21,1874.19,1875.74,5699.0
2024-01-03 22:36:00,1875.5900000000001,1877.05,1870.9,1873.65,1598.0
2024-01-03 22:37:00,1874.14,1875.81,1861.32,1862.0900000000001,3956.0
2024-01-03 22:38:00,1862.24,1872.53,1860.8500000000001,1871.55,3249.0
2024-01-03 22:39:00,1871.9,1873.3400000000001,1871.55,1873.1100000000001,2457.0
2024-01-03 22:40:00,1873.07,1873.3400000000001,1872.23,1872.77,5816.0
2024-01-03 22:41:00,1872.43,1872.64,1865.56,1866.47,5897.0
2024-01-03 22:42:00,1866.82,1868.39,1861.1200000000001,1861.38,1640.0
2024-01-03 22:43:00,1861.38,1862.8600000000001,1859.94,1860.06,4211.0
2024-01-03 22:44:00,1859.3,1869.6200000000001,1857.96,1867.3,1135.0
2024-01-03 22:45:00,1867.1000000000001,1868.3600000000001,1859.43,1859.53,4522.0
2024-01-03 22:46:00,1859.64,1860.1000000000001,1858.4,1860.08,4164.0
2024-01-03 22:47:00,1859.98,1861.4,1859.88,1860.88,3568.0
2024-01-03 22:48:00,1859.1000000000001,1861.3700000000001,1858.8,1860.5,2841.0
2024-01-03 22:49:00,1859.98,1860.29,1852.91,1854.8400000000001,1012.0
2024-01-03 22:50:00,1855.06,1855.6200000000001,1851.22,1852.69,2237.0
2024-01-03 22:51:00,1852.82,1855.55,1851.89,1853.83,5271.0
2024-01-03 22:52:00,1854.15,1854.51,1850.3,1852.3500000000001,1445.0
2024-01-03 22:53:00,1852.46,1862.97,1851.8700000000001,1861.48,3544.0
2024-01-03 22:54:00,1860.8400000000001,1861.6000000000001,1854.1200000000001,1856.67,2976.0
2024-01-03 22:55:00,1857.19,1866.3700000000001,1856.55,1865.69,1067.0
2024-01-03 22:56:00,1865.07,1870.7,1864.77,1869.7,1210.0
2024-01-03 22:57:00,1869.39,1870.31,1863.68,1863.8700000000001,5009.0
2024-01-03 22:58:00,1862.66,1872.74,1861.53,1872.3500000000001,2134.0
2024-01-03 22:59:00,1872.07,1873.32,1868.94,1870.67,3657.0
2024-01-03 23:00:00,1871.16,1876.8400000000001,1870.88,1876.43,2154.0
2024-01-03 23:01:00,1877.25,1878.57,1875.3500000000001,1876.02,4848.0
2024-01-03 23:02:00,1875.88,1876.93,1869.01,1871.23,3985.0
2024-01-03 23:03:00,1871.0900000000001,1871.18,1868.04,1868.31,3923.0
2024-01-03 23:04:00,1867.8700000000001,1872.67,1867.79,1870.74,6920.06554570562
2024-01-03 23:05:00,1870.49,1870.82,1868.65,1869.6100000000001,4378.0
2024-01-03 23:06:00,1870.06,1877.73,1868.41,1876.43,1567.0
2024-01-03 23:07:00,1876.15,1887.23,1875.76,1884.6100000000001,2680.0
2024-01-03 23:08:00,1884.94,1885.25,1878.46,1879.52,1934.0
2024-01-03 23:09:00,1879.47,1880.45,1873.67,1876.21,4118.0
2024-01-03 23:10:00,1876.6200000000001,1883.21,1876.3,1881.92,5922.0
2024-01-03 23:11:00,1882.71,1885.93,1881.65,1884.42,3414.0
2024-01-03 23:12:00,1884.73,1889.8700000000001,1883.21,1887.96,1248.0
2024-01-03 23:13:00,1888.29,1889.28,1888.16,1888.16,1977.0
2024-01-03 23:14:00,1887.29,1889.8,1886.97,1889.1000000000001,4026.0
2024-01-03 23:15:00,1888.75,1890.25,1880.94,1883.65,3283.0
2024-01-03 23:16:00,1882.5,1883.05,1880.89,1881.9,4158.0
2024-01-03 23:17:00,1882.74,1887.99,1881.75,1886.46,2488.0
2024-01-03 23:18:00,1886.3500000000001,1892.08,1885.45,1891.99,3213.0
2024-01-03 23:19:00,1891.82,1894.51,1891.26,1893.81,5079.0
2024-01-03 23:20:00,1893.46,1895.5900000000001,1892.74,1893.56,1837.0
2024-01-03 23:21:00,1893.73,1894.99,1888.03,1889.8700000000001,4206.0
2024-01-03 23:22:00,1890.74,1891.1100000000001,1886.4,1887.91,3118.0
2024-01-03 23:23:00,1888.08,1897.15,1887.1100000000001,1894.3500000000001,4538.0
2024-01-03 23:24:00,1895.3,1906.21,1894.33,1906.08,1616.0
2024-01-03 23:25:00,1906.3500000000001,1919.01,1905.73,1917.18,3207.0
2024-01-03 23:26:00,1916.51,1917.1000000000001,1909.01,1910.74,2777.0
2024-01-03 23:27:00,1911.53,1920.3600000000001,1910.43,1919.89,3596.0
2024-01-03 23:28:00,1919.64,1924.46,1918.78,1921.75,2075.0
2024-01-03 23:29:00,1921.72,1922.63,1913.48,1914.5,2966.0
2024-01-03 23:30:00,1915.0,1919.26,1913.98,1917.25,3700.0
2024-01-03 23:31:00,1916.74,1918.27,1909.94,1912.33,4008.0
2024-01-03 23:32:00,1913.42,1914.24,1903.41,1904.83,2252.0
2024-01-03 23:33:00,1904.1000000000001,1908.4,1903.6000000000001,1906.8600000000001,4860.0
2024-01-03 23:34:00,1908.39,1916.63,1907.88,1914.06,3830.0
2024-01-03 23:35:00,1913.13,1916.38,1912.23,1914.31,3364.0
2024-01-03 23:36:00,1914.77,1915.16,1909.31,1912.0900000000001,3482.0
2024-01-03 23:37:00,1911.14,1917.6000000000001,1909.76,1915.82,5991.0
2024-01-03 23:38:00,1915.99,1916.66,1914.0,1914.6200000000001,3883.0
2024-01-03 23:39:00,1914.48,1924.82,1913.6000000000001,1922.06,2655.0
2024-01-03 23:40:00,1922.56,1925.21,1921.26,1925.15,1956.0
2024-01-03 23:41:00,1925.23,1925.63,1919.53,1919.72,5329.0
2024-01-03 23:42:00,1920.21,1924.41,1919.8700000000001,1923.68,1106.0
2024-01-03 23:43:00,1922.9,1929.02,1922.01,1928.72,5389.0
2024-01-03 23:44:00,1928.74,1928.88,1924.31,1927.1200000000001,5645.0
2024-01-03 23:45:00,1927.73,1930.3600000000001,1927.05,1929.39,1340.0
2024-01-03 23:46:00,1929.96,1949.75,1929.72,1947.55,2901.0
2024-01-03 23:47:00,1947.78,1948.28,1944.98,1945.74,3338.0
2024-01-03 23:48:00,1946.23,1946.8,1938.29,1938.49,1039.0
2024-01-03 23:49:00,1938.91,1940.49,1934.75,1936.6100000000001,5309.0
2024-01-03 23:50:00,1937.8400000000001,1946.07,1937.04,1944.9,1543.0
2024-01-03 23:51:00,1944.94,1950.77,1943.77,1949.1000000000001,4573.0
2024-01-03 23:52:00,1948.0900000000001,1954.1100000000001,1947.65,1952.16,4568.0
2024-01-03 23:53:00,1951.68,1953.1100000000001,1948.51,1950.91,5660.0
2024-01-03 23:54:00,1950.81,1952.14,1941.31,1942.98,2021.0
2024-01-03 23:55:00,1943.31,1950.0,1942.6100000000001,1947.45,4312.0
2024-01-03 23:56:00,1948.03,1953.1000000000001,1947.43,1951.32,1071.0
2024-01-03 23:57:00,1950.39,1950.73,1934.58,1936.58,5402.0
2024-01-03 23:58:00,1936.6000000000001,1940.17,1936.21,1939.25,4177.0
2024-01-03 23:59:00,1939.24,1940.28,1935.5900000000001,1936.81,5897.0
2024-01-04 00:00:00,1935.55,1939.58,1934.0,1938.64,5683.0
2024-01-04 00:01:00,1939.51,1942.07,1938.32,1940.21,2624.0
2024-01-04 00:02:00,1939.94,1941.22,1938.42,1939.1100000000001,5236.0
2024-01-04 00:03:00,1939.8600000000001,1942.1200000000001,1939.72,1941.81,4378.0
2024-01-04 00:04:00,1941.53,1953.24,1940.52,1951.8600000000001,3573.0
2024-01-04 00:05:00,1952.02,1952.18,1947.58,1948.63,3474.0
2024-01-04 00:06:00,1947.8600000000001,1948.31,1945.01,1946.69,3195.0
2024-01-04 00:07:00,1945.83,1945.94,1942.1100000000001,1943.32,4246.0
2024-01-04 00:08:00,1942.06,1943.39,1939.6000000000001,1939.83,1882.0
2024-01-04 00:09:00,1940.47,1945.92,1939.64,1945.1000000000001,2934.0
2024-01-04 00:10:00,1943.54,1943.74,1937.1100000000001,1938.56,1657.0
2024-01-04 00:11:00,1938.51,1939.3500000000001,1933.0900000000001,1935.66,2920.0
2024-01-04 00:12:00,1934.98,1947.28,1934.51,1944.74,1861.0
2024-01-04 00:13:00,1944.32,1944.46,1939.13,1941.0,2983.0
2024-01-04 00:14:00,1941.07,1948.94,1939.94,1946.77,2777.0
2024-01-04 00:15:00,1946.05,1947.18,1943.71,1944.5,4657.0
2024-01-04 00:16:00,1944.26,1945.41,1937.24,1939.7,5367.0
2024-01-04 00:17:00,1939.71,1940.94,1933.08,1934.73,5543.0
2024-01-04 00:18:00,1934.2,1935.3500000000001,1927.39,1927.6100000000001,2433.0
2024-01-04 00:19:00,1927.95,1940.01,1926.91,1937.78,4151.0
2024-01-04 00:20:00,1937.76,1939.41,1929.81,1932.31,3417.0
2024-01-04 00:21:00,1932.3600000000001,1937.65,1930.8700000000001,1935.32,3776.0
2024-01-04 00:22:00,1935.8500000000001,1936.51,1933.29,1934.97,3522.0
2024-01-04 00:23:00,1934.72,1939.27,1933.49,1937.9,2825.0
2024-01-04 00:24:00,1938.48,1938.48,1933.6000000000001,1935.63,3984.0
2024-01-04 00:25:00,1935.14,1935.45,1930.01,1932.6000000000001,2767.0
2024-01-04 00:26:00,1932.3500000000001,1936.1000000000001,1930.89,1933.22,4045.0
2024-01-04 00:27:00,1935.03,1935.98,1925.66,1928.51,1254.0
2024-01-04 00:28:00,1928.52,1932.23,1927.08,1930.22,1327.0
2024-01-04 00:29:00,1929.91,1930.6000000000001,1917.25,1919.18,4528.0
2024-01-04 00:30:00,1920.21,1921.8600000000001,1912.04,1912.0900000000001,1469.0
2024-01-04 00:31:00,1911.63,1913.32,1906.66,1907.69,2777.0
2024-01-04 00:32:00,1906.89,1906.96,1900.56,1901.58,3168.0
2024-01-04 00:33:00,1901.3500000000001,1904.51,1900.13,1901.72,3954.0
2024-01-04 00:34:00,1901.3700000000001,1902.04,1898.3700000000001,1899.3700000000001,1331.0
2024-01-04 00:35:00,1899.16,1901.95,1898.78,1900.7,2592.0
2024-01-04 00:36:00,1900.07,1901.6000000000001,1897.33,1898.78,5843.0
2024-01-04 00:37:00,1898.3400000000001,1903.3700000000001,1897.3,1901.3,5216.0
2024-01-04 00:38:00,1900.54,1903.3,1899.01,1900.72,4456.0
2024-01-04 00:39:00,1900.73,1902.0,1896.67,1897.27,4912.0
2024-01-04 00:40:00,1897.2,1899.68,1896.17,1899.27,4879.0
2024-01-04 00:41:00,1899.7,1904.53,1898.98,1903.39,5035.0
2024-01-04 00:42:00,1903.7,1904.49,1901.27,1903.16,3405.0
2024-01-04 00:43:00,1902.48,1912.07,1900.82,1911.98,2014.0
2024-01-04 00:44:00,1912.7,1919.75,1912.15,1917.39,1267.0
2024-01-04 00:45:00,1916.8700000000001,1916.98,1909.21,1911.71,3800.0
2024-01-04 00:46:00,1910.49,1916.14,1909.6000000000001,1914.8600000000001,4306.0
2024-01-04 00:47:00,1916.3500000000001,1923.47,1915.89,1920.92,4490.0
2024-01-04 00:48:00,1920.05,1920.58,1911.58,1914.41,4533.0
2024-01-04 00:49:00,1914.33,1915.96,1909.14,1910.29,1643.0
2024-01-04 00:50:00,1910.1100000000001,1910.19,1906.94,1907.43,4295.0
2024-01-04 00:51:00,1905.53,1911.63,1904.3,1909.2,4641.0
2024-01-04 00:52:00,1908.79,1913.5,1908.69,1913.4,2637.0
2024-01-04 00:53:00,1913.71,1920.49,1913.0,1918.8400000000001,3547.0
2024-01-04 00:54:00,1918.3600000000001,1918.51,1910.42,1910.92,1688.0
2024-01-04 00:55:00,1910.6000000000001,1910.72,1903.4,1904.3700000000001,5226.0
2024-01-04 00:56:00,1904.67,1910.1200000000001,1903.7,1907.48,5239.0
2024-01-04 00:57:00,1907.14,1917.97,1906.48,1916.98,4438.0
2024-01-04 00:58:00,1917.13,1918.68,1912.45,1912.56,2573.0
2024-01-04 00:59:00,1913.45,1916.5,1912.08,1916.18,4071.0
2024-01-04 01:00:00,1917.6100000000001,1918.05,1912.16,1914.89,1630.0
2024-01-04 01:01:00,1915.53,1922.15,1913.81,1921.0,4583.0
2024-01-04 01:02:00,1920.43,1920.7,1907.6000000000001,1910.06,3351.0
2024-01-04 01:03:00,1910.73,1917.53,1910.5,1916.99,2576.0
2024-01-04 01:04:00,1917.16,1920.91,1915.64,1919.67,2873.0
2024-01-04 01:05:00,1920.1000000000001,1923.31,1919.06,1922.03,1874.0
2024-01-04 01:06:00,1922.43,1923.1000000000001,1917.39,1918.77,5379.0
2024-01-04 01:07:00,1918.89,1921.75,1917.16,1920.8,4568.0
2024-01-04 01:08:00,1920.48,1926.7,1920.1200000000001,1924.5900000000001,3155.0
2024-01-04 01:09:00,1923.65,1924.8,1914.26,1914.3,1251.0
2024-01-04 01:10:00,1914.74,1931.24,1914.25,1928.6000000000001,4718.0
2024-01-04 01:11:00,1927.97,1929.0900000000001,1925.75,1927.13,4936.0
2024-01-04 01:12:00,1927.57,1928.2,1925.71,1926.8500000000001,2416.0
2024-01-04 01:13:00,1928.21,1931.43,1926.76,1928.82,3663.0
2024-01-04 01:14:00,1929.21,1929.24,1926.7,1927.65,2807.0
2024-01-04 01:15:00,1928.45,1930.43,1927.6000000000001,1928.52,5795.0
2024-01-04 01:16:00,1927.53,1928.44,1923.72,1923.99,4467.0
2024-01-04 01:17:00,1924.07,1927.1000000000001,1923.92,1925.49,1907.0
2024-01-04 01:18:00,1926.13,1927.71,1924.03,1924.22,3900.0
2024-01-04 01:19:00,1926.32,1935.3500000000001,1924.82,1932.6200000000001,3180.0
2024-01-04 01:20:00,1932.1000000000001,1933.0900000000001,1925.57,1927.76,1123.0
2024-01-04 01:21:00,1927.57,1929.22,1921.8600000000001,1923.67,1679.0
2024-01-04 01:22:00,1923.68,1926.29,1922.75,1925.9,5115.0
2024-01-04 01:23:00,1925.94,1929.3,1925.52,1926.53,4643.0
2024-01-04 01:24:00,1926.1000000000001,1927.67,1919.65,1920.16,2764.0
2024-01-04 01:25:00,1919.76,1920.4,1914.06,1914.88,4530.0
2024-01-04 01:26:00,1914.98,1915.02,1909.64,1911.71,4706.0
2024-01-04 01:27:00,1911.98,1913.26,1905.0900000000001,1907.3400000000001,3180.0
2024-01-04 01:28:00,1907.8,1908.2,1902.23,1903.9,5581.0
2024-01-04 01:29:00,1904.3700000000001,1910.19,1903.46,1909.72,4298.0
2024-01-04 01:30:00,1909.8600000000001,1910.3700000000001,1902.64,1904.26,2084.0
2024-01-04 01:31:00,1903.78,1903.8400000000001,1897.18,1899.71,4003.0
2024-01-04 01:32:00,1898.51,1904.8700000000001,1897.57,1902.46,4278.0
2024-01-04 01:33:00,1903.01,1907.02,1902.08,1906.16,3131.0
2024-01-04 01:34:00,1905.08,1905.46,1900.4,1900.9,5589.0
2024-01-04 01:35:00,1900.25,1901.73,1896.97,1899.31,4466.0
2024-01-04 01:36:00,1899.88,1901.5,1890.68,1891.18,3633.0
2024-01-04 01:37:00,1890.98,1891.04,1879.94,1882.03,1392.0
2024-01-04 01:38:00,1880.9,1885.15,1879.82,1883.54,3737.0
2024-01-04 01:39:00,1883.54,1884.91,1879.24,1881.99,4272.0
2024-01-04 01:40:00,1880.67,1884.3400000000001,1880.29,1882.41,4340.0
2024-01-04 01:41:00,1882.46,1894.18,1881.57,1892.6100000000001,4901.0
2024-01-04 01:42:00,1891.92,1896.47,1891.71,1895.8,3754.0
2024-01-04 01:43:00,1896.47,1897.51,1891.96,1893.22,5388.0
2024-01-04 01:44:00,1893.1000000000001,1902.21,1892.27,1899.66,2100.0
2024-01-04 01:45:00,1899.29,1900.0900000000001,1895.8600000000001,1896.7,1844.0
2024-01-04 01:46:00,1896.79,1903.27,1895.27,1900.72,5129.0
2024-01-04 01:47:00,1900.95,1904.23,1900.8700000000001,1902.21,1617.0
2024-01-04 01:48:00,1901.41,1902.26,1890.64,1892.03,5496.0
2024-01-04 01:49:00,1892.38,1892.91,1886.2,1887.55,2625.0
2024-01-04 01:50:00,1886.81,1889.14,1885.6000000000001,1888.18,3405.0
2024-01-04 01:51:00,1887.4,1894.54,1886.51,1894.52,5399.0
2024-01-04 01:52:00,1894.69,1901.75,1894.64,1900.95,1883.0
2024-01-04 01:53:00,1901.8,1902.05,1890.71,1891.95,4100.0
2024-01-04 01:54:00,1890.38,1893.44,1889.33,1891.32,3496.0
2024-01-04 01:55:00,1891.1100000000001,1891.26,1878.51,1880.0900000000001,3837.0
2024-01-04 01:56:00,1879.93,1884.17,1878.8700000000001,1881.8600000000001,2266.0
2024-01-04 01:57:00,1882.01,1883.21,1879.78,1880.82,1041.0
2024-01-04 01:58:00,1881.5,1885.69,1880.42,1884.8600000000001,2175.0
2024-01-04 01:59:00,1884.6200000000001,1885.05,1877.51,1880.23,1284.0
2024-01-04 02:00:00,1880.08,1880.28,1877.72,1879.31,2617.0
2024-01-04 02:01:00,1879.8500000000001,1881.25,1878.48,1879.0,3796.0
2024-01-04 02:02:00,1879.1000000000001,1882.98,1878.73,1880.28,2155.0
2024-01-04 02:03:00,1879.9,1884.27,1879.52,1882.73,5758.0
2024-01-04 02:04:00,1882.74,1885.81,1882.49,1883.47,1338.0
2024-01-04 02:05:00,1883.68,1888.83,1883.18,1888.1200000000001,5035.0
2024-01-04 02:06:00,1887.02,1888.4,1885.88,1886.32,5440.0
2024-01-04 02:07:00,1885.83,1886.28,1882.9,1884.38,2060.0
2024-01-04 02:08:00,1885.21,1885.5,1880.82,1881.25,4022.0
2024-01-04 02:09:00,1882.04,1882.46,1877.3400000000001,1879.14,3789.0
2024-01-04 02:10:00,1877.8600000000001,1890.3500000000001,1876.5900000000001,1888.77,1788.0
2024-01-04 02:11:00,1888.3600000000001,1889.2,1879.13,1879.63,3684.0
2024-01-04 02:12:00,1880.01,1880.03,1868.19,1870.38,3296.0
2024-01-04 02:13:00,1871.24,1871.97,1861.7,1861.93,5781.0
2024-01-04 02:14:00,1862.66,1863.3,1859.2,1861.6100000000001,4285.0
2024-01-04 02:15:00,1860.5,1861.22,1854.55,1856.31,1586.0
2024-01-04 02:16:00,1855.04,1856.18,1850.1200000000001,1852.3,1779.0
2024-01-04 02:17:00,1852.01,1852.76,1851.71,1852.08,4107.0
2024-01-04 02:18:00,1852.43,1859.08,1851.27,1857.13,1338.0
2024-01-04 02:19:00,1857.14,1857.69,1849.14,1851.75,4590.0
2024-01-04 02:20:00,1851.46,1854.55,1851.13,1852.8400000000001,3688.0
2024-01-04 02:21:00,1852.3,1855.28,1851.23,1854.32,2059.0
2024-01-04 02:22:00,1853.99,1857.0,1853.04,1855.75,3736.0
2024-01-04 02:23:00,1855.6100000000001,1859.21,1854.53,1857.02,1483.0
2024-01-04 02:24:00,1856.5,1856.56,1846.8400000000001,1848.6000000000001,1883.0
2024-01-04 02:25:00,1848.53,1849.3500000000001,1844.95,1845.88,2940.0
2024-01-04 02:26:00,1845.6100000000001,1855.69,1844.76,1855.21,3260.0
2024-01-04 02:27:00,1856.2,1857.48,1848.24,1849.18,3261.0
2024-01-04 02:28:00,1849.5900000000001,1849.97,1846.9,1849.43,5609.0
2024-01-04 02:29:00,1849.16,1850.03,1846.06,1848.58,5580.0
2024-01-04 02:30:00,1848.3,1850.53,1847.47,1849.64,3381.0
2024-01-04 02:31:00,1849.77,1855.76,1848.97,1855.76,1011.0
2024-01-04 02:32:00,1855.65,1867.53,1854.83,1864.79,2585.0
2024-01-04 02:33:00,1864.44,1865.69,1861.79,1862.71,2047.0
2024-01-04 02:34:00,1862.96,1863.08,1856.3400000000001,1858.68,4430.0
2024-01-04 02:35:00,1859.7,1860.75,1857.7,1858.48,4708.0
2024-01-04 02:36:00,1858.39,1867.3400000000001,1858.26,1865.42,2022.0
2024-01-04 02:37:00,1865.72,1868.45,1865.67,1866.54,3927.0
2024-01-04 02:38:00,1867.24,1867.51,1866.55,1867.3600000000001,1167.0
2024-01-04 02:39:00,1866.45,1867.03,1862.56,1863.92,1841.0
2024-01-04 02:40:00,1863.76,1864.27,1862.8400000000001,1863.95,3449.0
2024-01-04 02:41:00,1863.74,1864.41,1856.04,1858.77,1103.0
2024-01-04 02:42:00,1858.3400000000001,1869.08,1857.03,1866.8600000000001,4746.0
2024-01-04 02:43:00,1866.89,1878.96,1865.45,1876.7,4252.0
2024-01-04 02:44:00,1876.98,1880.5900000000001,1875.48,1878.3600000000001,3061.0
2024-01-04 02:45:00,1878.73,1885.06,1877.6100000000001,1883.92,2786.0
2024-01-04 02:46:00,1884.23,1885.22,1882.71,1883.8400000000001,2408.0
2024-01-04 02:47:00,1884.74,1891.97,1883.72,1889.67,2985.0
2024-01-04 02:48:00,1889.4,1895.73,1887.82,1894.8500000000001,4196.0
2024-01-04 02:49:00,1894.49,1894.8500000000001,1893.3600000000001,1894.5900000000001,1224.0
2024-01-04 02:50:00,1894.16,1901.19,1892.69,1899.08,2518.0
2024-01-04 02:51:00,1898.27,1903.32,1897.43,1901.53,4188.0
2024-01-04 02:52:00,1901.1200000000001,1901.77,1899.18,1900.19,4040.0
2024-01-04 02:53:00,1900.04,1909.22,1899.93,1906.51,5114.0
2024-01-04 02:54:00,1905.91,1910.54,1904.3700000000001,1908.93,5379.0
2024-01-04 02:55:00,1908.71,1909.83,1900.78,1903.49,4498.0
2024-01-04 02:56:00,1903.94,1904.02,1896.6100000000001,1897.79,2434.0
2024-01-04 02:57:00,1898.57,1898.8400000000001,1895.68,1896.71,1861.0
2024-01-04 02:58:00,1897.1100000000001,1897.3500000000001,1894.3,1896.05,3857.0
2024-01-04 02:59:00,1896.91,1903.02,1895.25,1902.27,2035.0
2024-01-04 03:00:00,1902.1200000000001,1920.2,1900.79,1917.58,1417.0
2024-01-04 03:01:00,1917.04,1926.21,1916.9,1925.81,5507.0
2024-01-04 03:02:00,1926.16,1926.9,1923.02,1925.51,1748.0
2024-01-04 03:03:00,1925.24,1926.8,1920.18,1921.65,5056.0
2024-01-04 03:04:00,1921.01,1921.96,1917.22,1919.3,2181.0
2024-01-04 03:05:00,1919.8400000000001,1932.43,1918.3400000000001,1931.46,2489.0
2024-01-04 03:06:00,1930.8,1934.31,1929.14,1932.51,5400.0
2024-01-04 03:07:00,1932.19,1932.93,1928.78,1929.78,2462.0
2024-01-04 03:08:00,1929.57,1934.95,1929.2,1932.39,1957.0
2024-01-04 03:09:00,1931.47,1938.73,1930.31,1936.06,5976.0
2024-01-04 03:10:00,1936.48,1936.92,1932.78,1933.17,3692.0
2024-01-04 03:11:00,1933.55,1942.6000000000001,1932.22,1941.64,3064.0
2024-01-04 03:12:00,1941.88,1943.4,1937.6100000000001,1940.25,5062.0
2024-01-04 03:13:00,1939.26,1941.89,1937.91,1941.77,3249.0
2024-01-04 03:14:00,1941.46,1946.47,1941.04,1943.92,5572.0
2024-01-04 03:15:00,1943.52,1944.42,1941.04,1943.21,3163.0
2024-01-04 03:16:00,1944.58,1952.39,1943.95,1950.3600000000001,4669.0
2024-01-04 03:17:00,1949.8400000000001,1956.07,1949.16,1953.3400000000001,3062.0
2024-01-04 03:18:00,1953.83,1954.18,1950.3,1951.73,4062.0
2024-01-04 03:19:00,1951.26,1953.8,1950.31,1951.88,5071.0
2024-01-04 03:20:00,1951.06,1952.25,1950.04,1951.0,5336.0
2024-01-04 03:21:00,1952.13,1952.93,1949.68,1950.13,1663.0
2024-01-04 03:22:00,1950.02,1951.53,1946.5900000000001,1949.47,4009.0
2024-01-04 03:23:00,1949.57,1955.55,1948.2,1954.77,5213.0
2024-01-04 03:24:00,1954.33,1958.39,1953.8700000000001,1956.29,4305.0
2024-01-04 03:25:00,1955.1000000000001,1956.5,1951.48,1952.68,2260.0
2024-01-04 03:26:00,1952.99,1953.41,1945.57,1947.51,5601.0
2024-01-04 03:27:00,1946.42,1947.54,1938.97,1941.81,2696.0
2024-01-04 03:28:00,1942.22,1949.71,1941.5900000000001,1949.28,3846.0
2024-01-04 03:29:00,1949.04,1950.47,1942.45,1943.14,1991.0
2024-01-04 03:30:00,1944.14,1951.3700000000001,1943.18,1949.94,2882.0
2024-01-04 03:31:00,1949.9,1953.3,1949.68,1951.33,4664.0
2024-01-04 03:32:00,1950.3400000000001,1951.8500000000001,1950.22,1951.23,3569.0
2024-01-04 03:33:00,1951.05,1952.04,1950.55,1951.26,1863.0
2024-01-04 03:34:00,1951.24,1951.81,1950.71,1951.76,3699.0
2024-01-04 03:35:00,1951.16,1956.3600000000001,1949.96,1954.97,3978.0
2024-01-04 03:36:00,1954.77,1955.0,1947.26,1948.88,5740.0
2024-01-04 03:37:00,1949.58,1953.08,1948.08,1950.91,5483.0
2024-01-04 03:38:00,1951.69,1965.98,1950.27,1964.27,4045.0
2024-01-04 03:39:00,1963.74,1971.25,1962.45,1968.92,2862.0
2024-01-04 03:40:00,1968.6200000000001,1969.1100000000001,1963.4,1965.95,1124.0
2024-01-04 03:41:00,1966.03,1966.78,1963.8600000000001,1964.27,4699.0
2024-01-04 03:42:00,1963.6200000000001,1977.77,1962.49,1976.88,2443.0
2024-01-04 03:43:00,1977.68,1979.53,1977.0900000000001,1979.3700000000001,3253.0
2024-01-04 03:44:00,1978.94,1980.6200000000001,1977.31,1980.3600000000001,3908.0
2024-01-04 03:45:00,1979.3600000000001,1991.03,1978.24,1988.3,1179.0
2024-01-04 03:46:00,1988.92,1989.52,1982.64,1984.67,4525.0
2024-01-04 03:47:00,1983.47,1983.8600000000001,1978.4,1978.57,2032.0
2024-01-04 03:48:00,1979.8,1989.8300000000002,1978.96,1987.42,5542.0
2024-01-04 03:49:00,1987.8,1989.65,1987.6200000000001,1989.55,5320.0
2024-01-04 03:50:00,1990.22,1991.6000000000001,1980.01,1982.38,5605.0
2024-01-04 03:51:00,1983.76,1984.45,1982.19,1982.39,4131.0
2024-01-04 03:52:00,1982.15,1984.32,1981.65,1983.45,2143.0
2024-01-04 03:53:00,1982.8300000000002,1986.81,1981.56,1985.47,5043.0
2024-01-04 03:54:00,1985.3600000000001,1996.46,1984.21,1996.28,4306.0
2024-01-04 03:55:00,1996.6000000000001,1997.94,1993.16,1994.5,1347.0
2024-01-04 03:56:00,1993.57,2000.29,1992.23,1998.32,3256.0
2024-01-04 03:57:00,1998.54,1999.2,1993.28,1995.39,4062.0
2024-01-04 03:58:00,1995.3700000000001,1995.76,1992.8500000000001,1995.07,4997.0
2024-01-04 03:59:00,1994.93,2004.47,1993.9,2002.3,4193.0
2024-01-04 04:00:00,2002.24,2011.05,2000.6000000000001,2009.65,4682.0
2024-01-04 04:01:00,2009.78,2011.44,2005.45,2007.04,2554.0
2024-01-04 04:02:00,2007.3700000000001,2008.91,2001.8600000000001,2004.78,5787.0
2024-01-04 04:03:00,2005.01,2006.88,2004.45,2006.1200000000001,5527.0
2024-01-04 04:04:00,2005.41,2016.78,2003.6100000000001,2016.78,4460.0
2024-01-04 04:05:00,2016.93,2020.26,2015.8600000000001,2017.48,1365.0
2024-01-04 04:06:00,2017.0,2025.72,2015.73,2025.49,2831.0
2024-01-04 04:07:00,2025.47,2028.46,2023.95,2026.9,5972.0
2024-01-04 04:08:00,2027.45,2029.88,2027.25,2029.26,3577.0
2024-01-04 04:09:00,2029.14,2029.44,2024.49,2025.66,3402.0
2024-01-04 04:10:00,2025.03,2025.75,2016.91,2019.5,1100.0
2024-01-04 04:11:00,2019.73,2020.39,2015.49,2015.5800000000002,3393.0
2024-01-04 04:12:00,2014.2,2022.3700000000001,2012.94,2022.07,3354.0
2024-01-04 04:13:00,2022.3,2031.93,2020.98,2029.23,3709.0
2024-01-04 04:14:00,2029.8400000000001,2032.43,2028.98,2030.29,5549.72224851653
2024-01-04 04:15:00,2029.51,2032.25,2029.43,2031.43,2081.0
2024-01-04 04:16:00,2030.93,2032.42,2020.2,2022.8,4653.0
2024-01-04 04:17:00,2024.68,2026.98,2024.25,2025.25,1189.0
2024-01-04 04:18:00,2024.95,2033.6200000000001,2023.32,2031.39,5568.0
2024-01-04 04:19:00,2031.54,2031.55,2024.6000000000001,2025.8700000000001,3993.0
2024-01-04 04:20:00,2025.81,2035.49,2025.48,2035.23,4637.0
2024-01-04 04:21:00,2034.07,2039.92,2033.65,2037.27,4186.0
2024-01-04 04:22:00,2037.0800000000002,2046.02,2035.77,2045.17,3564.0
2024-01-04 04:23:00,2045.9,2049.21,2045.76,2047.78,1125.0
2024-01-04 04:24:00,2047.82,2053.29,2047.3,2050.3,5740.0
2024-01-04 04:25:00,2050.39,2050.66,2047.32,2047.9,3940.0
2024-01-04 04:26:00,2048.18,2059.6,2048.05,2058.88,1662.0
2024-01-04 04:27:00,2060.4,2062.27,2058.86,2060.54,4036.0
2024-01-04 04:28:00,2060.8,2062.42,2054.08,2057.05,1763.0
2024-01-04 04:29:00,2056.67,2058.31,2044.1200000000001,2046.68,21347.69613201133
2024-01-04 04:30:00,2048.2400000000002,2049.28,2045.8700000000001,2046.65,2640.0
2024-01-04 04:31:00,2047.6200000000001,2059.2400000000002,2047.02,2057.76,1304.0
2024-01-04 04:32:00,2058.38,2059.3,2057.03,2059.12,2428.0
2024-01-04 04:33:00,2058.75,2063.87,2058.05,2061.43,5830.0
2024-01-04 04:34:00,2060.68,2071.3,2059.95,2069.86,5336.0
2024-01-04 04:35:00,2068.85,2073.35,2067.8,2070.64,4940.0
2024-01-04 04:36:00,2070.81,2071.71,2064.42,2065.53,3272.0
2024-01-04 04:37:00,2067.02,2067.15,2058.83,2058.93,1353.0
2024-01-04 04:38:00,2058.17,2062.16,2057.71,2059.25,2715.0
2024-01-04 04:39:00,2059.69,2060.93,2049.4900000000002,2052.3,3938.0
2024-01-04 04:40:00,2051.83,2052.03,2049.13,2049.76,3651.0
2024-01-04 04:41:00,2049.13,2049.18,2042.3600000000001,2044.02,5708.0
2024-01-04 04:42:00,2044.23,2047.45,2043.8500000000001,2046.76,2079.0
2024-01-04 04:43:00,2046.55,2054.09,2046.26,2053.67,5005.0
2024-01-04 04:44:00,2054.12,2060.37,2053.38,2059.93,2145.0
2024-01-04 04:45:00,2060.1,2060.16,2051.02,2051.18,5888.0
2024-01-04 04:46:00,2052.2200000000003,2053.3,2043.89,2045.1200000000001,4425.0
2024-01-04 04:47:00,2046.1000000000001,2052.69,2045.68,2052.44,3042.0
2024-01-04 04:48:00,2052.9700000000003,2054.75,2048.6,2050.54,1689.0
2024-01-04 04:49:00,2050.16,2050.34,2046.48,2047.47,5419.0
2024-01-04 04:50:00,2046.8400000000001,2049.28,2046.16,2047.21,1729.0
2024-01-04 04:51:00,2046.8400000000001,2046.8600000000001,2032.88,2032.97,4262.0
2024-01-04 04:52:00,2033.74,2035.8300000000002,2032.51,2033.8,5879.0
2024-01-04 04:53:00,2034.2,2035.04,2021.8600000000001,2023.46,5519.0
2024-01-04 04:54:00,2023.3300000000002,2025.02,2020.88,2021.01,2276.0
2024-01-04 04:55:00,2021.1100000000001,2021.31,2015.1200000000001,2018.05,5762.0
2024-01-04 04:56:00,2019.3500000000001,2019.94,2019.04,2019.8600000000001,4116.0
2024-01-04 04:57:00,2020.38,2023.3300000000002,2018.74,2020.94,2848.0
2024-01-04 04:58:00,2021.14,2027.15,2019.63,2024.27,5320.0
2024-01-04 04:59:00,2024.69,2033.2,2023.78,2030.3400000000001,5280.0
2024-01-04 05:00:00,2029.49,2029.65,2022.0900000000001,2023.9,1125.0
2024-01-04 05:01:00,2024.64,2035.3,2022.9,2034.72,1755.0
2024-01-04 05:02:00,2034.69,2044.6000000000001,2033.8400000000001,2044.41,2359.0
2024-01-04 05:03:00,2044.0800000000002,2045.18,2041.76,2043.1100000000001,2757.0
2024-01-04 05:04:00,2043.07,2045.8700000000001,2042.92,2043.3,2765.0
2024-01-04 05:05:00,2043.44,2043.76,2040.32,2042.6000000000001,5001.0
2024-01-04 05:06:00,2041.6200000000001,2045.45,2040.3400000000001,2043.5800000000002,2196.0
2024-01-04 05:07:00,2043.67,2049.4700000000003,2043.24,2047.42,4648.0
2024-01-04 05:08:00,2047.3,2051.94,2046.74,2050.63,3145.0
2024-01-04 05:09:00,2050.65,2056.98,2049.15,2055.81,2540.0
2024-01-04 05:10:00,2055.33,2055.37,2052.92,2054.36,2535.0
2024-01-04 05:11:00,2053.84,2055.45,2047.73,2049.76,3999.0
2024-01-04 05:12:00,2049.25,2050.0,2047.5,2048.52,1938.0
2024-01-04 05:13:00,2048.4700000000003,2052.65,2048.39,2052.19,2462.0
2024-01-04 05:14:00,2052.31,2053.21,2047.22,2050.02,1003.0
2024-01-04 05:15:00,2050.29,2052.88,2049.29,2052.59,5218.0
2024-01-04 05:16:00,2052.33,2060.96,2050.9,2060.25,2309.0
2024-01-04 05:17:00,2060.32,2060.4900000000002,2050.84,2053.17,2772.0
2024-01-04 05:18:00,2053.17,2058.33,2052.21,2056.42,5994.0
2024-01-04 05:19:00,2057.16,2057.67,2056.21,2056.9,3571.0
2024-01-04 05:20:00,2057.07,2058.29,2052.73,2054.09,1724.0
2024-01-04 05:21:00,2053.95,2060.06,2052.27,2058.07,4599.0
2024-01-04 05:22:00,2058.64,2059.71,2049.9,2051.98,2645.0
2024-01-04 05:23:00,2052.11,2053.3,2048.1,2048.7,3760.0
2024-01-04 05:24:00,2048.64,2049.43,2042.51,2045.4,4483.0
2024-01-04 05:25:00,2046.22,2048.25,2044.74,2048.13,2339.0
2024-01-04 05:26:00,2048.81,2060.36,2048.52,2057.42,5276.0
2024-01-04 05:27:00,2057.08,2065.15,2055.34,2062.78,4349.0
2024-01-04 05:28:00,2062.06,2063.79,2060.7,2063.34,4590.0
2024-01-04 05:29:00,2063.73,2064.94,2059.87,2061.12,5885.0
2024-01-04 05:30:00,2061.95,2061.96,2059.15,2059.88,4682.0
2024-01-04 05:31:00,2059.85,2066.43,2058.59,2066.02,5496.0
2024-01-04 05:32:00,2066.81,2067.34,2062.4700000000003,2063.55,4967.0
2024-01-04 05:33:00,2062.98,2074.93,2062.76,2072.5,4328.0
2024-01-04 05:34:00,2072.35,2077.41,2072.28,2075.73,2996.0
2024-01-04 05:35:00,2076.4900000000002,2077.69,2075.21,2076.1,3164.0
2024-01-04 05:36:00,2075.31,2076.41,2067.98,2069.53,4251.0
2024-01-04 05:37:00,2069.68,2073.86,2068.78,2072.34,1970.0
2024-01-04 05:38:00,2071.89,2073.05,2065.81,2068.2400000000002,1218.0
2024-01-04 05:39:00,2067.84,2068.79,2062.13,2062.33,3422.0
2024-01-04 05:40:00,2061.61,2071.56,2060.38,2069.46,1425.0
2024-01-04 05:41:00,2069.18,2075.2200000000003,2069.11,2073.33,1484.0
2024-01-04 05:42:00,2073.79,2075.57,2068.93,2071.91,1416.0
2024-01-04 05:43:00,2071.94,2075.44,2071.65,2075.2400000000002,3148.0
2024-01-04 05:44:00,2075.21,2084.68,2073.78,2083.2200000000003,1561.0
2024-01-04 05:45:00,2083.8,2084.73,2076.27,2078.46,1917.0
2024-01-04 05:46:00,2079.59,2080.28,2078.86,2079.89,2970.0
2024-01-04 05:47:00,2079.26,2082.88,2077.48,2081.64,5280.0
2024-01-04 05:48:00,2080.93,2086.36,2080.32,2083.73,2220.0
2024-01-04 05:49:00,2083.14,2084.2,2081.66,2083.53,1810.0
2024-01-04 05:50:00,2083.41,2088.4700000000003,2081.82,2085.48,3361.0
2024-01-04 05:51:00,2084.6,2085.54,2076.15,2076.4700000000003,1044.0
2024-01-04 05:52:00,2076.38,2078.15,2070.66,2073.19,1879.0
2024-01-04 05:53:00,2073.35,2074.0,2069.84,2069.88,2546.0
2024-01-04 05:54:00,2070.26,2072.9,2068.6,2071.42,4089.0
2024-01-04 05:55:00,2071.9700000000003,2077.0,2070.51,2074.15,2840.0
2024-01-04 05:56:00,2073.84,2075.25,2064.41,2067.01,5915.0
2024-01-04 05:57:00,2066.34,2068.09,2064.35,2065.84,5470.0
2024-01-04 05:58:00,2066.15,2068.32,2065.33,2067.14,3799.0
2024-01-04 05:59:00,2066.79,2067.2200000000003,2060.57,2062.87,1810.0
2024-01-04 06:00:00,2063.62,2068.82,2062.52,2066.02,2422.0
2024-01-04 06:01:00,2066.21,2066.29,2057.25,2059.69,4889.0
2024-01-04 06:02:00,2059.4900000000002,2074.54,2059.39,2071.9,3906.0
2024-01-04 06:03:00,2072.21,2078.94,2072.05,2077.51,1777.0
2024-01-04 06:04:00,2078.13,2086.29,2078.03,2084.26,5072.0
2024-01-04 06:05:00,2083.8,2092.51,2083.7200000000003,2091.89,3739.0
2024-01-04 06:06:00,2093.3,2106.94,2092.09,2104.2,4767.0
2024-01-04 06:07:00,2104.44,2106.13,2102.56,2104.5,2724.0
2024-01-04 06:08:00,2104.45,2105.09,2101.79,2101.8,5550.0
2024-01-04 06:09:00,2102.46,2113.54,2101.41,2113.23,4146.0
2024-01-04 06:10:00,2112.88,2127.11,2111.86,2125.85,3637.0
2024-01-04 06:11:00,2125.4,2126.9,2122.32,2124.3,4821.0
2024-01-04 06:12:00,2123.4,2124.52,2112.19,2114.56,2520.0
2024-01-04 06:13:00,2114.76,2120.2400000000002,2112.92,2118.63,3337.0
2024-01-04 06:14:00,2118.92,2118.94,2104.88,2108.03,4407.0
2024-01-04 06:15:00,2108.31,2109.0,2104.96,2106.07,4738.0
2024-01-04 06:16:00,2106.88,2113.59,2105.45,2113.0,5233.0
2024-01-04 06:17:00,2112.79,2113.12,2112.02,2112.87,3485.0
2024-01-04 06:18:00,2113.07,2113.77,2111.67,2113.6,4119.0
2024-01-04 06:19:00,2114.98,2114.9900000000002,2113.0,2114.33,2607.0
2024-01-04 06:20:00,2114.92,2115.89,2104.27,2105.82,2533.0
2024-01-04 06:21:00,2106.07,2111.46,2104.98,2109.17,3358.0
2024-01-04 06:22:00,2109.45,2113.9,2108.56,2110.94,3212.0
2024-01-04 06:23:00,2110.87,2116.17,2110.46,2115.41,4607.0
2024-01-04 06:24:00,2114.43,2117.82,2113.51,2116.37,1007.0
2024-01-04 06:25:00,2116.4700000000003,2118.91,2116.08,2116.63,5086.0
2024-01-04 06:26:00,2117.23,2118.6,2112.2400000000002,2113.61,2001.0
2024-01-04 06:27:00,2113.3,2121.3,2113.11,2121.13,5397.0
2024-01-04 06:28:00,2121.75,2123.26,2118.64,2121.27,1959.0
2024-01-04 06:29:00,2121.6,2122.83,2121.37,2122.7400000000002,3638.0
2024-01-04 06:30:00,2123.44,2127.25,2122.36,2125.15,4128.0
2024-01-04 06:31:00,2124.03,2125.0,2115.14,2115.68,1145.0
2024-01-04 06:32:00,2115.94,2117.7200000000003,2110.5,2111.4700000000003,3775.0
2024-01-04 06:33:00,2110.39,2111.04,2101.54,2104.55,1888.0
2024-01-04 06:34:00,2104.17,2104.84,2099.61,2101.4700000000003,1894.0
2024-01-04 06:35:00,2101.56,2102.79,2100.46,2101.51,4720.0
2024-01-04 06:36:00,2101.79,2106.09,2101.48,2104.35,3550.0
2024-01-04 06:37:00,2104.56,2109.07,2103.92,2107.41,4062.0
2024-01-04 06:38:00,2107.69,2111.1,2106.75,2109.93,3828.0
2024-01-04 06:39:00,2110.7,2122.03,2110.66,2119.02,2307.0
2024-01-04 06:40:00,2119.01,2128.31,2118.66,2126.03,5793.0
2024-01-04 06:41:00,2125.54,2135.36,2124.15,2132.63,4225.0
2024-01-04 06:42:00,2133.2,2136.4,2132.2,2133.88,1735.0
2024-01-04 06:43:00,2133.87,2142.16,2132.94,2139.67,2150.0
2024-01-04 06:44:00,2139.12,2140.89,2137.36,2140.76,1330.0
2024-01-04 06:45:00,2141.85,2142.84,2132.58,2132.63,5733.0
2024-01-04 06:46:00,2133.42,2135.01,2130.14,2132.93,5808.0
2024-01-04 06:47:00,2133.29,2135.18,2125.91,2127.35,5918.0
2024-01-04 06:48:00,2127.11,2128.48,2122.64,2122.88,2339.0
2024-01-04 06:49:00,2122.62,2126.33,2121.45,2123.62,4601.0
2024-01-04 06:50:00,2123.25,2124.27,2116.2400000000002,2117.61,3263.0
2024-01-04 06:51:00,2117.28,2123.9,2116.75,2122.59,5678.0
2024-01-04 06:52:00,2122.27,2123.69,2122.05,2123.04,4181.0
2024-01-04 06:53:00,2123.25,2123.48,2107.28,2109.63,2664.0
2024-01-04 06:54:00,2109.61,2113.23,2109.61,2112.62,3399.0
2024-01-04 06:55:00,2113.51,2121.12,2112.48,2120.11,5421.0
2024-01-04 06:56:00,2119.58,2126.55,2119.21,2125.62,3331.0
2024-01-04 06:57:00,2125.83,2126.64,2119.54,2121.2,2802.0
2024-01-04 06:58:00,2121.28,2127.76,2121.21,2125.58,2268.0
2024-01-04 06:59:00,2125.2400000000002,2126.2200000000003,2122.39,2124.28,5093.0
2024-01-04 07:00:00,2123.96,2129.9900000000002,2122.65,2129.43,2731.0
2024-01-04 07:01:00,2129.68,2130.81,2121.63,2124.13,3265.0
2024-01-04 07:02:00,2122.96,2125.92,2122.63,2125.89,3704.0
2024-01-04 07:03:00,2125.78,2126.03,2124.67,2125.43,1532.0
2024-01-04 07:04:00,2127.31,2136.41,2125.76,2134.76,5711.0
2024-01-04 07:05:00,2134.89,2136.7,2132.69,2133.73,2216.0
2024-01-04 07:06:00,2132.68,2133.95,2125.93,2128.43,1949.0
2024-01-04 07:07:00,2127.73,2131.19,2126.58,2129.12,4878.0
2024-01-04 07:08:00,2128.56,2135.31,2127.68,2132.73,4411.0
2024-01-04 07:09:00,2132.9900000000002,2136.91,2131.4,2135.09,4952.0
2024-01-04 07:10:00,2134.35,2138.69,2134.28,2138.67,3076.0
2024-01-04 07:11:00,2139.11,2141.42,2138.17,2140.7400000000002,5119.0
2024-01-04 07:12:00,2141.05,2141.14,2130.91,2134.1,4509.0
2024-01-04 07:13:00,2134.5,2138.69,2133.39,2137.03,1870.0
2024-01-04 07:14:00,2136.62,2137.5,2130.77,2131.9,3437.0
2024-01-04 07:15:00,2131.63,2141.6,2130.63,2138.7200000000003,5445.0
2024-01-04 07:16:00,2137.96,2138.9,2136.2,2138.0,3724.0
2024-01-04 07:17:00,2137.55,2142.57,2136.53,2140.09,2857.0
2024-01-04 07:18:00,2140.25,2143.69,2138.5,2142.62,2555.0
2024-01-04 07:19:00,2142.82,2144.38,2141.91,2143.7400000000002,1370.0
2024-01-04 07:20:00,2143.98,2144.18,2137.41,2139.9900000000002,1411.0
2024-01-04 07:21:00,2139.11,2139.95,2131.9700000000003,2134.09,3659.0
2024-01-04 07:22:00,2134.25,2136.48,2132.82,2134.9700000000003,5377.0
2024-01-04 07:23:00,2136.19,2136.76,2125.9,2128.7400000000002,4483.0
2024-01-04 07:24:00,2128.1,2134.2200000000003,2127.96,2132.94,5564.0
2024-01-04 07:25:00,2132.57,2135.89,2131.48,2133.39,1459.0
2024-01-04 07:26:00,2133.75,2133.89,2129.9,2130.27,4237.0
2024-01-04 07:27:00,2130.25,2132.7400000000002,2129.25,2132.18,3763.0
2024-01-04 07:28:00,2132.38,2132.73,2129.35,2129.63,1678.0
2024-01-04 07:29:00,2129.84,2136.84,2128.81,2133.68,1383.0
2024-01-04 07:30:00,2133.68,2139.18,2133.39,2138.07,4666.0
2024-01-04 07:31:00,2136.35,2136.64,2127.26,2129.76,3237.0
2024-01-04 07:32:00,2129.66,2135.68,2128.1,2134.54,5468.0
2024-01-04 07:33:00,2135.1,2136.0,2122.8,2124.2200000000003,3288.0
2024-01-04 07:34:00,2123.89,2130.38,2122.09,2127.67,5962.0
2024-01-04 07:35:00,2129.15,2130.33,2125.34,2128.41,4153.0
2024-01-04 07:36:00,2128.4900000000002,2131.38,2127.3,2131.31,2460.0
2024-01-04 07:37:00,2130.78,2139.59,2129.98,2137.55,1323.0
2024-01-04 07:38:00,2137.87,2138.16,2131.87,2133.88,3306.0
2024-01-04 07:39:00,2134.17,2135.23,2130.71,2132.42,1459.0
2024-01-04 07:40:00,2133.75,2139.55,2132.08,2139.06,1397.0
2024-01-04 07:41:00,2138.43,2140.07,2136.7,2139.96,5433.0
2024-01-04 07:42:00,2140.78,2157.9900000000002,2140.2200000000003,2155.7,4250.0
2024-01-04 07:43:00,2154.68,2159.02,2153.04,2155.82,2496.0
2024-01-04 07:44:00,2156.42,2162.62,2156.0,2160.68,3603.0
2024-01-04 07:45:00,2160.63,2161.61,2150.45,2153.03,1800.0
2024-01-04 07:46:00,2153.68,2155.34,2152.28,2154.26,4611.0
2024-01-04 07:47:00,2154.36,2156.19,2153.37,2153.92,3094.0
2024-01-04 07:48:00,2152.7400000000002,2154.55,2149.68,2150.12,5170.0
2024-01-04 07:49:00,2150.81,2156.39,2149.66,2155.84,1631.0
2024-01-04 07:50:00,2156.05,2156.77,2150.14,2150.2200000000003,3496.0
2024-01-04 07:51:00,2149.96,2150.43,2146.08,2148.14,2838.0
2024-01-04 07:52:00,2148.28,2149.83,2141.07,2142.79,1063.0
2024-01-04 07:53:00,2143.71,2144.09,2133.92,2135.17,4501.0
2024-01-04 07:54:00,2135.01,2143.15,2134.03,2141.13,3680.0
2024-01-04 07:55:00,2140.94,2147.5,2139.31,2145.25,5347.0
2024-01-04 07:56:00,2144.33,2146.66,2142.48,2146.61,2093.0
2024-01-04 07:57:00,2147.7200000000003,2157.28,2147.2200000000003,2157.14,2574.0
2024-01-04 07:58:00,2156.53,2158.4,2156.25,2156.43,3009.0
2024-01-04 07:59:00,2156.42,2162.67,2155.07,2162.2200000000003,5331.0
2024-01-04 08:00:00,2163.2400000000002,2169.83,2161.52,2167.27,6122.0
2024-01-04 08:01:00,2166.95,2168.14,2162.4900000000002,2165.04,6880.0
2024-01-04 08:02:00,2165.39,2166.17,2145.4,2146.48,5136.0
2024-01-04 08:03:00,2147.78,2167.0,2146.77,2164.85,4480.0
2024-01-04 08:04:00,2165.11,2165.15,2160.4700000000003,2162.39,5158.0
2024-01-04 08:05:00,2162.61,2163.79,2133.67,2136.84,8894.0
2024-01-04 08:06:00,2137.21,2142.37,2136.5,2139.46,2967.0
2024-01-04 08:07:00,2140.41,2145.63,2138.57,2145.46,1723.0
2024-01-04 08:08:00,2145.7,2162.35,2144.44,2160.8,1503.0
2024-01-04 08:09:00,2161.55,2182.32,2161.12,2179.13,8797.0
2024-01-04 08:10:00,2178.86,2179.16,2171.09,2174.28,1978.0
2024-01-04 08:11:00,2173.34,2174.63,2154.07,2155.25,5318.0
2024-01-04 08:12:00,2154.4,2157.81,2152.89,2156.76,7445.0
2024-01-04 08:13:00,2155.77,2157.43,2152.66,2153.69,7120.0
2024-01-04 08:14:00,2153.7200000000003,2159.1,2153.57,2158.32,5681.0
2024-01-04 08:15:00,2159.31,2160.29,2147.96,2150.25,5789.0
2024-01-04 08:16:00,2150.9900000000002,2151.21,2140.32,2143.2400000000002,5940.0
2024-01-04 08:17:00,2144.23,2145.93,2139.12,2139.9900000000002,4588.0
2024-01-04 08:18:00,2141.31,2141.51,2134.04,2134.39,5535.0
2024-01-04 08:19:00,2134.77,2136.34,2130.27,2133.25,7362.0
2024-01-04 08:20:00,2133.43,2135.33,2126.07,2128.58,4108.0
2024-01-04 08:21:00,2129.29,2137.33,2128.12,2136.8,2399.0
2024-01-04 08:22:00,2135.86,2142.75,2135.04,2140.52,8739.0
2024-01-04 08:23:00,2140.48,2141.48,2136.16,2137.83,6052.0
2024-01-04 08:24:00,2138.25,2139.31,2136.02,2136.51,8123.0
2024-01-04 08:25:00,2136.57,2148.42,2136.2400000000002,2146.68,1572.0
2024-01-04 08:26:00,2145.21,2158.05,2144.84,2155.48,4633.0
2024-01-04 08:27:00,2155.2,2155.64,2144.11,2147.04,4656.0
2024-01-04 08:28:00,2146.7200000000003,2147.38,2144.7400000000002,2145.82,6031.0
2024-01-04 08:29:00,2146.6,2147.89,2144.64,2144.96,1932.0
2024-01-04 08:30:00,2144.5,2146.33,2127.6,2129.65,4375.0
2024-01-04 08:31:00,2128.59,2132.76,2127.07,2132.58,6828.0
2024-01-04 08:32:00,2133.28,2134.01,2128.67,2129.29,7051.0
2024-01-04 08:33:00,2130.2,2130.88,2127.62,2127.83,8617.0
2024-01-04 08:34:00,2127.21,2138.87,2126.59,2138.77,5848.0
2024-01-04 08:35:00,2139.38,2140.4,2133.5,2135.82,3696.0
2024-01-04 08:36:00,2136.08,2138.67,2136.02,2137.16,7019.0
2024-01-04 08:37:00,2137.13,2137.71,2114.8,2116.68,5130.0
2024-01-04 08:38:00,2116.08,2116.96,2094.95,2097.69,5151.0
2024-01-04 08:39:00,2097.51,2098.9,2092.9700000000003,2093.6,6557.0
2024-01-04 08:40:00,2093.17,2093.7,2088.63,2091.55,8335.0
2024-01-04 08:41:00,2092.18,2108.17,2090.42,2105.39,5421.0
2024-01-04 08:42:00,2104.89,2105.69,2095.81,2098.66,2509.0
2024-01-04 08:43:00,2098.85,2099.32,2086.4700000000003,2089.26,6568.0
2024-01-04 08:44:00,2088.36,2089.08,2069.91,2072.67,7690.0
2024-01-04 08:45:00,2072.11,2072.9700000000003,2065.36,2065.89,3433.0
2024-01-04 08:46:00,2065.39,2067.21,2061.85,2063.88,4507.0
2024-01-04 08:47:00,2064.33,2065.48,2047.46,2050.35,7015.0
2024-01-04 08:48:00,2048.9700000000003,2050.65,2048.71,2050.56,6127.0
2024-01-04 08:49:00,2050.73,2050.85,2046.63,2047.32,4817.0
2024-01-04 08:50:00,2047.1000000000001,2048.92,2040.96,2043.3300000000002,3783.0
2024-01-04 08:51:00,2043.8400000000001,2044.21,2034.66,2037.41,8951.0
2024-01-04 08:52:00,2037.65,2039.31,2021.82,2021.9,6270.0
2024-01-04 08:53:00,2021.99,2023.54,2012.64,2012.93,7416.0
2024-01-04 08:54:00,2013.8400000000001,2019.6100000000001,2013.53,2017.27,4475.0
2024-01-04 08:55:00,2017.3500000000001,2026.49,2016.6000000000001,2026.05,2789.0
2024-01-04 08:56:00,2026.07,2032.65,2025.69,2029.69,5294.0
2024-01-04 08:57:00,2028.96,2030.07,2028.32,2029.14,6072.0
2024-01-04 08:58:00,2029.24,2034.3300000000002,2029.02,2032.54,2139.0
2024-01-04 08:59:00,2031.6000000000001,2033.16,2012.3600000000001,2015.15,6810.0
2024-01-04 09:00:00,2015.07,2015.56,2005.3600000000001,2008.23,2421.0
2024-01-04 09:01:00,2007.5900000000001,2009.26,1991.8500000000001,1992.21,2698.0
2024-01-04 09:02:00,1993.27,1998.3700000000001,1992.69,1995.75,1677.0
2024-01-04 09:03:00,1995.46,2000.74,1994.13,2000.3400000000001,7771.0
2024-01-04 09:04:00,1999.5800000000002,2001.21,1984.5800000000002,1985.0900000000001,7159.0
2024-01-04 09:05:00,1985.3600000000001,1986.98,1982.44,1982.45,5059.0
2024-01-04 09:06:00,1982.49,1994.6100000000001,1981.01,1991.8500000000001,2475.0
2024-01-04 09:07:00,1992.55,1995.8600000000001,1991.69,1993.26,4296.0
2024-01-04 09:08:00,1993.3600000000001,1993.5900000000001,1991.8400000000001,1992.23,8435.0
2024-01-04 09:09:00,1992.3300000000002,1992.88,1986.3500000000001,1989.13,3942.0
2024-01-04 09:10:00,1989.3700000000001,1994.0800000000002,1988.95,1991.52,3489.0
2024-01-04 09:11:00,1990.8700000000001,2008.26,1990.13,2007.45,8014.0
2024-01-04 09:12:00,2008.0800000000002,2008.3600000000001,1993.4,1994.1000000000001,2089.0
2024-01-04 09:13:00,1994.24,1995.91,1970.98,1973.1000000000001,2555.0
2024-01-04 09:14:00,1973.4,1979.98,1972.43,1977.8400000000001,6934.0
2024-01-04 09:15:00,1977.64,1979.95,1976.9,1979.66,3257.0
2024-01-04 09:16:00,1978.53,1979.3500000000001,1968.52,1969.8600000000001,6511.0
2024-01-04 09:17:00,1970.45,1974.1200000000001,1969.31,1972.31,8550.0
2024-01-04 09:18:00,1971.23,1976.73,1969.6000000000001,1975.18,5623.0
2024-01-04 09:19:00,1974.16,1989.13,1973.43,1986.19,3266.0
2024-01-04 09:20:00,1985.94,1995.2,1985.8300000000002,1993.13,3101.0
2024-01-04 09:21:00,1992.38,1993.0800000000002,1985.6100000000001,1985.81,3102.0
2024-01-04 09:22:00,1985.31,1996.63,1985.06,1996.28,4738.0
2024-01-04 09:23:00,1995.51,2005.95,1994.63,2003.3400000000001,2738.0
2024-01-04 09:24:00,2002.78,2003.27,1988.1200000000001,1989.5800000000002,6234.0
2024-01-04 09:25:00,1988.9,1998.48,1988.16,1997.38,8225.0
2024-01-04 09:26:00,1998.02,2005.24,1997.02,2005.02,8339.0
2024-01-04 09:27:00,2003.48,2004.55,1996.65,1998.48,2520.0
2024-01-04 09:28:00,1998.24,1998.41,1991.96,1994.64,3939.0
2024-01-04 09:29:00,1994.82,1995.27,1990.98,1991.2,4486.0
2024-01-04 09:30:00,1991.21,2005.19,1990.1200000000001,2003.41,6448.0
2024-01-04 09:31:00,2002.4,2016.74,2001.3300000000002,2014.5800000000002,6564.0
2024-01-04 09:32:00,2014.44,2014.76,2002.07,2004.0800000000002,6724.0
2024-01-04 09:33:00,2004.69,2004.74,1996.38,1997.57,6700.0
2024-01-04 09:34:00,1997.25,2005.65,1996.14,2004.24,6912.0
2024-01-04 09:35:00,2004.8400000000001,2013.2,2003.54,2012.68,2835.0
2024-01-04 09:36:00,2012.43,2012.8500000000001,2006.03,2008.8,2316.0
2024-01-04 09:37:00,2008.64,2011.48,2007.73,2010.3300000000002,6783.0
2024-01-04 09:38:00,2009.91,2017.92,2009.14,2015.29,5046.0
2024-01-04 09:39:00,2015.29,2023.01,2013.54,2022.96,7737.0
2024-01-04 09:40:00,2022.19,2033.21,2020.69,2030.96,5448.0
2024-01-04 09:41:00,2030.7,2036.3,2030.41,2034.53,1522.0
2024-01-04 09:42:00,2035.73,2042.1100000000001,2034.4,2039.55,5734.0
2024-01-04 09:43:00,2038.63,2045.43,2037.44,2042.66,8356.0
2024-01-04 09:44:00,2042.67,2043.04,2040.78,2041.8300000000002,6591.0
2024-01-04 09:45:00,2041.76,2043.13,2036.79,2039.02,6502.0
2024-01-04 09:46:00,2040.1200000000001,2052.17,2038.76,2049.4,4318.0
2024-01-04 09:47:00,2050.7400000000002,2052.42,2049.79,2050.67,2412.0
2024-01-04 09:48:00,2050.1,2050.38,2039.45,2040.97,6502.0
2024-01-04 09:49:00,2041.05,2042.41,2031.43,2033.72,3137.0
2024-01-04 09:50:00,2034.22,2034.3,2028.46,2029.79,3891.0
2024-01-04 09:51:00,2029.3600000000001,2037.8600000000001,2028.69,2037.69,1547.0
2024-01-04 09:52:00,2037.81,2056.89,2037.1200000000001,2055.01,7545.0
2024-01-04 09:53:00,2056.48,2069.62,2055.86,2069.19,3795.0
2024-01-04 09:54:00,2069.82,2073.4700000000003,2068.21,2073.36,1899.0
2024-01-04 09:55:00,2074.03,2074.11,2059.31,2060.21,5192.0
2024-01-04 09:56:00,2059.87,2060.18,2055.85,2056.76,3284.0
2024-01-04 09:57:00,2057.05,2072.23,2055.7200000000003,2071.4900000000002,3639.0
2024-01-04 09:58:00,2072.63,2081.28,2071.05,2081.0,3207.0
2024-01-04 09:59:00,2080.1,2080.45,2071.29,2072.66,6870.0
2024-01-04 10:00:00,2072.85,2073.05,2064.68,2065.91,8391.0
2024-01-04 10:01:00,2065.08,2065.91,2061.23,2064.31,8356.0
2024-01-04 10:02:00,2063.95,2072.31,2062.6,2072.0,7623.0
2024-01-04 10:03:00,2071.26,2074.35,2069.45,2073.25,5645.0
2024-01-04 10:04:00,2073.63,2073.96,2073.02,2073.82,4627.0
2024-01-04 10:05:00,2073.8,2081.18,2072.07,2078.7200000000003,4301.0
2024-01-04 10:06:00,2078.48,2083.76,2076.69,2082.28,8551.0
2024-01-04 10:07:00,2082.36,2091.45,2082.16,2090.3,7813.0
2024-01-04 10:08:00,2090.79,2091.93,2084.46,2084.94,8239.0
2024-01-04 10:09:00,2084.38,2086.77,2083.71,2086.5,6248.0
2024-01-04 10:10:00,2087.34,2089.03,2081.46,2082.07,6013.0
2024-01-04 10:11:00,2080.9700000000003,2081.26,2070.13,2072.2400000000002,7812.0
2024-01-04 10:12:00,2072.28,2097.04,2071.18,2096.26,2111.0
2024-01-04 10:13:00,2096.53,2096.91,2086.33,2089.32,3167.0
2024-01-04 10:14:00,2089.7400000000002,2098.85,2088.7400000000002,2097.75,6715.0
2024-01-04 10:15:00,2098.45,2098.96,2089.94,2090.83,2541.0
2024-01-04 10:16:00,2091.66,2093.4700000000003,2090.3,2090.69,8596.0
2024-01-04 10:17:00,2090.77,2091.54,2075.66,2078.08,4493.0
2024-01-04 10:18:00,2077.4900000000002,2079.04,2072.9700000000003,2073.04,8792.0
2024-01-04 10:19:00,2071.59,2071.96,2059.68,2060.34,5381.0
2024-01-04 10:20:00,2061.29,2061.77,2051.13,2051.18,4491.0
2024-01-04 10:21:00,2051.02,2051.7,2041.51,2041.6100000000001,2756.0
2024-01-04 10:22:00,2041.96,2043.29,2037.14,2040.0800000000002,5402.0
2024-01-04 10:23:00,2039.8,2049.04,2039.55,2046.0800000000002,7125.0
2024-01-04 10:24:00,2046.3,2064.5,2045.02,2062.41,2980.0
2024-01-04 10:25:00,2061.42,2072.51,2061.36,2070.51,6080.0
2024-01-04 10:26:00,2070.96,2071.94,2055.8,2058.66,5159.0
2024-01-04 10:27:00,2058.4900000000002,2059.01,2053.79,2055.1,5944.0
2024-01-04 10:28:00,2055.29,2055.38,2038.02,2038.3400000000001,4751.0
2024-01-04 10:29:00,2037.93,2038.3600000000001,2032.73,2034.64,2907.0
2024-01-04 10:30:00,2034.14,2037.92,2033.74,2035.1000000000001,1867.0
2024-01-04 10:31:00,2034.5900000000001,2051.96,2033.3400000000001,2050.9900000000002,3192.0
2024-01-04 10:32:00,2051.59,2054.09,2051.02,2054.0,8337.0
2024-01-04 10:33:00,2052.89,2070.7400000000002,2052.67,2068.32,5658.0
2024-01-04 10:34:00,2068.35,2068.4700000000003,2066.5,2067.62,8580.0
2024-01-04 10:35:00,2067.64,2082.11,2066.89,2081.84,1947.0
2024-01-04 10:36:00,2082.69,2084.31,2075.56,2077.1,2230.0
2024-01-04 10:37:00,2077.06,2078.82,2067.39,2070.27,5008.0
2024-01-04 10:38:00,2070.65,2070.73,2059.9,2061.89,6513.0
2024-01-04 10:39:00,2062.29,2067.76,2062.16,2066.66,3320.0
2024-01-04 10:40:00,2065.92,2066.41,2064.16,2066.25,4142.0
2024-01-04 10:41:00,2066.11,2066.65,2054.95,2057.07,8344.0
2024-01-04 10:42:00,2056.48,2059.21,2055.87,2057.96,3123.0
2024-01-04 10:43:00,2057.78,2058.18,2048.6,2051.36,3417.0
2024-01-04 10:44:00,2052.13,2059.71,2050.89,2059.06,4246.0
2024-01-04 10:45:00,2059.45,2071.65,2058.09,2068.85,7654.0
2024-01-04 10:46:00,2069.4900000000002,2071.87,2067.96,2070.08,8660.0
2024-01-04 10:47:00,2070.56,2075.15,2068.94,2072.4900000000002,3722.0
2024-01-04 10:48:00,2071.95,2073.08,2062.28,2062.56,4905.0
2024-01-04 10:49:00,2063.55,2063.96,2049.03,2049.25,8950.0
2024-01-04 10:50:00,2048.48,2052.21,2046.91,2050.05,6704.0
2024-01-04 10:51:00,2050.76,2052.15,2050.45,2050.9700000000003,6808.0
2024-01-04 10:52:00,2052.33,2058.01,2051.46,2055.33,8959.0
2024-01-04 10:53:00,2055.93,2058.34,2055.85,2056.92,8133.0
2024-01-04 10:54:00,2057.62,2058.14,2053.82,2055.2200000000003,1675.0
2024-01-04 10:55:00,2054.86,2067.46,2053.51,2066.37,7013.0
2024-01-04 10:56:00,2066.38,2066.53,2062.71,2063.54,4767.0
2024-01-04 10:57:00,2063.7,2068.62,2062.38,2067.48,1581.0
2024-01-04 10:58:00,2069.14,2073.62,2068.42,2070.65,3242.0
2024-01-04 10:59:00,2070.35,2070.87,2065.36,2068.02,5994.0
2024-01-04 11:00:00,2069.39,2070.4700000000003,2061.94,2064.5,3042.0
2024-01-04 11:01:00,2064.15,2066.61,2062.91,2064.27,5750.0
2024-01-04 11:02:00,2064.12,2064.6,2046.19,2046.97,2280.0
2024-01-04 11:03:00,2046.78,2049.7,2045.3300000000002,2048.73,3397.0
2024-01-04 11:04:00,2048.31,2049.98,2046.56,2048.87,8371.0
2024-01-04 11:05:00,2049.48,2057.06,2048.2200000000003,2055.4700000000003,1588.0
2024-01-04 11:06:00,2056.45,2058.09,2048.7400000000002,2051.65,7023.0
2024-01-04 11:07:00,2050.77,2051.2,2041.68,2044.41,2366.0
2024-01-04 11:08:00,2044.49,2047.3600000000001,2043.6000000000001,2044.8500000000001,3696.0
2024-01-04 11:09:00,2044.64,2050.77,2042.89,2047.82,5251.0
2024-01-04 11:10:00,2047.63,2048.7200000000003,2047.25,2048.23,7386.0
2024-01-04 11:11:00,2047.89,2059.78,2047.5800000000002,2059.33,6268.0
2024-01-04 11:12:00,2059.58,2063.43,2059.07,2061.98,5755.0
2024-01-04 11:13:00,2061.55,2062.66,2057.4,2058.13,7342.0
2024-01-04 11:14:00,2058.48,2068.2400000000002,2056.78,2066.23,4857.0
2024-01-04 11:15:00,2066.96,2070.14,2065.73,2069.87,5700.0
2024-01-04 11:16:00,2068.9900000000002,2084.62,2067.7,2081.84,5330.0
2024-01-04 11:17:00,2081.68,2097.28,2081.23,2094.23,2513.0
2024-01-04 11:18:00,2094.3,2095.86,2081.42,2081.88,5320.0
2024-01-04 11:19:00,2081.98,2082.52,2073.04,2074.62,6094.0
2024-01-04 11:20:00,2073.52,2077.77,2072.9,2077.56,2563.0
2024-01-04 11:21:00,2076.9,2076.93,2068.05,2069.81,6445.0
2024-01-04 11:22:00,2070.76,2086.14,2070.76,2084.69,4706.0
2024-01-04 11:23:00,2084.89,2089.57,2083.89,2088.67,4302.0
2024-01-04 11:24:00,2087.4,2092.75,2086.51,2090.38,6450.0
2024-01-04 11:25:00,2090.66,2091.61,2083.46,2084.82,6502.0
2024-01-04 11:26:00,2084.32,2097.41,2084.14,2095.55,3054.0
2024-01-04 11:27:00,2096.02,2106.14,2095.02,2103.88,6224.0
2024-01-04 11:28:00,2103.33,2106.93,2101.6,2104.64,8520.0
2024-01-04 11:29:00,2104.96,2106.07,2086.23,2087.53,5344.0
2024-01-04 11:30:00,2087.31,2087.51,2078.87,2081.82,8493.0
2024-01-04 11:31:00,2080.81,2093.4,2080.2400000000002,2091.77,5718.0
2024-01-04 11:32:00,2091.03,2091.06,2083.12,2085.41,6914.0
2024-01-04 11:33:00,2085.31,2086.77,2079.06,2081.27,3360.0
2024-01-04 11:34:00,2079.62,2085.29,2079.44,2085.02,2834.0
2024-01-04 11:35:00,2084.3,2090.9,2082.7200000000003,2088.2400000000002,2126.0
2024-01-04 11:36:00,2087.85,2089.12,2084.7,2085.92,5539.0
2024-01-04 11:37:00,2085.59,2085.67,2077.2,2078.2200000000003,3990.0
2024-01-04 11:38:00,2078.71,2080.53,2067.36,2069.13,8558.0
2024-01-04 11:39:00,2068.41,2070.4900000000002,2067.21,2069.44,6949.0
2024-01-04 11:40:00,2070.33,2070.46,2060.64,2062.7,4895.0
2024-01-04 11:41:00,2061.48,2061.68,2042.78,2045.67,5121.0
2024-01-04 11:42:00,2046.6000000000001,2048.1,2035.18,2038.21,3966.0
2024-01-04 11:43:00,2038.52,2039.9,2020.21,2020.4,5835.0
2024-01-04 11:44:00,2020.97,2032.3600000000001,2019.24,2032.18,5312.0
2024-01-04 11:45:00,2032.44,2035.76,2030.92,2034.17,5110.0
2024-01-04 11:46:00,2034.43,2035.01,2015.97,2018.0,4210.0
2024-01-04 11:47:00,2018.74,2024.32,2017.0900000000001,2022.44,3325.0
2024-01-04 11:48:00,2022.14,2032.82,2021.51,2029.95,8045.0
2024-01-04 11:49:00,2029.3300000000002,2041.46,2028.64,2040.89,2002.0
2024-01-04 11:50:00,2042.22,2056.94,2040.6100000000001,2055.71,5313.0
2024-01-04 11:51:00,2056.15,2063.28,2055.2400000000002,2060.43,8065.0
2024-01-04 11:52:00,2060.37,2063.17,2059.18,2061.58,7887.0
2024-01-04 11:53:00,2061.51,2063.36,2056.42,2056.4700000000003,5136.0
2024-01-04 11:54:00,2056.54,2058.32,2034.38,2035.74,6807.0
2024-01-04 11:55:00,2035.63,2036.22,2032.8500000000001,2033.01,2893.0
2024-01-04 11:56:00,2032.3400000000001,2042.03,2032.28,2039.2,2648.0
2024-01-04 11:57:00,2038.77,2042.43,2037.15,2041.91,2299.0
2024-01-04 11:58:00,2041.6000000000001,2041.71,2036.27,2038.71,6354.0
2024-01-04 11:59:00,2039.02,2040.67,2035.07,2035.5,4093.0
2024-01-04 12:00:00,2035.66,2046.98,2034.95,2045.3500000000001,17629.301124337875
2024-01-04 12:01:00,2044.98,2045.76,2037.3500000000001,2037.6100000000001,7202.0
2024-01-04 12:02:00,2036.68,2039.92,2035.16,2039.77,8474.0
2024-01-04 12:03:00,2039.95,2054.33,2038.45,2054.19,3146.0
2024-01-04 12:04:00,2053.7,2062.3,2052.8,2059.42,7666.0
2024-01-04 12:05:00,2059.9700000000003,2075.85,2059.34,2074.28,8688.0
2024-01-04 12:06:00,2073.91,2074.23,2060.0,2062.01,2219.0
2024-01-04 12:07:00,2062.9900000000002,2065.5,2062.11,2063.98,2109.0
2024-01-04 12:08:00,2063.95,2082.41,2062.79,2079.85,3445.0
2024-01-04 12:09:00,2079.3,2080.55,2063.65,2064.82,2764.0
2024-01-04 12:10:00,2063.45,2064.12,2054.79,2057.76,3354.0
2024-01-04 12:11:00,2058.21,2075.68,2057.59,2074.3,8628.0
2024-01-04 12:12:00,2075.26,2088.28,2074.58,2086.27,6102.0
2024-01-04 12:13:00,2085.38,2087.01,2084.38,2086.07,3569.0
2024-01-04 12:14:00,2085.9,2086.9700000000003,2082.41,2084.69,6027.0
2024-01-04 12:15:00,2085.05,2096.04,2083.79,2094.67,1893.0
2024-01-04 12:16:00,2093.81,2093.81,2086.77,2089.05,7747.0
2024-01-04 12:17:00,2090.14,2091.48,2089.59,2090.9700000000003,7608.0
2024-01-04 12:18:00,2090.9,2091.92,2086.75,2087.21,7683.0
2024-01-04 12:19:00,2088.12,2097.21,2086.76,2095.51,4926.0
2024-01-04 12:20:00,2096.05,2096.75,2093.42,2094.7200000000003,7153.0
2024-01-04 12:21:00,2095.63,2103.2,2095.45,2101.93,7618.0
2024-01-04 12:22:00,2101.7,2110.2,2100.9,2109.23,3707.0
2024-01-04 12:23:00,2109.3,2110.78,2101.85,2103.95,1891.0
2024-01-04 12:24:00,2103.43,2103.53,2080.07,2082.64,4273.0
2024-01-04 12:25:00,2081.9900000000002,2082.2,2073.93,2074.85,5284.0
2024-01-04 12:26:00,2074.34,2075.11,2074.1,2074.14,7539.0
2024-01-04 12:27:00,2074.37,2077.25,2073.56,2076.45,7995.0
2024-01-04 12:28:00,2077.18,2081.95,2075.7,2079.98,1656.0
2024-01-04 12:29:00,2080.44,2089.43,2079.62,2089.16,3284.0
2024-01-04 12:30:00,2088.65,2104.9900000000002,2087.35,2103.15,3017.0
2024-01-04 12:31:00,2101.7,2115.98,2101.26,2115.89,4640.0
2024-01-04 12:32:00,2115.61,2133.1,2114.78,2130.1,8615.0
2024-01-04 12:33:00,2130.02,2131.86,2126.17,2128.42,6146.0
2024-01-04 12:34:00,2128.9,2135.08,2128.23,2134.5,3435.0
2024-01-04 12:35:00,2133.89,2143.64,2133.02,2143.62,4603.0
2024-01-04 12:36:00,2143.3,2143.52,2138.9900000000002,2139.43,7972.0
2024-01-04 12:37:00,2141.09,2144.36,2140.2200000000003,2143.33,6702.0
2024-01-04 12:38:00,2142.57,2156.79,2141.36,2156.03,5393.0
2024-01-04 12:39:00,2156.09,2163.29,2155.61,2161.54,2538.0
2024-01-04 12:40:00,2160.27,2162.17,2159.07,2159.37,3972.0
2024-01-04 12:41:00,2160.1,2161.7400000000002,2157.87,2159.89,5613.0
2024-01-04 12:42:00,2161.34,2162.13,2148.16,2150.28,6874.0
2024-01-04 12:43:00,2149.7200000000003,2149.84,2142.34,2144.3,4137.0
2024-01-04 12:44:00,2144.73,2154.71,2143.06,2153.5,4568.0
2024-01-04 12:45:00,2153.51,2160.1,2152.52,2158.06,8704.0
2024-01-04 12:46:00,2156.91,2157.8,2147.7400000000002,2147.82,4986.0
2024-01-04 12:47:00,2147.48,2161.9700000000003,2147.3,2159.78,8126.0
2024-01-04 12:48:00,2159.6,2159.88,2155.62,2155.98,6184.0
2024-01-04 12:49:00,2156.41,2164.81,2155.34,2164.48,8911.0
2024-01-04 12:50:00,2164.81,2164.85,2145.07,2146.87,3014.0
2024-01-04 12:51:00,2146.31,2146.62,2136.95,2139.88,2829.0
2024-01-04 12:52:00,2140.43,2143.2400000000002,2138.69,2143.23,7186.0
2024-01-04 12:53:00,2143.82,2161.8,2143.81,2160.94,5837.0
2024-01-04 12:54:00,2161.46,2165.01,2161.08,2163.9900000000002,5779.0
2024-01-04 12:55:00,2163.54,2180.56,2162.76,2178.64,4000.0
2024-01-04 12:56:00,2178.64,2178.68,2173.63,2176.15,6127.0
2024-01-04 12:57:00,2176.4700000000003,2178.0,2146.0,2147.4,8548.0
2024-01-04 12:58:00,2147.2400000000002,2148.89,2147.1,2148.48,2182.0
2024-01-04 12:59:00,2148.66,2157.75,2146.87,2156.86,7420.0
2024-01-04 13:00:00,2156.58,2158.46,2144.2,2145.18,2251.0
2024-01-04 13:01:00,2146.13,2162.09,2145.06,2161.59,4550.0
2024-01-04 13:02:00,2161.6,2164.32,2161.2400000000002,2163.7400000000002,4848.0
2024-01-04 13:03:00,2163.96,2177.3,2163.95,2176.12,7087.0
2024-01-04 13:04:00,2176.55,2181.77,2175.02,2180.34,3456.0
2024-01-04 13:05:00,2180.46,2180.54,2177.6,2178.91,8455.0
2024-01-04 13:06:00,2179.46,2181.06,2168.52,2169.09,8205.0
2024-01-04 13:07:00,2168.8,2171.79,2167.79,2169.65,6538.0
2024-01-04 13:08:00,2168.75,2169.4,2153.48,2154.01,5080.0
2024-01-04 13:09:00,2152.53,2154.9,2151.44,2153.88,8163.0
2024-01-04 13:10:00,2153.91,2157.37,2152.37,2156.38,5029.0
2024-01-04 13:11:00,2158.56,2159.93,2158.48,2158.81,7812.0
2024-01-04 13:12:00,2157.02,2158.84,2152.91,2155.18,5922.0
2024-01-04 13:13:00,2155.06,2174.12,2154.77,2172.69,3771.0
2024-01-04 13:14:00,2172.54,2175.2,2170.62,2174.2400000000002,3454.0
2024-01-04 13:15:00,2173.25,2174.16,2156.07,2158.42,7755.0
2024-01-04 13:16:00,2158.78,2160.41,2158.46,2159.33,4443.0
2024-01-04 13:17:00,2159.25,2159.83,2149.39,2150.07,2076.0
2024-01-04 13:18:00,2150.51,2151.95,2146.73,2149.7200000000003,8436.0
2024-01-04 13:19:00,2149.16,2149.27,2144.79,2145.7400000000002,3593.0
2024-01-04 13:20:00,2145.48,2146.83,2139.39,2140.58,3085.0
2024-01-04 13:21:00,2140.71,2152.78,2140.21,2151.42,8001.0
2024-01-04 13:22:00,2150.9900000000002,2158.81,2149.96,2157.3,3593.0
2024-01-04 13:23:00,2157.29,2160.18,2156.34,2159.67,8782.0
2024-01-04 13:24:00,2159.07,2160.4900000000002,2144.8,2145.4700000000003,4836.0
2024-01-04 13:25:00,2145.68,2145.76,2141.85,2142.76,6185.0
2024-01-04 13:26:00,2142.56,2143.34,2126.0,2127.06,8845.0
2024-01-04 13:27:00,2126.41,2127.83,2117.77,2119.78,2759.0
2024-01-04 13:28:00,2119.65,2128.21,2118.43,2127.43,2251.0
2024-01-04 13:29:00,2127.85,2143.29,2127.11,2141.44,3951.0
2024-01-04 13:30:00,2140.8,2141.46,2137.67,2137.67,7489.0
2024-01-04 13:31:00,2137.14,2143.85,2135.2200000000003,2143.06,7962.0
2024-01-04 13:32:00,2143.07,2145.0,2132.12,2133.76,5101.0
2024-01-04 13:33:00,2133.11,2137.14,2131.78,2135.96,6724.0
2024-01-04 13:34:00,2135.5,2136.61,2121.17,2123.07,1813.0
2024-01-04 13:35:00,2122.54,2143.59,2122.27,2140.96,5798.0
2024-01-04 13:36:00,2141.4,2151.35,2139.75,2151.08,7639.0
2024-01-04 13:37:00,2151.86,2153.7400000000002,2142.4,2142.66,5483.0
2024-01-04 13:38:00,2142.06,2143.35,2140.14,2142.44,4949.0
2024-01-04 13:39:00,2142.36,2152.07,2141.95,2149.37,7152.0
2024-01-04 13:40:00,2149.62,2150.78,2146.78,2149.02,2725.0
2024-01-04 13:41:00,2148.7,2150.27,2146.6,2147.19,6092.0
2024-01-04 13:42:00,2146.68,2147.56,2142.48,2145.07,6320.0
2024-01-04 13:43:00,2144.38,2145.14,2136.46,2136.7400000000002,8044.0
2024-01-04 13:44:00,2136.17,2137.58,2111.7200000000003,2112.64,1566.0
2024-01-04 13:45:00,2112.09,2113.34,2111.63,2112.75,6344.0
2024-01-04 13:46:00,2112.21,2112.34,2108.57,2109.61,7758.0
2024-01-04 13:47:00,2110.19,2111.9,2098.7400000000002,2098.76,7091.0
2024-01-04 13:48:00,2098.7400000000002,2105.38,2097.09,2105.17,3373.0
2024-01-04 13:49:00,2104.79,2107.53,2104.11,2106.08,4063.0
2024-01-04 13:50:00,2106.61,2110.76,2105.05,2109.6,7585.0
2024-01-04 13:51:00,2109.57,2110.66,2100.78,2101.83,4413.0
2024-01-04 13:52:00,2100.73,2102.25,2096.33,2096.98,8755.0
2024-01-04 13:53:00,2096.66,2108.4,2095.7400000000002,2107.58,3166.0
2024-01-04 13:54:00,2108.57,2124.71,2107.62,2121.8,3647.0
2024-01-04 13:55:00,2121.51,2132.28,2120.0,2129.2,4993.0
2024-01-04 13:56:00,2129.51,2132.65,2127.79,2131.17,7065.0
2024-01-04 13:57:00,2130.54,2131.62,2113.12,2113.4,4130.0
2024-01-04 13:58:00,2113.87,2139.08,2113.68,2137.21,1538.0
2024-01-04 13:59:00,2137.91,2139.2400000000002,2124.39,2125.2,2024.0
2024-01-04 14:00:00,2125.32,2133.4,2125.06,2133.07,6511.0
2024-01-04 14:01:00,2132.85,2134.05,2128.93,2131.5,8828.0
2024-01-04 14:02:00,2131.2,2131.89,2128.07,2129.29,8617.0
2024-01-04 14:03:00,2129.82,2130.27,2125.39,2127.4900000000002,6911.0
2024-01-04 14:04:00,2128.25,2129.31,2112.42,2115.31,3696.0
2024-01-04 14:05:00,2116.29,2117.44,2114.04,2114.84,7117.0
2024-01-04 14:06:00,2114.48,2115.43,2109.78,2109.88,7414.0
2024-01-04 14:07:00,2109.32,2116.78,2108.29,2115.36,5428.0
2024-01-04 14:08:00,2114.93,2115.88,2104.7400000000002,2107.35,27715.06572516561
2024-01-04 14:09:00,2107.93,2112.7400000000002,2106.7200000000003,2110.13,6840.0
2024-01-04 14:10:00,2111.15,2112.79,2102.78,2104.15,8887.0
2024-01-04 14:11:00,2104.75,2116.16,2104.4700000000003,2113.6,5383.0
2024-01-04 14:12:00,2113.23,2114.07,2102.9,2104.04,3129.0
2024-01-04 14:13:00,2104.16,2119.45,2104.01,2116.71,3590.0
2024-01-04 14:14:00,2115.86,2116.4700000000003,2107.83,2108.69,1675.0
2024-01-04 14:15:00,2107.7,2108.73,2105.56,2106.78,5007.0
2024-01-04 14:16:00,2107.08,2107.29,2098.93,2099.43,8151.0
2024-01-04 14:17:00,2099.3,2101.58,2098.38,2100.56,8993.0
2024-01-04 14:18:00,2100.73,2110.86,2099.87,2108.15,7910.0
2024-01-04 14:19:00,2109.07,2113.4900000000002,2108.38,2111.37,4403.0
2024-01-04 14:20:00,2111.63,2113.04,2107.81,2109.95,8775.0
2024-01-04 14:21:00,2109.64,2112.32,2108.06,2110.38,8065.0
2024-01-04 14:22:00,2109.69,2118.81,2108.6,2118.63,3489.0
2024-01-04 14:23:00,2118.1,2128.44,2116.75,2127.11,3161.0
2024-01-04 14:24:00,2127.01,2141.98,2125.9900000000002,2139.15,5594.0
2024-01-04 14:25:00,2139.4700000000003,2140.6,2131.09,2131.29,8547.0
2024-01-04 14:26:00,2131.89,2133.13,2122.09,2125.23,8677.0
2024-01-04 14:27:00,2124.92,2126.56,2112.53,2115.16,3639.0
2024-01-04 14:28:00,2114.41,2129.87,2113.8,2128.36,2048.0
2024-01-04 14:29:00,2129.08,2132.3,2128.83,2129.58,2221.0
2024-01-04 14:30:00,2130.23,2137.25,2128.54,2137.08,5160.0
2024-01-04 14:31:00,2136.9900000000002,2137.94,2129.57,2129.82,8829.0
2024-01-04 14:32:00,2129.48,2131.2200000000003,2115.56,2117.36,8369.0
2024-01-04 14:33:00,2117.79,2137.41,2116.69,2134.6,8575.0
2024-01-04 14:34:00,2133.83,2138.7,2133.73,2137.35,5306.0
2024-01-04 14:35:00,2137.39,2147.75,2136.03,2145.41,7221.0
2024-01-04 14:36:00,2146.45,2147.67,2142.81,2143.86,6035.0
2024-01-04 14:37:00,2144.5,2146.81,2143.89,2145.89,6599.0
2024-01-04 14:38:00,2146.03,2151.68,2144.29,2149.82,3583.0
2024-01-04 14:39:00,2149.04,2152.62,2148.85,2150.35,2479.0
2024-01-04 14:40:00,2151.43,2160.13,2149.52,2158.78,5928.0
2024-01-04 14:41:00,2158.25,2160.05,2154.05,2154.42,7738.0
2024-01-04 14:42:00,2154.2400000000002,2156.05,2146.12,2148.89,4543.0
2024-01-04 14:43:00,2148.51,2148.95,2138.79,2139.02,6347.0
2024-01-04 14:44:00,2137.44,2142.31,2135.6,2140.11,7524.0
2024-01-04 14:45:00,2140.94,2156.96,2139.51,2153.92,7623.0
2024-01-04 14:46:00,2155.9700000000003,2161.11,2154.17,2160.2,4848.0
2024-01-04 14:47:00,2160.2400000000002,2164.41,2158.71,2162.8,2071.0
2024-01-04 14:48:00,2163.7,2167.36,2162.7,2165.4900000000002,8355.0
2024-01-04 14:49:00,2165.9900000000002,2173.37,2165.11,2171.71,2272.0
2024-01-04 14:50:00,2171.65,2173.35,2148.39,2150.07,1752.0
2024-01-04 14:51:00,2150.3,2165.19,2149.54,2162.63,5085.0
2024-01-04 14:52:00,2162.7400000000002,2162.83,2160.03,2161.86,6751.0
2024-01-04 14:53:00,2162.65,2163.59,2155.77,2157.02,7668.0
2024-01-04 14:54:00,2156.37,2156.61,2149.0,2151.92,7383.0
2024-01-04 14:55:00,2151.83,2162.18,2150.17,2161.04,5971.0
2024-01-04 14:56:00,2160.3,2171.79,2160.23,2168.87,6174.0
2024-01-04 14:57:00,2167.4900000000002,2171.44,2166.21,2170.88,6478.0
2024-01-04 14:58:00,2170.01,2176.1,2169.38,2174.4,3465.0
2024-01-04 14:59:00,2175.81,2177.53,2161.29,2162.84,3293.0
2024-01-04 15:00:00,2162.44,2177.4900000000002,2162.23,2177.13,1995.0
2024-01-04 15:01:00,2177.37,2178.7400000000002,2165.44,2168.32,8463.0
2024-01-04 15:02:00,2180.91874,2182.0081099999998,2179.82937,2181.572362,3774.0
2024-01-04 15:03:00,2172.6,2174.46,2167.9,2169.08,2681.0
2024-01-04 15:04:00,2168.84,2168.91,2150.06,2151.71,6596.0
2024-01-04 15:05:00,2151.38,2152.64,2134.87,2135.14,4641.0
2024-01-04 15:06:00,2134.03,2135.48,2124.7200000000003,2125.65,8815.0
2024-01-04 15:07:00,2125.92,2132.41,2124.7400000000002,2130.31,4434.0
2024-01-04 15:08:00,2130.31,2130.42,2123.4900000000002,2124.19,5699.0
2024-01-04 15:09:00,2123.37,2131.28,2123.06,2131.17,8154.0
2024-01-04 15:10:00,2131.93,2133.15,2125.93,2129.11,5066.0
2024-01-04 15:11:00,2128.64,2133.18,2128.31,2130.13,5361.0
2024-01-04 15:12:00,2128.91,2129.32,2126.98,2128.69,27168.349007956644
2024-01-04 15:13:00,2128.82,2136.42,2128.65,2135.1,3457.0
2024-01-04 15:14:00,2134.21,2139.9900000000002,2132.8,2139.36,2964.0
2024-01-04 15:15:00,2138.9,2139.75,2131.43,2132.21,6288.0
2024-01-04 15:16:00,2132.02,2134.71,2131.48,2132.94,3098.0
2024-01-04 15:17:00,2132.78,2133.35,2129.21,2132.39,7727.0
2024-01-04 15:18:00,2131.41,2148.02,2129.64,2146.87,5978.0
2024-01-04 15:19:00,2146.4900000000002,2148.03,2129.03,2132.05,5516.0
2024-01-04 15:20:00,2131.75,2133.2400000000002,2130.77,2133.08,3403.0
2024-01-04 15:21:00,2133.83,2140.7200000000003,2132.84,2140.31,7538.0
2024-01-04 15:22:00,2139.77,2141.41,2128.75,2131.81,4743.0
2024-01-04 15:23:00,2132.16,2132.65,2110.2,2110.44,5684.0
2024-01-04 15:24:00,2111.05,2112.12,2107.08,2109.46,7095.0
2024-01-04 15:25:00,2109.56,2114.71,2108.63,2114.39,3428.0
2024-01-04 15:26:00,2114.9,2126.45,2113.2200000000003,2125.1,7074.0
2024-01-04 15:27:00,2125.1,2135.02,2123.4,2134.38,5019.0
2024-01-04 15:28:00,2134.54,2139.42,2134.07,2138.58,4991.0
2024-01-04 15:29:00,2139.91,2150.63,2139.2200000000003,2148.2,7362.0
2024-01-04 15:30:00,2148.4900000000002,2149.31,2138.6,2138.96,1926.0
2024-01-04 15:31:00,2139.34,2140.91,2128.35,2130.95,3561.0
2024-01-04 15:32:00,2131.11,2132.27,2126.66,2128.26,7630.0
2024-01-04 15:33:00,2128.06,2142.03,2126.64,2141.1,4650.0
2024-01-04 15:34:00,2140.45,2143.82,2138.7200000000003,2142.45,5831.0
2024-01-04 15:35:00,2141.53,2141.82,2129.26,2130.42,1985.0
2024-01-04 15:36:00,2130.29,2130.34,2128.21,2129.84,8736.0
2024-01-04 15:37:00,2130.1,2130.36,2107.64,2109.62,5978.0
2024-01-04 15:38:00,2110.18,2111.55,2098.33,2098.68,1852.0
2024-01-04 15:39:00,2098.42,2098.51,2093.08,2094.42,2837.0
2024-01-04 15:40:00,2094.08,2098.17,2093.4900000000002,2095.7,4500.0
2024-01-04 15:41:00,2097.37,2097.59,2090.89,2094.0,7873.0
2024-01-04 15:42:00,2093.33,2095.08,2089.81,2090.45,2793.0
2024-01-04 15:43:00,2092.15,2101.81,2091.53,2099.87,5196.0
2024-01-04 15:44:00,2099.78,2124.4,2098.69,2123.77,8252.0
2024-01-04 15:45:00,2122.55,2122.65,2113.11,2115.95,3905.0
2024-01-04 15:46:00,2116.27,2116.52,2111.78,2114.4900000000002,5341.0
2024-01-04 15:47:00,2113.45,2113.95,2097.18,2099.69,3460.0
2024-01-04 15:48:00,2099.14,2109.35,2097.81,2106.56,4502.0
2024-01-04 15:49:00,2107.07,2117.11,2106.2200000000003,2115.51,3839.0
2024-01-04 15:50:00,2114.36,2122.7400000000002,2114.32,2121.2200000000003,3834.0
2024-01-04 15:51:00,2121.65,2122.93,2114.2,2114.8,6351.0
2024-01-04 15:52:00,2114.16,2115.35,2093.12,2093.18,3910.0
2024-01-04 15:53:00,2093.67,2103.32,2092.9700000000003,2102.78,3692.0
2024-01-04 15:54:00,2103.84,2104.5,2091.54,2091.89,2137.0
2024-01-04 15:55:00,2092.2200000000003,2098.23,2091.01,2097.79,5359.0
2024-01-04 15:56:00,2098.67,2118.9700000000003,2097.23,2117.46,8684.0
2024-01-04 15:57:00,2118.4,2118.95,2115.3,2117.55,6530.0
2024-01-04 15:58:00,2117.07,2118.36,2093.3,2093.59,1782.0
2024-01-04 15:59:00,2093.84,2095.45,2085.27,2086.66,7215.0
2024-01-04 16:00:00,2086.21,2101.76,2085.9900000000002,2099.61,4566.0
2024-01-04 16:01:00,2100.46,2104.4900000000002,2099.61,2104.3,4520.0
2024-01-04 16:02:00,2104.1,2109.67,2103.64,2108.79,8616.0
2024-01-04 16:03:00,2109.33,2110.48,2101.71,2103.44,3204.0
2024-01-04 16:04:00,2103.3,2104.08,2097.58,2098.01,7821.0
2024-01-04 16:05:00,2097.73,2098.37,2092.56,2093.68,6917.0
2024-01-04 16:06:00,2093.44,2098.39,2092.31,2096.95,6443.0
2024-01-04 16:07:00,2096.2,2096.5,2081.21,2081.6,5334.0
2024-01-04 16:08:00,2081.94,2083.81,2072.78,2074.16,2495.0
2024-01-04 16:09:00,2074.06,2078.38,2073.71,2076.35,2736.0
2024-01-04 16:10:00,2076.11,2081.83,2074.84,2080.7200000000003,2700.0
2024-01-04 16:11:00,2079.9,2080.68,2074.56,2077.1,3811.0
2024-01-04 16:12:00,2076.36,2085.34,2075.8,2083.96,7537.0
2024-01-04 16:13:00,2084.44,2096.7400000000002,2083.48,2094.06,1778.0
2024-01-04 16:14:00,2094.54,2098.78,2093.17,2096.12,7264.0
2024-01-04 16:15:00,2096.76,2098.6,2090.03,2092.56,4786.0
2024-01-04 16:16:00,2092.32,2094.06,2088.79,2088.91,1529.0
2024-01-04 16:17:00,2088.26,2098.7200000000003,2086.41,2096.71,2586.0
2024-01-04 16:18:00,2096.56,2107.44,2095.44,2104.9900000000002,6306.0
2024-01-04 16:19:00,2105.09,2106.84,2104.53,2106.43,6267.0
2024-01-04 16:20:00,2106.88,2108.19,2084.08,2086.9900000000002,2987.0
2024-01-04 16:21:00,2087.9,2089.14,2080.28,2082.07,3119.0
2024-01-04 16:22:00,2082.19,2091.4700000000003,2080.68,2088.9700000000003,6318.0
2024-01-04 16:23:00,2089.32,2093.4900000000002,2088.06,2092.1,5401.0
2024-01-04 16:24:00,2092.93,2094.51,2084.82,2087.3,5832.0
2024-01-04 16:25:00,2086.94,2087.14,2076.93,2077.15,3461.0
2024-01-04 16:26:00,2076.52,2079.82,2075.96,2076.73,8709.0
2024-01-04 16:27:00,2075.9900000000002,2077.46,2068.4700000000003,2070.11,1830.0
2024-01-04 16:28:00,2069.9700000000003,2071.5,2055.41,2056.84,6874.0
2024-01-04 16:29:00,2056.79,2059.4,2055.7200000000003,2058.23,4116.0
2024-01-04 16:30:00,2058.68,2058.84,2048.84,2051.1,2460.0
2024-01-04 16:31:00,2051.45,2052.4700000000003,2043.8500000000001,2045.29,1568.0
2024-01-04 16:32:00,2044.71,2045.75,2041.95,2042.29,8950.0
2024-01-04 16:33:00,2043.06,2043.8,2032.28,2034.3400000000001,8092.0
2024-01-04 16:34:00,2033.28,2034.01,2029.89,2029.95,5676.0
2024-01-04 16:35:00,2029.74,2030.5,2016.0,2017.49,2106.0
2024-01-04 16:36:00,2018.03,2018.74,2013.97,2016.51,3928.0
2024-01-04 16:37:00,2015.31,2022.3600000000001,2014.2,2019.6200000000001,8886.0
2024-01-04 16:38:00,2020.0800000000002,2037.8600000000001,2019.3700000000001,2036.13,4476.0
2024-01-04 16:39:00,2037.39,2039.0900000000001,2027.6200000000001,2029.8500000000001,3789.0
2024-01-04 16:40:00,2030.41,2033.27,2029.0800000000002,2031.1200000000001,1999.0
2024-01-04 16:41:00,2031.95,2033.67,2027.4,2027.76,3358.0
2024-01-04 16:42:00,2028.65,2036.18,2027.6000000000001,2034.6200000000001,5598.0
2024-01-04 16:43:00,2033.3500000000001,2034.16,2023.4,2024.66,4172.0
2024-01-04 16:44:00,2025.07,2034.18,2025.01,2033.32,4482.0
2024-01-04 16:45:00,2033.8400000000001,2053.42,2032.75,2050.62,2634.0
2024-01-04 16:46:00,2050.2200000000003,2051.92,2044.8600000000001,2045.99,6435.0
2024-01-04 16:47:00,2045.96,2046.48,2026.04,2027.3,6680.0
2024-01-04 16:48:00,2027.63,2027.8,2009.95,2010.66,6222.0
2024-01-04 16:49:00,2009.57,2010.51,2003.67,2006.01,5440.0
2024-01-04 16:50:00,2005.41,2006.27,2001.02,2003.02,7564.0
2024-01-04 16:51:00,2002.88,2004.29,1999.25,2000.8300000000002,7059.0
2024-01-04 16:52:00,2000.77,2001.14,1988.97,1990.72,5178.0
2024-01-04 16:53:00,1990.2,2003.44,1989.21,2001.06,2841.0
2024-01-04 16:54:00,2001.43,2003.03,1990.98,1993.31,3228.0
2024-01-04 16:55:00,1993.67,1994.55,1990.22,1992.66,8205.0
2024-01-04 16:56:00,1992.8,1999.73,1991.99,1998.51,6582.0
2024-01-04 16:57:00,1998.46,2000.02,1975.45,1977.93,2490.0
2024-01-04 16:58:00,1978.5800000000002,1980.04,1974.13,1974.79,2348.0
2024-01-04 16:59:00,1974.14,1977.28,1972.75,1976.79,3802.0
2024-01-04 17:00:00,1977.02,1978.04,1971.3400000000001,1972.98,4665.0
2024-01-04 17:01:00,1973.28,1974.3300000000002,1966.21,1966.99,3142.0
2024-01-04 17:02:00,1967.16,1968.5800000000002,1963.41,1965.68,2243.0
2024-01-04 17:03:00,1965.94,1971.49,1964.43,1971.1000000000001,2412.0
2024-01-04 17:04:00,1970.5,1970.97,1961.0900000000001,1963.04,2655.0
2024-01-04 17:05:00,1963.27,1963.55,1939.46,1941.45,3510.0
2024-01-04 17:06:00,1941.44,1947.3500000000001,1939.96,1944.51,5518.0
2024-01-04 17:07:00,1944.81,1950.26,1943.1200000000001,1948.28,4415.0
2024-01-04 17:08:00,1947.8500000000001,1949.38,1924.05,1925.29,8606.0
2024-01-04 17:09:00,1925.49,1927.08,1906.81,1908.21,4256.0
2024-01-04 17:10:00,1908.96,1918.28,1907.91,1916.8700000000001,3883.0
2024-01-04 17:11:00,1916.1200000000001,2008.29858,1915.1000000000001,1916.1200000000001,11889.0
2024-01-04 17:12:00,1917.57,1919.05,1896.33388,1899.3037800000002,7028.0
2024-01-04 17:13:00,1902.7,1902.89,1890.08269,1893.62516,5750.0
2024-01-04 17:14:00,1897.82,1912.07,1892.0766899999999,1905.71094,1829.0
2024-01-04 17:15:00,1909.06,1910.06,1899.00584,1903.04628,8177.0
2024-01-04 17:16:00,1907.05,1922.67,1906.81,1922.56,8129.0
2024-01-04 17:17:00,1923.17,1933.81,1921.78,1933.4,7236.0
2024-01-04 17:18:00,1933.28,1933.93,1926.76,1927.78,6685.0
2024-01-04 17:19:00,1927.56,1929.28,1922.2,1923.88,6028.0
2024-01-04 17:20:00,1923.8,1925.44,1922.2,1924.77,4171.0
2024-01-04 17:21:00,1925.27,1937.02,1923.5900000000001,1935.01,6862.0
2024-01-04 17:22:00,1935.22,1945.96,1934.07,1944.2,6687.0
2024-01-04 17:23:00,1944.3400000000001,1948.6200000000001,1944.23,1948.24,6655.0
2024-01-04 17:24:00,1947.8500000000001,1952.32,1946.73,1951.8600000000001,2447.0
2024-01-04 17:25:00,1951.73,1958.54,1951.54,1957.43,8653.0
2024-01-04 17:26:00,1957.98,1970.5,1956.7,1967.95,3570.0
2024-01-04 17:27:00,1968.44,1969.0900000000001,1955.3,1956.75,6322.0
2024-01-04 17:28:00,1957.1000000000001,1977.23,1956.16,1975.77,7683.0
2024-01-04 17:29:00,1977.15,1987.51,1977.06,1987.18,2712.0
2024-01-04 17:30:00,1985.8500000000001,1993.38,1984.42,1991.6200000000001,20647.666222360574
2024-01-04 17:31:00,1991.0900000000001,1991.8300000000002,1976.16,1978.91,6266.0
2024-01-04 17:32:00,1978.8700000000001,1982.6100000000001,1977.4,1980.39,4926.0
2024-01-04 17:33:00,1979.94,1980.66,1978.73,1979.92,5772.0
2024-01-04 17:34:00,1979.8600000000001,1994.99,1978.75,1994.3700000000001,1845.0
2024-01-04 17:35:00,1994.77,1995.5800000000002,1991.0800000000002,1993.3400000000001,7869.0
2024-01-04 17:36:00,1994.13,1995.8,1992.6200000000001,1993.17,4464.0
2024-01-04 17:37:00,1993.51,1997.6000000000001,1992.78,1995.46,8607.0
2024-01-04 17:38:00,1995.39,2002.0900000000001,1994.96,1999.3400000000001,7667.0
2024-01-04 17:39:00,2000.5800000000002,2001.01,1993.88,1996.3400000000001,7120.0
2024-01-04 17:40:00,1995.8700000000001,2002.97,1994.68,2001.05,7895.0
2024-01-04 17:41:00,2001.72,2002.88,1994.76,1996.22,4328.0
2024-01-04 17:42:00,1997.04,1998.5900000000001,1990.44,1991.32,1772.0
2024-01-04 17:43:00,1991.8600000000001,1992.52,1987.31,1987.81,8896.0
2024-01-04 17:44:00,1987.55,1997.21,1986.8700000000001,1995.8600000000001,3987.0
2024-01-04 17:45:00,1994.8,2005.0900000000001,1993.19,2004.75,3263.0
2024-01-04 17:46:00,2004.78,2006.16,2004.51,2005.1100000000001,2045.0
2024-01-04 17:47:00,2004.39,2011.64,2003.28,2010.04,8393.0
2024-01-04 17:48:00,2010.5,2018.78,2009.6100000000001,2017.7,2027.0
2024-01-04 17:49:00,2019.3600000000001,2026.5900000000001,2018.03,2025.1200000000001,8943.0
2024-01-04 17:50:00,2024.19,2025.57,2023.55,2025.45,3563.0
2024-01-04 17:51:00,2025.26,2026.74,2022.23,2025.1100000000001,6163.0
2024-01-04 17:52:00,2024.89,2035.96,2023.25,2033.47,3521.0
2024-01-04 17:53:00,2033.56,2034.78,2026.17,2028.39,8822.0
2024-01-04 17:54:00,2028.41,2032.7,2026.75,2031.44,4564.0
2024-01-04 17:55:00,2031.6200000000001,2039.96,2030.26,2036.91,5838.0
2024-01-04 17:56:00,2036.79,2038.01,2035.04,2037.79,7773.0
2024-01-04 17:57:00,2036.8600000000001,2054.3,2035.42,2053.76,6102.0
2024-01-04 17:58:00,2053.66,2057.39,2052.26,2055.41,2373.0
2024-01-04 17:59:00,2055.86,2073.64,2054.4,2072.54,8983.0
2024-01-04 18:00:00,2072.52,2086.26,2071.04,2084.83,7238.0
2024-01-04 18:01:00,2084.6,2092.76,2084.56,2092.75,3370.0
2024-01-04 18:02:00,2092.9900000000002,2093.41,2089.29,2090.64,7725.0
2024-01-04 18:03:00,2090.18,2107.75,2090.02,2106.75,6110.0
2024-01-04 18:04:00,2107.43,2108.3,2098.64,2101.6,2293.0
2024-01-04 18:05:00,2101.4,2101.56,2092.46,2094.5,5563.0
2024-01-04 18:06:00,2094.4700000000003,2103.2,2092.89,2101.78,8433.0
2024-01-04 18:07:00,2102.4700000000003,2103.65,2100.46,2102.41,3595.0
2024-01-04 18:08:00,2102.65,2116.84,2102.23,2113.85,1808.0
2024-01-04 18:09:00,2114.28,2117.4,2112.75,2116.05,8281.0
2024-01-04 18:10:00,2114.0,2114.29,2108.98,2111.08,1620.0
2024-01-04 18:11:00,2111.0,2118.76,2110.36,2117.76,1671.0
2024-01-04 18:12:00,2118.2400000000002,2119.94,2116.34,2119.77,8747.0
2024-01-04 18:13:00,2120.16,2128.5,2118.91,2127.35,2508.0
2024-01-04 18:14:00,2127.67,2132.35,2126.91,2130.0,5873.0
2024-01-04 18:15:00,2129.71,2134.35,2128.07,2132.58,5448.0
2024-01-04 18:16:00,2131.52,2131.84,2129.2200000000003,2131.14,4848.0
2024-01-04 18:17:00,2129.81,2142.2,2129.08,2141.61,6062.0
2024-01-04 18:18:00,2141.93,2142.4700000000003,2139.33,2140.71,2609.0
2024-01-04 18:19:00,2140.52,2145.7,2138.88,2143.07,2842.0
2024-01-04 18:20:00,2142.57,2143.56,2126.91,2128.31,3891.0
2024-01-04 18:21:00,2128.77,2129.94,2125.3,2125.81,5078.0
2024-01-04 18:22:00,2126.96,2127.45,2115.42,2117.93,2557.0
2024-01-04 18:23:00,2118.2200000000003,2119.96,2113.42,2113.6,7992.0
2024-01-04 18:24:00,2112.44,2130.63,2111.63,2130.51,6385.0
2024-01-04 18:25:00,2131.2400000000002,2134.88,2130.36,2134.09,7338.0
2024-01-04 18:26:00,2133.08,2133.69,2129.3,2129.92,8563.0
2024-01-04 18:27:00,2129.69,2136.88,2129.05,2136.2400000000002,3526.0
2024-01-04 18:28:00,2136.18,2147.25,2135.8,2144.62,2188.0
2024-01-04 18:29:00,2143.85,2156.79,2141.98,2154.12,7057.0
2024-01-04 18:30:00,2153.16,2157.27,2151.27,2155.33,4048.0
2024-01-04 18:31:00,2155.62,2157.19,2150.82,2152.34,7871.0
2024-01-04 18:32:00,2151.91,2156.78,2150.4,2154.7200000000003,2862.0
2024-01-04 18:33:00,2153.69,2154.26,2150.85,2152.69,5394.0
2024-01-04 18:34:00,2152.64,2154.04,2135.82,2137.07,3740.0
2024-01-04 18:35:00,2137.28,2138.2400000000002,2127.54,2128.52,5690.0
2024-01-04 18:36:00,2129.27,2136.21,2128.54,2135.03,7559.0
2024-01-04 18:37:00,2135.5,2140.69,2133.66,2140.66,3449.0
2024-01-04 18:38:00,2140.9700000000003,2160.95,2140.15,2159.2400000000002,8274.0
2024-01-04 18:39:00,2159.05,2160.64,2143.61,2145.12,7166.0
2024-01-04 18:40:00,2144.67,2150.36,2142.94,2147.75,6483.0
2024-01-04 18:41:00,2147.5,2147.91,2145.75,2147.18,6707.0
2024-01-04 18:42:00,2147.35,2148.66,2138.08,2140.09,7284.0
2024-01-04 18:43:00,2140.95,2156.31,2140.64,2153.55,8635.0
2024-01-04 18:44:00,2153.78,2172.39,2152.08,2171.16,5144.0
2024-01-04 18:45:00,2169.61,2179.65,2169.46,2176.58,2043.0
2024-01-04 18:46:00,2175.68,2177.39,2163.78,2165.9,2420.0
2024-01-04 18:47:00,2166.06,2173.9,2165.94,2173.56,2029.0
2024-01-04 18:48:00,2174.9900000000002,2176.69,2174.61,2175.21,3442.0
2024-01-04 18:49:00,2175.38,2176.13,2172.06,2173.79,1763.0
2024-01-04 18:50:00,2173.12,2173.29,2168.51,2170.98,7237.0
2024-01-04 18:51:00,2171.44,2172.85,2164.69,2166.04,3205.0
2024-01-04 18:52:00,2166.27,2167.81,2150.41,2151.14,2450.0
2024-01-04 18:53:00,2150.41,2151.41,2146.82,2146.84,3748.0
2024-01-04 18:54:00,2148.08,2163.06,2146.9900000000002,2162.42,3900.0
2024-01-04 18:55:00,2161.9700000000003,2180.73,2161.65,2178.79,3100.0
2024-01-04 18:56:00,2178.31,2179.68,2162.12,2164.43,2612.0
2024-01-04 18:57:00,2163.34,2163.71,2153.77,2155.46,3497.0
2024-01-04 18:58:00,2155.16,2155.61,2149.4,2151.53,7393.0
2024-01-04 18:59:00,2151.1,2151.94,2136.63,2139.68,8175.0
2024-01-04 19:00:00,2139.81,2154.88,2139.35,2154.29,5334.0
2024-01-04 19:01:00,2154.67,2162.26,2153.82,2162.01,7007.0
2024-01-04 19:02:00,2162.4700000000003,2162.88,2152.4700000000003,2153.7200000000003,4284.0
2024-01-04 19:03:00,2153.39,2153.61,2132.93,2134.04,1968.0
2024-01-04 19:04:00,2133.9,2134.73,2110.06,2113.17,8486.0
2024-01-04 19:05:00,2112.58,2122.96,2112.32,2122.08,7774.0
2024-01-04 19:06:00,2123.4900000000002,2138.19,2122.17,2135.7400000000002,8279.0
2024-01-04 19:07:00,2135.54,2136.69,2126.76,2127.4900000000002,7239.0
2024-01-04 19:08:00,2127.41,2128.17,2118.71,2121.19,8325.0
2024-01-04 19:09:00,2120.89,2131.77,2120.08,2131.38,7965.0
2024-01-04 19:10:00,2131.0,2133.91,2129.9900000000002,2133.3,7496.0
2024-01-04 19:11:00,2131.85,2138.67,2130.12,2136.02,1863.0
2024-01-04 19:12:00,2136.65,2138.16,2130.87,2132.16,5697.0
2024-01-04 19:13:00,2131.84,2132.84,2107.28,2109.82,4821.0
2024-01-04 19:14:00,2110.33,2111.89,2106.29,2106.56,6034.0
2024-01-04 19:15:00,2107.12,2108.98,2101.28,2102.05,7998.0
2024-01-04 19:16:00,2101.9700000000003,2103.06,2099.38,2101.51,2181.0
2024-01-04 19:17:00,2101.07,2115.9900000000002,2099.96,2114.91,1570.0
2024-01-04 19:18:00,2115.01,2123.93,2114.07,2122.06,8407.0
2024-01-04 19:19:00,2122.29,2135.42,2120.89,2134.35,3644.0
2024-01-04 19:20:00,2135.18,2138.82,2133.83,2138.35,6665.0
2024-01-04 19:21:00,2137.35,2139.2400000000002,2117.66,2118.79,5525.0
2024-01-04 19:22:00,2119.1,2124.35,2117.29,2123.71,7949.0
2024-01-04 19:23:00,2123.9700000000003,2125.69,2119.9,2120.2,6389.0
2024-01-04 19:24:00,2119.69,2121.08,2113.36,2114.79,8272.0
2024-01-04 19:25:00,2114.5,2121.62,2114.44,2119.36,7066.0
2024-01-04 19:26:00,2119.61,2130.83,2118.7,2128.2400000000002,1783.0
2024-01-04 19:27:00,2127.76,2135.54,2126.89,2133.03,8007.0
2024-01-04 19:28:00,2133.53,2140.1,2132.32,2137.87,41127.77614837808
2024-01-04 19:29:00,2137.84,2143.82,2137.04,2141.21,3885.0
2024-01-04 19:30:00,2142.63,2165.37,2141.7400000000002,2163.11,1680.0
2024-01-04 19:31:00,2163.52,2164.01,2146.13,2147.93,8387.0
2024-01-04 19:32:00,2148.41,2150.31,2141.2400000000002,2143.15,4439.0
2024-01-04 19:33:00,2143.38,2155.34,2143.12,2154.96,8340.0
2024-01-04 19:34:00,2154.63,2160.84,2153.28,2160.7200000000003,4052.0
2024-01-04 19:35:00,2160.68,2160.7,2151.7,2152.26,6121.0
2024-01-04 19:36:00,2152.17,2153.83,2148.55,2151.57,7046.0
2024-01-04 19:37:00,2152.02,2153.92,2145.69,2146.92,8159.0
2024-01-04 19:38:00,2147.17,2149.53,2146.42,2147.51,5954.0
2024-01-04 19:39:00,2147.64,2165.86,2147.53,2163.23,4140.0
2024-01-04 19:40:00,2163.39,2164.94,2160.55,2162.0,1781.0
2024-01-04 19:41:00,2162.21,2162.91,2157.81,2159.17,6996.0
2024-01-04 19:42:00,2159.83,2168.92,2158.06,2168.59,7828.0
2024-01-04 19:43:00,2168.36,2173.71,2167.27,2172.9900000000002,6880.0
2024-01-04 19:44:00,2172.02,2195.89,2171.31,2194.84,6134.0
2024-01-04 19:45:00,2194.58,2210.41,2194.23,2208.41,8675.0
2024-01-04 19:46:00,2209.25,2218.41,2209.15,2217.07,5584.0
2024-01-04 19:47:00,2217.73,2219.2200000000003,2208.51,2209.08,7800.0
2024-01-04 19:48:00,2208.46,2208.63,2202.26,2203.58,7170.0
2024-01-04 19:49:00,2202.53,2202.75,2180.31,2180.71,6194.0
2024-01-04 19:50:00,2181.06,2182.75,2174.61,2176.33,3902.0
2024-01-04 19:51:00,2175.9,2178.04,2174.6,2176.9,5173.0
2024-01-04 19:52:00,2177.2,2177.8,2172.38,2173.93,4599.0
2024-01-04 19:53:00,2173.4700000000003,2175.35,2166.16,2167.9900000000002,5256.0
2024-01-04 19:54:00,2167.15,2168.84,2152.29,2155.29,3578.0
2024-01-04 19:55:00,2155.04,2161.76,2153.51,2161.14,7416.0
2024-01-04 19:56:00,2160.93,2165.71,2159.04,2162.57,4915.0
2024-01-04 19:57:00,2162.92,2182.13,2161.82,2180.37,3228.0
2024-01-04 19:58:00,2181.2400000000002,2183.0,2173.75,2175.01,8564.0
2024-01-04 19:59:00,2175.18,2175.42,2152.1,2153.3,3134.0
2024-01-04 20:00:00,2153.2400000000002,2153.35,2139.38,2141.39,7667.0
2024-01-04 20:01:00,2140.73,2141.2400000000002,2126.88,2128.27,6080.0
2024-01-04 20:02:00,2127.7,2128.4,2117.58,2120.43,5000.0
2024-01-04 20:03:00,2121.16,2141.73,2119.36,2140.92,2638.0
2024-01-04 20:04:00,2141.82,2142.39,2138.31,2139.59,2489.0
2024-01-04 20:05:00,2139.2400000000002,2149.77,2139.19,2146.9700000000003,8508.0
2024-01-04 20:06:00,2147.44,2148.94,2137.66,2139.62,3217.0
2024-01-04 20:07:00,2139.45,2139.75,2126.69,2129.52,4516.0
2024-01-04 20:08:00,2129.14,2130.01,2128.04,2128.23,3635.0
2024-01-04 20:09:00,2127.87,2136.75,2127.39,2134.64,1635.0
2024-01-04 20:10:00,2134.4,2149.17,2134.27,2146.13,5803.0
2024-01-04 20:11:00,2145.87,2146.38,2128.54,2130.79,1950.0
2024-01-04 20:12:00,2130.39,2132.21,2105.53,2107.88,1751.0
2024-01-04 20:13:00,2107.81,2120.25,2107.13,2118.03,3515.0
2024-01-04 20:14:00,2118.28,2128.39,2116.92,2126.35,6461.0
2024-01-04 20:15:00,2125.67,2125.98,2119.33,2119.9700000000003,5066.0
2024-01-04 20:16:00,2120.65,2124.87,2120.2400000000002,2123.9700000000003,4994.0
2024-01-04 20:17:00,2124.56,2133.81,2124.34,2131.85,8735.0
2024-01-04 20:18:00,2131.71,2132.4700000000003,2127.85,2129.13,6133.0
2024-01-04 20:19:00,2128.58,2130.26,2120.2200000000003,2121.15,7638.0
2024-01-04 20:20:00,2121.33,2122.15,2112.43,2112.68,3642.0
2024-01-04 20:21:00,2113.2,2121.57,2113.16,2119.31,8039.0
2024-01-04 20:22:00,2119.7200000000003,2121.53,2117.5,2118.4700000000003,5197.0
2024-01-04 20:23:00,2118.37,2119.12,2109.79,2111.6,6661.0
2024-01-04 20:24:00,2110.44,2111.07,2097.12,2098.0,6333.0
2024-01-04 20:25:00,2096.87,2098.17,2084.11,2085.98,7562.0
2024-01-04 20:26:00,2087.3,2097.4900000000002,2087.04,2097.46,5893.0
2024-01-04 20:27:00,2097.98,2118.38,2096.8,2116.31,5386.0
2024-01-04 20:28:00,2115.9,2123.86,2115.71,2121.15,8607.0
2024-01-04 20:29:00,2121.86,2123.59,2111.5,2112.1,7159.0
2024-01-04 20:30:00,2111.59,2116.42,2110.42,2114.23,6686.0
2024-01-04 20:31:00,2114.21,2114.92,2109.48,2110.18,1642.0
2024-01-04 20:32:00,2111.1,2112.37,2094.87,2097.16,3000.0
2024-01-04 20:33:00,2097.29,2098.54,2088.65,2090.67,5533.0
2024-01-04 20:34:00,2090.91,2094.37,2089.79,2091.7400000000002,3130.0
2024-01-04 20:35:00,2092.35,2093.46,2085.42,2086.62,7105.0
2024-01-04 20:36:00,2086.02,2086.83,2074.64,2076.89,3914.0
2024-01-04 20:37:00,2076.11,2077.52,2074.36,2076.43,8591.0
2024-01-04 20:38:00,2075.86,2076.63,2060.11,2063.04,6186.0
2024-01-04 20:39:00,2062.52,2064.17,2051.55,2051.9700000000003,6250.0
2024-01-04 20:40:00,2050.61,2050.64,2032.1000000000001,2033.63,8601.0
2024-01-04 20:41:00,2034.5,2039.8,2034.48,2038.55,1816.0
2024-01-04 20:42:00,2039.3,2056.0,2037.55,2053.48,8310.0
2024-01-04 20:43:00,2054.09,2073.08,2053.11,2072.23,4743.0
2024-01-04 20:44:00,2071.67,2087.15,2071.0,2085.0,3816.0
2024-01-04 20:45:00,2084.67,2085.96,2067.09,2069.37,3149.0
2024-01-04 20:46:00,2070.58,2076.0,2068.7200000000003,2075.31,4014.0
2024-01-04 20:47:00,2075.1,2076.35,2054.63,2055.32,7944.0
2024-01-04 20:48:00,2056.08,2063.94,2055.32,2063.66,8012.0
2024-01-04 20:49:00,2063.98,2078.56,2063.77,2077.76,6502.0
2024-01-04 20:50:00,2078.77,2079.17,2068.48,2070.95,6393.0
2024-01-04 20:51:00,2071.16,2078.96,2070.43,2078.78,4845.0
2024-01-04 20:52:00,2078.51,2084.57,2077.59,2081.52,6263.0
2024-01-04 20:53:00,2081.55,2085.63,2080.7,2083.3,7079.0
2024-01-04 20:54:00,2083.51,2096.88,2082.12,2096.11,6547.0
2024-01-04 20:55:00,2096.79,2097.18,2090.28,2093.19,6214.0
2024-01-04 20:56:00,2093.7200000000003,2094.38,2079.04,2081.94,7945.0
2024-01-04 20:57:00,2080.61,2082.19,2077.78,2078.67,4332.0
2024-01-04 20:58:00,2078.59,2078.7400000000002,2049.69,2051.9,6979.0
2024-01-04 20:59:00,2053.21,2054.15,2040.54,2042.01,5443.0
2024-01-04 21:00:00,2042.73,2044.54,2035.42,2037.8300000000002,7911.0
2024-01-04 21:01:00,2038.02,2039.64,2030.14,2030.8700000000001,6307.0
2024-01-04 21:02:00,2030.3700000000001,2031.77,2023.5800000000002,2025.1200000000001,1525.0
2024-01-04 21:03:00,2025.8400000000001,2040.8500000000001,2024.1000000000001,2038.6100000000001,7615.0
2024-01-04 21:04:00,2039.1000000000001,2048.44,2038.2,2048.05,7699.0
2024-01-04 21:05:00,2047.6200000000001,2057.78,2046.8400000000001,2055.33,2734.0
2024-01-04 21:06:00,2055.21,2068.9700000000003,2054.2,2067.44,2927.0
2024-01-04 21:07:00,2067.56,2095.54,2066.64,2094.6,5434.0
2024-01-04 21:08:00,2093.62,2094.73,2076.31,2079.2200000000003,6009.0
2024-01-04 21:09:00,2078.4,2083.53,2077.29,2083.17,6573.0
2024-01-04 21:10:00,2082.56,2092.98,2081.9,2091.4,8723.0
2024-01-04 21:11:00,2091.15,2092.56,2090.63,2091.2,4199.0
2024-01-04 21:12:00,2090.76,2097.27,2090.62,2096.54,7822.0
2024-01-04 21:13:00,2096.19,2099.81,2094.4,2097.87,3744.0
2024-01-04 21:14:00,2096.86,2097.84,2095.82,2097.26,2868.0
2024-01-04 21:15:00,2097.5,2098.84,2085.98,2087.77,8902.0
2024-01-04 21:16:00,2087.14,2087.77,2074.5,2075.35,1946.0
2024-01-04 21:17:00,2075.79,2080.0,2075.73,2077.26,4517.0
2024-01-04 21:18:00,2077.58,2080.86,2077.18,2080.71,7441.0
2024-01-04 21:19:00,2081.06,2084.38,2079.68,2081.7,5851.0
2024-01-04 21:20:00,2081.26,2081.85,2060.73,2062.64,3995.0
2024-01-04 21:21:00,2063.61,2064.51,2044.47,2045.42,7432.0
2024-01-04 21:22:00,2044.8400000000001,2045.55,2036.3600000000001,2038.98,4904.0
2024-01-04 21:23:00,2038.49,2055.13,2037.15,2054.2400000000002,3859.0
2024-01-04 21:24:00,2053.4900000000002,2067.61,2052.03,2065.54,3868.0
2024-01-04 21:25:00,2065.02,2076.46,2063.7400000000002,2073.52,6773.0
2024-01-04 21:26:00,2074.29,2082.14,2072.77,2080.63,2048.0
2024-01-04 21:27:00,2080.7400000000002,2081.55,2062.36,2064.9700000000003,3137.0
2024-01-04 21:28:00,2065.38,2083.6,2063.54,2082.88,5477.0
2024-01-04 21:29:00,2083.09,2090.1,2082.15,2090.06,6169.0
2024-01-04 21:30:00,2089.34,2096.42,2089.04,2095.37,8526.0
2024-01-04 21:31:00,2095.98,2096.29,2093.25,2094.55,7408.0
2024-01-04 21:32:00,2093.17,2093.9700000000003,2090.1,2092.46,8970.0
2024-01-04 21:33:00,2091.95,2100.4,2090.84,2098.78,1977.0
2024-01-04 21:34:00,2098.8,2103.39,2097.43,2101.68,8772.0
2024-01-04 21:35:00,2101.35,2113.36,2101.25,2110.35,4185.0
2024-01-04 21:36:00,2109.4700000000003,2110.5,2105.03,2107.54,5473.0
2024-01-04 21:37:00,2107.2400000000002,2114.67,2105.66,2112.01,6064.0
2024-01-04 21:38:00,2111.75,2122.61,2111.25,2120.76,1714.0
2024-01-04 21:39:00,2120.3,2125.21,2118.76,2124.36,4850.0
2024-01-04 21:40:00,2124.28,2140.02,2123.7,2137.32,7267.0
2024-01-04 21:41:00,2137.2200000000003,2137.73,2113.12,2115.06,8945.0
2024-01-04 21:42:00,2115.39,2119.5,2113.57,2118.34,5933.0
2024-01-04 21:43:00,2118.3,2124.98,2116.98,2123.08,1779.0
2024-01-04 21:44:00,2122.16,2130.07,2121.36,2128.06,6688.0
2024-01-04 21:45:00,2127.52,2128.16,2120.85,2123.12,5738.0
2024-01-04 21:46:00,2122.43,2124.33,2110.77,2113.48,5224.0
2024-01-04 21:47:00,2115.64,2124.86,2114.59,2123.14,3245.0
2024-01-04 21:48:00,2123.06,2124.59,2118.62,2121.2,4813.0
2024-01-04 21:49:00,2120.7,2122.09,2116.44,2117.41,6276.0
2024-01-04 21:50:00,2116.43,2116.89,2104.44,2107.23,1553.0
2024-01-04 21:51:00,2107.65,2107.76,2099.81,2100.46,6027.0
2024-01-04 21:52:00,2100.19,2101.26,2089.23,2089.29,2697.0
2024-01-04 21:53:00,2088.54,2088.87,2074.51,2077.26,5030.0
2024-01-04 21:54:00,2078.03,2085.23,2076.85,2083.68,3624.0
2024-01-04 21:55:00,2083.91,2087.58,2082.64,2086.87,6397.0
2024-01-04 21:56:00,2086.01,2087.78,2075.33,2076.69,5850.0
2024-01-04 21:57:00,2077.68,2077.9,2074.35,2077.38,5260.0
2024-01-04 21:58:00,2077.64,2088.71,2077.04,2088.16,6979.0
2024-01-04 21:59:00,2087.02,2088.71,2066.8,2068.59,7090.0
2024-01-04 22:00:00,2069.03,2075.18,2067.89,2073.33,5708.0
2024-01-04 22:01:00,2072.65,2077.69,2071.2,2075.98,1102.0
2024-01-04 22:02:00,2077.17,2085.0,2075.67,2083.76,1768.0
2024-01-04 22:03:00,2084.06,2094.1,2083.84,2091.48,7039.559582806037
2024-01-04 22:04:00,2090.79,2095.01,2090.26,2092.92,2505.0
2024-01-04 22:05:00,2093.35,2094.58,2090.86,2091.15,2336.0
2024-01-04 22:06:00,2091.48,2101.2200000000003,2090.6,2099.35,3772.0
2024-01-04 22:07:00,2099.4,2099.52,2092.25,2092.9700000000003,5697.0
2024-01-04 22:08:00,2092.79,2092.87,2089.73,2091.65,3839.0
2024-01-04 22:09:00,2092.69,2095.46,2092.16,2095.41,4124.0
2024-01-04 22:10:00,2095.75,2096.93,2088.03,2088.28,3780.0
2024-01-04 22:11:00,2089.09,2094.9700000000003,2088.82,2094.32,1053.0
2024-01-04 22:12:00,2094.4,2096.18,2092.77,2093.69,3557.0
2024-01-04 22:13:00,2093.25,2093.34,2083.9900000000002,2085.1,4530.0
2024-01-04 22:14:00,2084.52,2085.87,2083.2,2084.14,5356.0
2024-01-04 22:15:00,2084.15,2088.02,2083.75,2085.23,5521.0
2024-01-04 22:16:00,2085.3,2097.81,2084.58,2096.7200000000003,2108.0
2024-01-04 22:17:00,2096.25,2096.9700000000003,2091.66,2094.58,2147.0
2024-01-04 22:18:00,2094.76,2103.4900000000002,2094.35,2103.26,5732.0
2024-01-04 22:19:00,2103.29,2106.71,2102.76,2104.42,3475.0
2024-01-04 22:20:00,2103.75,2105.27,2097.91,2098.4900000000002,5946.0
2024-01-04 22:21:00,2098.32,2107.94,2096.73,2105.31,4716.0
2024-01-04 22:22:00,2105.58,2107.25,2093.38,2095.98,2193.0
2024-01-04 22:23:00,2096.02,2097.15,2093.7400000000002,2095.98,1027.0
2024-01-04 22:24:00,2096.25,2096.62,2088.56,2089.2200000000003,4331.0
2024-01-04 22:25:00,2089.34,2089.6,2080.38,2081.91,4276.0
2024-01-04 22:26:00,2082.31,2082.75,2081.52,2082.7400000000002,1572.0
2024-01-04 22:27:00,2084.4,2090.89,2083.09,2088.93,1250.0
2024-01-04 22:28:00,2089.29,2093.78,2087.93,2093.59,2159.0
2024-01-04 22:29:00,2093.08,2095.03,2092.81,2094.12,1266.0
2024-01-04 22:30:00,2093.51,2094.29,2089.58,2091.14,3011.0
2024-01-04 22:31:00,2090.9,2094.78,2090.16,2093.67,4621.0
2024-01-04 22:32:00,2093.45,2094.3,2091.02,2092.35,1310.0
2024-01-04 22:33:00,2091.68,2092.44,2086.65,2087.44,5793.0
2024-01-04 22:34:00,2086.48,2094.35,2085.02,2091.6,4096.0
2024-01-04 22:35:00,2092.7200000000003,2093.2400000000002,2090.16,2091.0,1545.0
2024-01-04 22:36:00,2089.9700000000003,2090.06,2085.08,2088.12,5167.0
2024-01-04 22:37:00,2086.62,2094.2200000000003,2085.04,2094.17,2002.0
2024-01-04 22:38:00,2095.04,2098.55,2094.53,2096.89,3140.0
2024-01-04 22:39:00,2097.41,2102.02,2097.02,2100.3,4662.0
2024-01-04 22:40:00,2099.69,2101.03,2089.31,2092.4,2117.0
2024-01-04 22:41:00,2091.78,2098.81,2091.21,2097.76,4498.0
2024-01-04 22:42:00,2097.39,2098.11,2092.93,2093.84,1498.0
2024-01-04 22:43:00,2093.57,2093.67,2090.55,2091.79,5309.0
2024-01-04 22:44:00,2091.7400000000002,2093.2,2090.48,2090.66,1672.0
2024-01-04 22:45:00,2089.69,2092.16,2088.12,2090.95,4759.0
2024-01-04 22:46:00,2091.7,2092.11,2084.04,2086.23,3768.0
2024-01-04 22:47:00,2086.12,2087.31,2080.7,2083.15,1647.0
2024-01-04 22:48:00,2083.63,2088.05,2082.67,2084.94,1432.0
2024-01-04 22:49:00,2085.2400000000002,2090.21,2084.13,2089.05,5023.0
2024-01-04 22:50:00,2090.03,2091.06,2084.28,2085.58,5288.0
2024-01-04 22:51:00,2084.07,2091.31,2083.09,2088.4900000000002,1400.0
2024-01-04 22:52:00,2089.2,2098.84,2089.09,2096.02,5137.0
2024-01-04 22:53:00,2096.41,2102.37,2096.23,2101.52,4737.0
2024-01-04 22:54:00,2102.53,2113.57,2101.34,2111.39,3953.0
2024-01-04 22:55:00,2111.39,2111.98,2104.44,2106.57,5779.0
2024-01-04 22:56:00,2106.77,2112.5,2105.75,2110.76,2219.0
2024-01-04 22:57:00,2110.64,2111.42,2102.9,2103.69,2701.0
2024-01-04 22:58:00,2103.82,2105.29,2084.05,2086.64,5608.0
2024-01-04 22:59:00,2085.01,2096.87,2083.56,2094.83,1973.0
2024-01-04 23:00:00,2095.51,2096.58,2080.78,2082.12,5787.0
2024-01-04 23:01:00,2083.16,2085.61,2081.5,2083.9900000000002,17502.8286942874
2024-01-04 23:02:00,2083.95,2087.37,2082.13,2086.7200000000003,3988.0
2024-01-04 23:03:00,2087.52,2088.63,2083.23,2085.62,1684.0
2024-01-04 23:04:00,2085.77,2086.86,2078.36,2079.54,5874.0
2024-01-04 23:05:00,2081.07,2091.2,2080.0,2090.02,4350.0
2024-01-04 23:06:00,2090.83,2091.93,2089.44,2090.66,3798.0
2024-01-04 23:07:00,2090.68,2092.55,2085.27,2085.63,5539.0
2024-01-04 23:08:00,2084.53,2086.15,2082.68,2084.7,5273.0
2024-01-04 23:09:00,2085.4900000000002,2093.1,2084.7400000000002,2090.4900000000002,1818.0
2024-01-04 23:10:00,2090.51,2096.67,2090.34,2094.76,5955.0
2024-01-04 23:11:00,2094.27,2099.2400000000002,2092.57,2098.79,4790.0
2024-01-04 23:12:00,2098.4,2105.6,2097.11,2102.48,2423.0
2024-01-04 23:13:00,2102.71,2107.39,2101.12,2105.96,1143.0
2024-01-04 23:14:00,2107.06,2108.63,2106.29,2106.65,31344.190582875774
2024-01-04 23:15:00,2106.85,2107.34,2098.14,2101.25,3175.0
2024-01-04 23:16:00,2101.52,2102.73,2091.4,2092.46,1891.0
2024-01-04 23:17:00,2092.3,2092.89,2092.17,2092.38,4591.0
2024-01-04 23:18:00,2091.91,2100.6,2091.84,2099.62,3073.0
2024-01-04 23:19:00,2099.6,2100.4,2091.65,2092.11,2681.0
2024-01-04 23:20:00,2092.08,2093.76,2087.33,2089.36,4378.0
2024-01-04 23:21:00,2089.79,2090.62,2081.35,2083.82,4825.0
2024-01-04 23:22:00,2083.89,2098.2200000000003,2082.25,2097.56,1674.0
2024-01-04 23:23:00,2096.7,2101.46,2096.26,2100.19,4096.0
2024-01-04 23:24:00,2101.3,2102.11,2100.21,2100.78,2023.0
2024-01-04 23:25:00,2100.52,2109.95,2099.82,2109.85,4567.0
2024-01-04 23:26:00,2110.14,2110.41,2094.19,2094.54,1171.0
2024-01-04 23:27:00,2094.73,2099.43,2094.66,2098.25,4090.0
2024-01-04 23:28:00,2099.12,2105.2,2098.1,2103.7400000000002,3747.0
2024-01-04 23:29:00,2104.98,2105.27,2098.28,2100.21,4581.0
2024-01-04 23:30:00,2100.46,2100.55,2086.12,2088.62,1561.0
2024-01-04 23:31:00,2088.5,2090.16,2084.8,2086.55,3352.0
2024-01-04 23:32:00,2086.9700000000003,2087.02,2078.89,2081.98,2089.0
2024-01-04 23:33:00,2081.79,2083.52,2079.23,2080.6,2316.0
2024-01-04 23:34:00,2080.03,2081.2200000000003,2078.54,2079.56,1230.0
2024-01-04 23:35:00,2080.48,2086.4900000000002,2078.7200000000003,2084.9700000000003,2737.0
2024-01-04 23:36:00,2084.27,2089.31,2083.96,2087.62,5733.0
2024-01-04 23:37:00,2086.84,2086.9700000000003,2077.93,2080.48,4363.0
2024-01-04 23:38:00,2080.67,2081.82,2073.46,2075.68,1375.0
2024-01-04 23:39:00,2075.75,2077.04,2062.89,2063.52,2717.0
2024-01-04 23:40:00,2062.81,2072.57,2062.44,2070.79,4379.0
2024-01-04 23:41:00,2071.45,2072.16,2062.0,2062.26,3853.0
2024-01-04 23:42:00,2061.81,2063.2200000000003,2048.68,2051.27,5999.0
2024-01-04 23:43:00,2050.7,2052.54,2040.07,2042.17,3157.0
2024-01-04 23:44:00,2040.02,2044.25,2039.57,2041.49,2435.0
2024-01-04 23:45:00,2041.6200000000001,2041.89,2039.6100000000001,2040.92,1586.0
2024-01-04 23:46:00,2040.0,2057.67,2039.16,2057.4,4331.0
2024-01-04 23:47:00,2057.32,2068.6,2056.86,2067.44,5781.0
2024-01-04 23:48:00,2066.9,2073.14,2065.12,2072.2,4698.0
2024-01-04 23:49:00,2072.35,2077.77,2072.0,2075.78,5684.0
2024-01-04 23:50:00,2076.56,2078.31,2072.9700000000003,2075.32,3246.0
2024-01-04 23:51:00,2074.48,2080.27,2072.69,2078.78,2169.0
2024-01-04 23:52:00,2079.31,2080.82,2068.34,2071.28,1116.0
2024-01-04 23:53:00,2071.45,2072.62,2066.13,2066.19,2870.0
2024-01-04 23:54:00,2066.17,2073.61,2065.38,2070.65,5828.0
2024-01-04 23:55:00,2070.81,2071.08,2064.83,2066.7200000000003,4652.0
2024-01-04 23:56:00,2065.98,2066.27,2051.11,2052.62,1086.0
2024-01-04 23:57:00,2051.91,2054.2400000000002,2050.9,2052.05,2624.0
2024-01-04 23:58:00,2052.15,2053.95,2044.54,2044.8700000000001,5184.0
2024-01-04 23:59:00,2044.19,2044.8,2036.5900000000001,2037.3600000000001,2594.0
2024-01-05 00:00:00,2036.79,2037.6100000000001,2034.47,2036.31,4590.0
2024-01-05 00:01:00,2035.67,2042.75,2034.8400000000001,2040.27,2894.0
2024-01-05 00:02:00,2039.3300000000002,2040.1100000000001,2028.41,2030.97,4750.0
2024-01-05 00:03:00,2030.25,2033.06,2029.3,2031.01,7198.621374923
2024-01-05 00:04:00,2032.15,2039.02,2030.67,2036.0800000000002,1555.0
2024-01-05 00:05:00,2036.27,2043.99,2036.0,2043.22,2904.0
2024-01-05 00:06:00,2043.26,2056.46,2042.69,2056.36,1555.0
2024-01-05 00:07:00,2055.81,2062.1,2055.11,2061.5,1210.0
2024-01-05 00:08:00,2062.05,2062.33,2058.18,2059.67,3514.0
2024-01-05 00:09:00,2059.67,2064.82,2059.58,2061.89,4894.0
2024-01-05 00:10:00,2061.01,2062.4,2055.21,2057.28,4662.0
2024-01-05 00:11:00,2057.69,2064.51,2056.44,2062.98,1850.0
2024-01-05 00:12:00,2062.31,2062.86,2054.09,2057.05,4735.0
2024-01-05 00:13:00,2057.96,2059.34,2051.4,2053.92,3353.0
2024-01-05 00:14:00,2053.86,2055.25,2048.98,2051.05,1235.0
2024-01-05 00:15:00,2051.51,2065.82,2049.71,2062.87,2144.0
2024-01-05 00:16:00,2062.32,2063.9,2056.58,2057.65,4889.0
2024-01-05 00:17:00,2057.64,2065.07,2057.55,2062.2400000000002,4670.0
2024-01-05 00:18:00,2062.48,2064.2400000000002,2048.15,2049.46,14457.676893304018
2024-01-05 00:19:00,2049.62,2050.79,2047.77,2048.13,3326.0
2024-01-05 00:20:00,2048.26,2060.62,2047.54,2058.35,2349.0
2024-01-05 00:21:00,2058.94,2068.03,2058.2,2065.11,3764.0
2024-01-05 00:22:00,2065.81,2067.12,2064.16,2066.14,2678.0
2024-01-05 00:23:00,2066.4,2068.16,2054.5,2055.51,5814.0
2024-01-05 00:24:00,2055.6,2057.06,2052.32,2053.9700000000003,5195.0
2024-01-05 00:25:00,2053.4700000000003,2062.59,2052.05,2060.17,2271.0
2024-01-05 00:26:00,2060.15,2061.54,2053.88,2054.78,5272.0
2024-01-05 00:27:00,2054.48,2063.8,2053.32,2061.87,4536.0
2024-01-05 00:28:00,2062.43,2062.86,2060.6,2062.43,4218.0
2024-01-05 00:29:00,2062.37,2074.8,2061.08,2074.7400000000002,4707.0
2024-01-05 00:30:00,2073.82,2079.7,2073.37,2079.26,2271.0
2024-01-05 00:31:00,2079.63,2081.06,2072.21,2072.44,5326.0
2024-01-05 00:32:00,2071.39,2071.73,2059.12,2062.01,2561.0
2024-01-05 00:33:00,2062.28,2072.35,2061.65,2069.67,3518.0
2024-01-05 00:34:00,2070.36,2077.66,2069.39,2075.4,2888.0
2024-01-05 00:35:00,2074.67,2080.06,2073.9700000000003,2077.54,4267.0
2024-01-05 00:36:00,2078.85,2084.98,2077.59,2084.86,5719.0
2024-01-05 00:37:00,2085.2400000000002,2092.38,2085.07,2092.34,4420.0
2024-01-05 00:38:00,2092.06,2098.38,2091.14,2097.8,1548.0
2024-01-05 00:39:00,2098.14,2100.11,2096.4,2098.79,4565.0
2024-01-05 00:40:00,2097.58,2100.25,2096.32,2097.91,3960.0
2024-01-05 00:41:00,2098.13,2104.73,2098.07,2103.07,2418.0
2024-01-05 00:42:00,2101.9700000000003,2102.55,2101.51,2101.57,5986.0
2024-01-05 00:43:00,2100.57,2101.82,2089.98,2090.96,2419.0
2024-01-05 00:44:00,2091.21,2099.1,2091.18,2098.36,2709.0
2024-01-05 00:45:00,2098.17,2103.61,2097.31,2102.43,5655.0
2024-01-05 00:46:00,2103.25,2103.38,2101.16,2102.41,3201.0
2024-01-05 00:47:00,2101.87,2102.1,2100.91,2101.34,2166.0
2024-01-05 00:48:00,2102.27,2102.95,2099.2200000000003,2099.54,1585.0
2024-01-05 00:49:00,2097.91,2098.0,2092.21,2093.51,3478.0
2024-01-05 00:50:00,2093.69,2100.03,2093.01,2097.57,3533.0
2024-01-05 00:51:00,2097.18,2097.37,2093.17,2095.48,4260.0
2024-01-05 00:52:00,2095.78,2096.38,2091.15,2091.55,3508.0
2024-01-05 00:53:00,2090.64,2091.76,2083.2200000000003,2085.12,3228.0
2024-01-05 00:54:00,2084.83,2097.2400000000002,2083.51,2096.4,2963.0
2024-01-05 00:55:00,2096.2400000000002,2106.45,2095.4900000000002,2105.2400000000002,3133.0
2024-01-05 00:56:00,2105.48,2111.7200000000003,2104.98,2110.64,2264.0
2024-01-05 00:57:00,2111.31,2111.91,2103.11,2103.61,1115.0
2024-01-05 00:58:00,2104.4900000000002,2119.84,2104.0,2117.4900000000002,3913.0
2024-01-05 00:59:00,2118.92,2126.75,2118.83,2124.44,5468.0
2024-01-05 01:00:00,2125.44,2126.43,2113.67,2116.58,2403.0
2024-01-05 01:01:00,2117.4,2119.2200000000003,2110.15,2110.82,4541.0
2024-01-05 01:02:00,2110.56,2110.93,2094.44,2096.16,1324.0
2024-01-05 01:03:00,2096.7200000000003,2098.02,2092.8,2095.21,3771.0
2024-01-05 01:04:00,2094.65,2102.28,2093.65,2100.71,2353.0
2024-01-05 01:05:00,2100.9900000000002,2109.27,2100.4900000000002,2108.9900000000002,4546.0
2024-01-05 01:06:00,2110.04,2111.07,2104.88,2106.06,3432.0
2024-01-05 01:07:00,2105.29,2114.76,2104.15,2112.82,2989.0
2024-01-05 01:08:00,2112.9700000000003,2113.81,2098.7400000000002,2101.44,3536.0
2024-01-05 01:09:00,2101.58,2104.9900000000002,2100.31,2103.79,1612.0
2024-01-05 01:10:00,2102.67,2103.63,2092.34,2093.56,4483.0
2024-01-05 01:11:00,2092.82,2094.6,2087.81,2090.32,1350.0
2024-01-05 01:12:00,2091.25,2096.12,2091.1,2093.55,1129.0
2024-01-05 01:13:00,2093.35,2094.89,2090.48,2091.23,5913.0
2024-01-05 01:14:00,2090.81,2091.27,2088.2200000000003,2089.43,4093.0
2024-01-05 01:15:00,2089.16,2092.17,2087.94,2091.35,4173.0
2024-01-05 01:16:00,2090.45,2090.86,2087.53,2088.03,4976.0
2024-01-05 01:17:00,2088.02,2088.82,2082.31,2084.28,2903.0
2024-01-05 01:18:00,2084.52,2086.1,2083.95,2084.14,4495.0
2024-01-05 01:19:00,2082.8,2084.2400000000002,2070.25,2071.71,3232.0
2024-01-05 01:20:00,2071.79,2072.44,2063.13,2064.45,1371.0
2024-01-05 01:21:00,2064.04,2067.87,2063.56,2066.8,4720.0
2024-01-05 01:22:00,2066.41,2067.93,2061.84,2062.34,5358.0
2024-01-05 01:23:00,2061.09,2061.68,2046.82,2047.46,1152.0
2024-01-05 01:24:00,2047.18,2048.84,2045.6000000000001,2047.45,4321.0
2024-01-05 01:25:00,2048.14,2049.69,2047.68,2048.43,1621.0
2024-01-05 01:26:00,2049.23,2049.64,2041.6200000000001,2043.68,3762.0
2024-01-05 01:27:00,2042.5800000000002,2042.5800000000002,2034.24,2035.1100000000001,5290.0
2024-01-05 01:28:00,2035.0800000000002,2035.15,2029.01,2029.51,4355.0
2024-01-05 01:29:00,2030.69,2031.39,2027.1100000000001,2027.66,3391.0
2024-01-05 01:30:00,2028.43,2034.77,2027.3300000000002,2032.1100000000001,3369.0
2024-01-05 01:31:00,2032.06,2050.21,2030.29,2049.75,4373.0
2024-01-05 01:32:00,2049.01,2055.48,2048.86,2055.42,5172.0
2024-01-05 01:33:00,2054.63,2056.37,2052.85,2055.26,3044.0
2024-01-05 01:34:00,2055.45,2055.57,2054.41,2055.56,5335.0
2024-01-05 01:35:00,2055.77,2061.2,2054.38,2060.75,2439.0
2024-01-05 01:36:00,2060.9900000000002,2062.83,2052.63,2053.9,5212.0
2024-01-05 01:37:00,2053.62,2057.89,2053.31,2057.16,1519.0
2024-01-05 01:38:00,2057.15,2066.09,2055.7200000000003,2065.89,5780.0
2024-01-05 01:39:00,2067.04,2071.17,2065.5,2069.58,5679.0
2024-01-05 01:40:00,2069.55,2070.82,2059.29,2060.62,3317.0
2024-01-05 01:41:00,2061.31,2062.32,2058.21,2059.76,2924.0
2024-01-05 01:42:00,2059.66,2061.21,2053.08,2054.57,3535.0
2024-01-05 01:43:00,2053.67,2057.77,2051.87,2056.7,4516.0
2024-01-05 01:44:00,2056.19,2059.48,2054.7,2056.98,5537.0
2024-01-05 01:45:00,2057.9700000000003,2058.31,2047.99,2049.62,4058.0
2024-01-05 01:46:00,2049.95,2063.2200000000003,2048.96,2061.45,5961.0
2024-01-05 01:47:00,2062.17,2062.4900000000002,2050.7400000000002,2053.07,3529.0
2024-01-05 01:48:00,2053.07,2053.61,2045.8600000000001,2046.72,2643.0
2024-01-05 01:49:00,2047.3300000000002,2048.29,2036.02,2038.1000000000001,1118.0
2024-01-05 01:50:00,2038.48,2054.63,2037.02,2053.53,5865.0
2024-01-05 01:51:00,2053.9,2054.68,2053.01,2054.12,2703.0
2024-01-05 01:52:00,2053.71,2053.95,2052.39,2052.55,4848.0
2024-01-05 01:53:00,2052.31,2052.46,2044.28,2046.23,4373.0
2024-01-05 01:54:00,2047.26,2048.9700000000003,2042.48,2045.32,1865.0
2024-01-05 01:55:00,2046.06,2047.67,2040.0800000000002,2043.1200000000001,5296.0
2024-01-05 01:56:00,2043.5,2045.01,2038.98,2041.71,1084.0
2024-01-05 01:57:00,2042.1000000000001,2044.3400000000001,2041.8,2044.24,2940.0
2024-01-05 01:58:00,2043.6100000000001,2043.78,2040.7,2043.02,5629.0
2024-01-05 01:59:00,2043.3500000000001,2043.38,2032.78,2035.7,3309.0
2024-01-05 02:00:00,2035.15,2040.8700000000001,2034.1100000000001,2039.32,1822.0
2024-01-05 02:01:00,2039.66,2050.2400000000002,2038.13,2049.02,4822.0
2024-01-05 02:02:00,2048.75,2055.51,2048.4900000000002,2052.65,3503.0
2024-01-05 02:03:00,2053.05,2056.75,2052.06,2055.04,4130.0
2024-01-05 02:04:00,2055.7400000000002,2056.67,2050.43,2052.95,4938.0
2024-01-05 02:05:00,2052.73,2053.16,2050.34,2052.02,4189.0
2024-01-05 02:06:00,2052.76,2057.18,2051.69,2056.33,1803.0
2024-01-05 02:07:00,2055.52,2064.31,2055.41,2062.12,2412.0
2024-01-05 02:08:00,2061.52,2063.0,2055.9700000000003,2056.4700000000003,3453.0
2024-01-05 02:09:00,2056.85,2058.68,2053.8,2054.43,3356.0
2024-01-05 02:10:00,2055.85,2060.46,2055.13,2058.1,2799.0
2024-01-05 02:11:00,2056.88,2061.77,2056.5,2058.86,1303.0
2024-01-05 02:12:00,2059.02,2067.9700000000003,2057.27,2066.37,1690.0
2024-01-05 02:13:00,2066.79,2079.0,2065.26,2078.71,4839.0
2024-01-05 02:14:00,2077.7200000000003,2085.32,2076.9700000000003,2082.96,3178.0
2024-01-05 02:15:00,2083.45,2086.17,2081.91,2085.23,2401.0
2024-01-05 02:16:00,2083.96,2085.53,2076.52,2076.56,3648.0
2024-01-05 02:17:00,2076.29,2077.42,2070.14,2070.8,2837.0
2024-01-05 02:18:00,2071.7400000000002,2076.43,2071.28,2074.9700000000003,2993.0
2024-01-05 02:19:00,2075.18,2075.29,2067.98,2071.06,2410.0
2024-01-05 02:20:00,2071.11,2072.43,2057.9900000000002,2059.71,1695.0
2024-01-05 02:21:00,2060.15,2060.33,2050.25,2052.63,4554.0
2024-01-05 02:22:00,2052.7,2053.7400000000002,2051.71,2051.83,4361.0
2024-01-05 02:23:00,2051.53,2051.76,2044.0900000000001,2046.88,2999.0
2024-01-05 02:24:00,2047.94,2049.06,2042.6200000000001,2043.27,1766.0
2024-01-05 02:25:00,2042.19,2051.27,2041.1000000000001,2049.39,2454.0
2024-01-05 02:26:00,2049.36,2052.02,2048.0,2050.01,1955.0
2024-01-05 02:27:00,2050.13,2051.05,2044.16,2045.8500000000001,3453.0
2024-01-05 02:28:00,2044.94,2053.52,2043.66,2051.83,3225.0
2024-01-05 02:29:00,2050.58,2052.16,2036.19,2036.27,4737.0
2024-01-05 02:30:00,2036.43,2042.1100000000001,2035.13,2041.25,1331.0
2024-01-05 02:31:00,2041.79,2043.3300000000002,2036.42,2036.57,4991.0
2024-01-05 02:32:00,2037.72,2046.05,2036.02,2045.3400000000001,3972.0
2024-01-05 02:33:00,2045.88,2047.25,2036.96,2038.96,5328.0
2024-01-05 02:34:00,2039.7,2040.22,2031.28,2032.93,2200.0
2024-01-05 02:35:00,2032.73,2038.6100000000001,2031.28,2036.16,2122.0
2024-01-05 02:36:00,2036.1100000000001,2036.45,2024.72,2027.63,5455.0
2024-01-05 02:37:00,2027.15,2027.64,2005.67,2007.92,1247.0
2024-01-05 02:38:00,2007.95,2013.5900000000001,2007.3,2013.32,5496.0
2024-01-05 02:39:00,2013.5900000000001,2014.92,2012.67,2014.24,2089.0
2024-01-05 02:40:00,2014.3500000000001,2016.07,2007.8,2010.14,5637.0
2024-01-05 02:41:00,2011.05,2012.64,2004.03,2004.0800000000002,1882.0
2024-01-05 02:42:00,2004.15,2004.3600000000001,2001.98,2002.65,5633.0
2024-01-05 02:43:00,2003.4,2004.76,2003.3700000000001,2003.55,2019.0
2024-01-05 02:44:00,2004.3400000000001,2011.3300000000002,2003.74,2011.29,4273.0
2024-01-05 02:45:00,2012.13,2012.43,2008.8400000000001,2009.21,1169.0
2024-01-05 02:46:00,2009.43,2009.7,2004.65,2006.88,3830.0
2024-01-05 02:47:00,2006.8400000000001,2007.39,2002.27,2004.26,2700.0
2024-01-05 02:48:00,2003.15,2003.23,2000.21,2001.43,3702.0
2024-01-05 02:49:00,2002.21,2003.26,1987.53,1990.3300000000002,3453.0
2024-01-05 02:50:00,1990.14,1991.06,1986.03,1988.72,3060.0
2024-01-05 02:51:00,1988.25,1988.3,1983.3700000000001,1985.46,1915.0
2024-01-05 02:52:00,1987.15,1988.2,1975.3400000000001,1976.29,1596.0
2024-01-05 02:53:00,1975.13,1976.17,1973.32,1974.03,3295.0
2024-01-05 02:54:00,1975.02,1976.5800000000002,1972.73,1973.6100000000001,2549.0
2024-01-05 02:55:00,1973.6000000000001,1978.1100000000001,1972.4,1976.51,1881.0
2024-01-05 02:56:00,1975.92,1976.25,1973.29,1973.3400000000001,3455.0
2024-01-05 02:57:00,1973.95,1975.23,1965.9,1966.94,1443.0
2024-01-05 02:58:00,1966.25,1978.49,1964.66,1977.6100000000001,5443.0
2024-01-05 02:59:00,1977.3,1978.2,1969.8600000000001,1971.3500000000001,1713.0
2024-01-05 03:00:00,1971.75,1978.27,1970.95,1976.05,1414.0
2024-01-05 03:01:00,1976.14,1988.14,1975.45,1987.99,1994.0
2024-01-05 03:02:00,1987.69,1988.5800000000002,1978.75,1981.51,1063.0
2024-01-05 03:03:00,1982.3,1984.05,1979.1100000000001,1981.5,5579.0
2024-01-05 03:04:00,1981.19,1982.8,1974.3,1976.96,4096.0
2024-01-05 03:05:00,1976.76,1983.49,1976.05,1981.3,1526.0
2024-01-05 03:06:00,1981.14,1981.74,1971.2,1971.28,30643.28205974374
2024-01-05 03:07:00,1971.7,1972.5900000000001,1969.31,1970.63,5475.0
2024-01-05 03:08:00,1970.0900000000001,1975.56,1969.2,1973.67,1231.0
2024-01-05 03:09:00,1972.88,1975.41,1971.8500000000001,1974.72,3188.0
2024-01-05 03:10:00,1974.94,1976.02,1966.24,1968.48,5697.0
2024-01-05 03:11:00,1968.65,1969.69,1957.58,1960.27,3397.0
2024-01-05 03:12:00,1960.72,1969.8600000000001,1960.67,1969.6000000000001,3393.0
2024-01-05 03:13:00,1969.99,1970.39,1964.72,1967.6100000000001,2044.0
2024-01-05 03:14:00,1967.8700000000001,1968.56,1965.65,1967.1200000000001,1522.0
2024-01-05 03:15:00,1966.75,1969.31,1965.8500000000001,1967.44,1263.0
2024-01-05 03:16:00,1968.31,1969.72,1962.3,1962.96,3612.0
2024-01-05 03:17:00,1962.88,1970.72,1961.56,1968.21,2311.0
2024-01-05 03:18:00,1967.69,1970.22,1967.0900000000001,1968.2,3468.0
2024-01-05 03:19:00,1968.18,1969.49,1966.89,1967.49,2050.0
2024-01-05 03:20:00,1966.5900000000001,1967.32,1947.71,1949.51,4376.0
2024-01-05 03:21:00,1949.3600000000001,1960.1100000000001,1947.68,1957.25,2976.0
2024-01-05 03:22:00,1957.82,1959.25,1954.29,1956.45,5527.0
2024-01-05 03:23:00,1956.06,1962.66,1955.8700000000001,1959.78,1524.0
2024-01-05 03:24:00,1959.78,1960.29,1953.28,1956.1000000000001,3107.0
2024-01-05 03:25:00,1956.26,1959.46,1955.42,1958.52,2407.0
2024-01-05 03:26:00,1958.07,1970.48,1957.27,1969.8300000000002,2362.0
2024-01-05 03:27:00,1970.73,1970.91,1956.16,1956.7,3500.0
2024-01-05 03:28:00,1957.08,1962.53,1957.0,1961.25,4214.0
2024-01-05 03:29:00,1962.24,1962.9,1944.6000000000001,1947.27,2309.0
2024-01-05 03:30:00,1946.95,1947.55,1944.27,1944.64,4328.0
2024-01-05 03:31:00,1944.94,1945.01,1938.29,1941.0900000000001,1970.0
2024-01-05 03:32:00,1940.68,1942.39,1934.04,1936.52,2709.0
2024-01-05 03:33:00,1936.1200000000001,1945.71,1935.21,1945.13,1689.0
2024-01-05 03:34:00,1946.45,1948.04,1944.04,1944.8,1492.0
2024-01-05 03:35:00,1945.19,1945.92,1943.31,1943.8500000000001,2377.0
2024-01-05 03:36:00,1943.16,1944.79,1940.13,1942.63,2179.0
2024-01-05 03:37:00,1943.98,1945.31,1939.06,1939.89,4346.0
2024-01-05 03:38:00,1941.3,1943.03,1935.7,1938.29,4619.0
2024-01-05 03:39:00,1939.46,1942.44,1938.23,1940.06,5652.0
2024-01-05 03:40:00,1939.58,1951.99,1939.25,1949.93,1532.0
2024-01-05 03:41:00,1951.26,1951.8600000000001,1940.14,1940.93,1527.0
2024-01-05 03:42:00,1940.99,1942.44,1929.93,1932.24,2600.0
2024-01-05 03:43:00,1930.74,1931.9,1924.78,1925.91,5094.0
2024-01-05 03:44:00,1925.04,1925.99,1922.3600000000001,1922.8600000000001,5823.0
2024-01-05 03:45:00,1922.22,1925.64,1921.83,1923.52,5119.0
2024-01-05 03:46:00,1922.8400000000001,1923.78,1920.54,1922.22,1566.0
2024-01-05 03:47:00,1921.74,1923.2,1912.5900000000001,1912.79,2434.0
2024-01-05 03:48:00,1913.99,1914.43,1912.3700000000001,1913.22,2654.0
2024-01-05 03:49:00,1913.94,1914.8400000000001,1904.52,1905.01,5323.0
2024-01-05 03:50:00,1904.55,1910.0,1903.08,1907.31,5614.0
2024-01-05 03:51:00,1906.73,1911.0,1905.18,1908.42,4398.0
2024-01-05 03:52:00,1909.02,1909.07,1906.03,1906.8400000000001,5877.0
2024-01-05 03:53:00,1906.24,1907.41,1903.71,1904.94,4856.0
2024-01-05 03:54:00,1903.95,1907.3400000000001,1902.54,1906.8500000000001,1822.0
2024-01-05 03:55:00,1907.6200000000001,1914.31,1906.77,1913.38,4648.0
2024-01-05 03:56:00,1913.91,1915.58,1907.51,1908.81,2364.0
2024-01-05 03:57:00,1908.06,1909.49,1906.19,1907.43,3033.0
2024-01-05 03:58:00,1908.04,1909.63,1899.83,1900.83,5489.0
2024-01-05 03:59:00,1901.45,1902.78,1899.4,1899.5900000000001,1504.0
2024-01-05 04:00:00,1900.0,1900.06,1896.6000000000001,1898.6200000000001,2702.0
2024-01-05 04:01:00,1898.3600000000001,1911.73,1898.13,1910.17,3666.0
2024-01-05 04:02:00,1910.3500000000001,1911.05,1898.69,1900.8600000000001,1446.0
2024-01-05 04:03:00,1900.43,1915.13,1899.3400000000001,1913.22,3951.0
2024-01-05 04:04:00,1913.32,1913.63,1906.26,1908.9,3640.0
2024-01-05 04:05:00,1908.1000000000001,1913.58,1907.2,1911.95,3121.0
2024-01-05 04:06:00,1911.82,1912.58,1902.33,1903.72,2035.0
2024-01-05 04:07:00,1903.29,1909.07,1903.15,1907.55,1155.0
2024-01-05 04:08:00,1906.6200000000001,1914.0900000000001,1905.57,1911.58,1326.0
2024-01-05 04:09:00,1911.23,1917.15,1910.15,1914.74,3318.0
2024-01-05 04:10:00,1916.3,1922.44,1914.78,1921.31,3561.0
2024-01-05 04:11:00,1920.43,1925.75,1919.6100000000001,1923.92,5554.0
2024-01-05 04:12:00,1924.8500000000001,1933.9,1924.52,1932.55,5185.0
2024-01-05 04:13:00,1932.0900000000001,1932.65,1927.15,1927.28,5680.0
2024-01-05 04:14:00,1926.97,1938.32,1926.8500000000001,1936.71,4652.0
2024-01-05 04:15:00,1936.3500000000001,1937.26,1929.18,1932.0,2329.0
2024-01-05 04:16:00,1932.27,1933.29,1928.18,1929.29,3669.0
2024-01-05 04:17:00,1929.92,1937.41,1929.68,1935.74,3269.0
2024-01-05 04:18:00,1936.27,1936.92,1933.5,1935.57,4672.0
2024-01-05 04:19:00,1935.29,1936.0900000000001,1932.77,1933.72,2558.0
2024-01-05 04:20:00,1933.06,1939.33,1932.33,1938.2,1794.0
2024-01-05 04:21:00,1938.3700000000001,1939.77,1933.18,1933.88,2566.0
2024-01-05 04:22:00,1933.88,1946.74,1933.8,1945.55,4162.0
2024-01-05 04:23:00,1945.82,1948.92,1945.02,1946.5900000000001,26381.301445835106
2024-01-05 04:24:00,1946.51,1947.16,1936.17,1938.9,2519.0
2024-01-05 04:25:00,1938.74,1941.51,1937.47,1939.68,2022.0
2024-01-05 04:26:00,1939.73,1940.5,1938.4,1939.05,3365.0
2024-01-05 04:27:00,1939.08,1940.55,1933.82,1933.91,5331.0
2024-01-05 04:28:00,1932.82,1937.65,1931.43,1937.2,2035.0
2024-01-05 04:29:00,1937.79,1941.0900000000001,1937.55,1940.3400000000001,3716.0
2024-01-05 04:30:00,1940.49,1947.67,1938.74,1944.94,1464.0
2024-01-05 04:31:00,1944.57,1945.41,1941.57,1944.17,2981.0
2024-01-05 04:32:00,1944.83,1951.94,1944.77,1949.54,1011.0
2024-01-05 04:33:00,1949.1000000000001,1950.04,1948.51,1949.77,5169.0
2024-01-05 04:34:00,1949.03,1950.72,1940.76,1942.77,5266.0
2024-01-05 04:35:00,1943.72,1957.16,1942.83,1956.3600000000001,1121.0
2024-01-05 04:36:00,1955.3400000000001,1965.55,1953.89,1963.98,1685.0
2024-01-05 04:37:00,1963.89,1967.54,1962.15,1965.24,3450.0
2024-01-05 04:38:00,1965.8400000000001,1967.0900000000001,1963.07,1965.3600000000001,3698.0
2024-01-05 04:39:00,1966.39,1967.71,1965.69,1965.98,3580.0
2024-01-05 04:40:00,1966.06,1967.28,1962.07,1964.31,3627.0
2024-01-05 04:41:00,1964.31,1964.67,1959.32,1960.1200000000001,2053.0
2024-01-05 04:42:00,1960.03,1960.3500000000001,1957.08,1958.1100000000001,4255.0
2024-01-05 04:43:00,1959.24,1960.56,1952.47,1953.57,2320.0
2024-01-05 04:44:00,1953.3700000000001,1954.17,1950.2,1951.9,4591.0
2024-01-05 04:45:00,1952.21,1953.3700000000001,1947.03,1947.3,4966.0
2024-01-05 04:46:00,1946.9,1946.93,1937.45,1939.1100000000001,2439.0
2024-01-05 04:47:00,1939.8500000000001,1940.3500000000001,1938.49,1938.74,2998.0
2024-01-05 04:48:00,1938.52,1945.74,1937.69,1945.56,3627.0
2024-01-05 04:49:00,1945.03,1951.88,1944.41,1951.3700000000001,2413.0
2024-01-05 04:50:00,1951.45,1952.92,1940.5,1942.69,3532.0
2024-01-05 04:51:00,1942.65,1955.68,1942.1200000000001,1954.8500000000001,2569.0
2024-01-05 04:52:00,1955.18,1959.8400000000001,1953.83,1958.16,5920.0
2024-01-05 04:53:00,1957.48,1958.74,1954.18,1955.3500000000001,1152.0
2024-01-05 04:54:00,1955.1000000000001,1956.83,1955.0900000000001,1955.3600000000001,5858.0
2024-01-05 04:55:00,1954.6100000000001,1955.1200000000001,1953.15,1953.78,2637.0
2024-01-05 04:56:00,1953.47,1955.69,1953.0,1955.06,5874.0
2024-01-05 04:57:00,1954.71,1955.6200000000001,1937.97,1938.46,1079.0
2024-01-05 04:58:00,1938.06,1939.32,1935.0900000000001,1937.5,2533.0
2024-01-05 04:59:00,1938.82,1939.05,1928.5900000000001,1930.01,3162.0
2024-01-05 05:00:00,1930.64,1932.1000000000001,1925.82,1927.46,1613.0
2024-01-05 05:01:00,1927.3400000000001,1929.06,1917.99,1919.8600000000001,2401.0
2024-01-05 05:02:00,1919.4,1919.77,1916.15,1917.6000000000001,1130.0
2024-01-05 05:03:00,1917.94,1919.42,1909.8400000000001,1909.91,2677.0
2024-01-05 05:04:00,1909.75,1916.08,1909.24,1914.57,4457.0
2024-01-05 05:05:00,1915.32,1915.54,1905.96,1908.45,26870.26950331498
2024-01-05 05:06:00,1909.3400000000001,1923.03,1908.1000000000001,1920.97,2559.0
2024-01-05 05:07:00,1921.13,1922.66,1919.77,1921.53,3575.0
2024-01-05 05:08:00,1922.41,1926.1200000000001,1920.81,1924.38,1108.0
2024-01-05 05:09:00,1924.98,1926.15,1920.94,1923.45,4095.0
2024-01-05 05:10:00,1922.68,1928.06,1921.72,1926.83,5333.0
2024-01-05 05:11:00,1926.0,1936.67,1925.95,1936.22,5448.0
2024-01-05 05:12:00,1937.21,1943.22,1935.48,1941.73,3500.0
2024-01-05 05:13:00,1940.8500000000001,1954.72,1940.29,1952.67,5607.0
2024-01-05 05:14:00,1952.79,1968.28,1952.27,1965.6000000000001,1931.0
2024-01-05 05:15:00,1964.79,1966.04,1961.71,1963.39,3774.0
2024-01-05 05:16:00,1963.3400000000001,1972.24,1962.27,1971.96,2665.0
2024-01-05 05:17:00,1971.68,1976.03,1970.2,1975.88,2079.0
2024-01-05 05:18:00,1975.29,1977.71,1974.1200000000001,1976.93,3010.0
2024-01-05 05:19:00,1976.27,1977.07,1973.8,1974.32,4476.0
2024-01-05 05:20:00,1973.6000000000001,1975.3700000000001,1967.76,1969.68,4295.0
2024-01-05 05:21:00,1970.14,1971.3300000000002,1967.94,1969.57,2019.0
2024-01-05 05:22:00,1969.31,1979.8,1968.72,1977.24,5753.0
2024-01-05 05:23:00,1977.6000000000001,1978.1100000000001,1971.82,1973.76,1075.0
2024-01-05 05:24:00,1974.46,1979.57,1972.95,1977.92,2403.0
2024-01-05 05:25:00,1978.28,1982.75,1976.96,1980.0,2351.0
2024-01-05 05:26:00,1979.8300000000002,1980.78,1973.64,1974.55,2644.0
2024-01-05 05:27:00,1974.8300000000002,1975.48,1972.0,1973.73,1709.0
2024-01-05 05:28:00,1973.68,1973.95,1969.07,1971.27,4757.0
2024-01-05 05:29:00,1970.8500000000001,1971.48,1969.47,1969.49,5620.0
2024-01-05 05:30:00,1970.65,1970.73,1967.5800000000002,1968.53,5912.0
2024-01-05 05:31:00,1968.77,1969.8400000000001,1958.8500000000001,1960.3400000000001,4215.0
2024-01-05 05:32:00,1960.74,1961.58,1953.6000000000001,1956.47,1003.0
2024-01-05 05:33:00,1956.9,1970.03,1956.71,1967.7,5834.0
2024-01-05 05:34:00,1966.57,1973.74,1965.73,1972.04,1602.0
2024-01-05 05:35:00,1971.48,1974.55,1970.8700000000001,1974.1000000000001,5907.0
2024-01-05 05:36:00,1973.39,1973.8700000000001,1962.1200000000001,1963.63,3514.0
2024-01-05 05:37:00,1962.67,1970.6000000000001,1962.41,1969.9,4526.0
2024-01-05 05:38:00,1969.69,1969.8700000000001,1960.96,1963.8700000000001,4134.0
2024-01-05 05:39:00,1962.8,1963.7,1958.99,1960.95,5324.0
2024-01-05 05:40:00,1960.66,1967.29,1959.55,1967.17,4994.0
2024-01-05 05:41:00,1966.5900000000001,1967.93,1966.52,1966.65,2526.0
2024-01-05 05:42:00,1967.6000000000001,1975.23,1966.55,1974.77,5714.0
2024-01-05 05:43:00,1974.99,1981.69,1974.8,1980.69,2674.0
2024-01-05 05:44:00,1980.75,1983.05,1980.0,1981.88,2452.0
2024-01-05 05:45:00,1982.27,1982.8300000000002,1979.27,1980.3700000000001,5062.0
2024-01-05 05:46:00,1979.47,1980.21,1973.79,1976.55,1175.0
2024-01-05 05:47:00,1976.38,1976.46,1968.38,1968.97,4745.0
2024-01-05 05:48:00,1969.74,1974.0,1968.5,1973.31,3917.0
2024-01-05 05:49:00,1972.8700000000001,1982.21,1972.17,1981.9,4236.0
2024-01-05 05:50:00,1982.3700000000001,1982.8600000000001,1975.77,1977.0,3444.0
2024-01-05 05:51:00,1976.6000000000001,1976.6000000000001,1957.43,1957.78,3467.0
2024-01-05 05:52:00,1958.2,1958.51,1949.6100000000001,1952.39,4765.0
2024-01-05 05:53:00,1952.98,1962.01,1951.88,1959.39,5997.0
2024-01-05 05:54:00,1959.06,1959.52,1958.66,1959.19,2417.0
2024-01-05 05:55:00,1958.74,1959.27,1957.67,1958.55,3428.0
2024-01-05 05:56:00,1958.6200000000001,1972.13,1958.5,1971.67,5510.0
2024-01-05 05:57:00,1971.8300000000002,1976.71,1970.93,1975.2,4658.0
2024-01-05 05:58:00,1974.96,1976.4,1970.63,1973.46,4681.0
2024-01-05 05:59:00,1974.18,1977.23,1972.54,1975.0800000000002,5971.0
2024-01-05 06:00:00,1975.91,1976.25,1970.3400000000001,1972.5800000000002,2304.0
2024-01-05 06:01:00,1971.8700000000001,1973.15,1964.65,1967.13,5640.0
2024-01-05 06:02:00,1966.67,1968.31,1961.5900000000001,1963.5,2690.0
2024-01-05 06:03:00,1963.69,1964.68,1951.69,1952.3400000000001,5119.0
2024-01-05 06:04:00,1951.93,1953.28,1939.82,1940.77,5872.0
2024-01-05 06:05:00,1940.79,1944.47,1940.63,1942.49,5445.0
2024-01-05 06:06:00,1942.73,1947.7,1941.0,1947.46,3965.0
2024-01-05 06:07:00,1947.69,1951.54,1947.6100000000001,1950.46,4431.0
2024-01-05 06:08:00,1949.3,1950.04,1949.06,1949.73,5770.0
2024-01-05 06:09:00,1949.51,1950.97,1945.17,1945.45,5616.0
2024-01-05 06:10:00,1946.0,1946.3600000000001,1944.17,1945.32,4545.0
2024-01-05 06:11:00,1944.25,1944.6200000000001,1937.13,1937.93,4697.0
2024-01-05 06:12:00,1937.77,1938.27,1930.3,1932.39,3800.0
2024-01-05 06:13:00,1932.65,1937.74,1931.29,1935.23,1814.0
2024-01-05 06:14:00,1935.8500000000001,1936.47,1927.77,1928.72,1181.0
2024-01-05 06:15:00,1928.04,1928.29,1920.48,1921.67,5166.0
2024-01-05 06:16:00,1921.01,1933.75,1920.96,1933.0900000000001,3709.0
2024-01-05 06:17:00,1932.13,1939.49,1931.66,1937.75,3965.0
2024-01-05 06:18:00,1938.02,1946.23,1937.22,1945.44,5681.0
2024-01-05 06:19:00,1945.65,1945.7,1935.76,1938.15,4570.0
2024-01-05 06:20:00,1938.24,1944.56,1938.0900000000001,1942.8700000000001,3787.0
2024-01-05 06:21:00,1943.1200000000001,1951.19,1942.7,1949.94,1582.0
2024-01-05 06:22:00,1950.6100000000001,1951.8500000000001,1942.49,1944.31,2016.0
2024-01-05 06:23:00,1944.99,1946.3,1935.8,1938.49,4800.0
2024-01-05 06:24:00,1938.82,1939.8600000000001,1930.46,1932.0900000000001,2200.0
2024-01-05 06:25:00,1932.4,1935.81,1931.14,1935.27,4892.0
2024-01-05 06:26:00,1934.5,1935.58,1928.66,1931.3400000000001,2065.0
2024-01-05 06:27:00,1931.32,1934.04,1929.79,1932.1000000000001,1114.0
2024-01-05 06:28:00,1932.48,1941.21,1931.1100000000001,1939.26,2093.0
2024-01-05 06:29:00,1938.44,1939.17,1932.65,1933.64,5950.0
2024-01-05 06:30:00,1933.48,1935.69,1932.98,1934.65,3896.0
2024-01-05 06:31:00,1934.28,1937.48,1933.22,1934.81,3630.0
2024-01-05 06:32:00,1935.02,1935.52,1932.0900000000001,1933.8600000000001,2236.0
2024-01-05 06:33:00,1933.83,1939.95,1932.43,1938.2,3341.0
2024-01-05 06:34:00,1938.04,1943.5900000000001,1937.99,1943.29,1211.0
2024-01-05 06:35:00,1942.48,1946.72,1941.27,1944.13,5832.0
2024-01-05 06:36:00,1944.08,1947.41,1942.93,1945.89,2261.0
2024-01-05 06:37:00,1945.28,1947.32,1945.15,1945.46,3493.0
2024-01-05 06:38:00,1946.88,1947.32,1933.77,1934.5900000000001,4714.0
2024-01-05 06:39:00,1934.98,1936.45,1931.49,1934.13,3589.0
2024-01-05 06:40:00,1934.07,1935.21,1920.88,1922.88,5605.0
2024-01-05 06:41:00,1923.3600000000001,1929.91,1922.44,1929.1100000000001,2846.0
2024-01-05 06:42:00,1929.97,1930.04,1919.28,1920.08,3203.0
2024-01-05 06:43:00,1920.47,1923.8700000000001,1918.8,1922.72,3109.0
2024-01-05 06:44:00,1923.05,1933.5900000000001,1921.6000000000001,1933.5900000000001,1920.0
2024-01-05 06:45:00,1933.64,1937.71,1933.31,1934.83,4490.0
2024-01-05 06:46:00,1934.98,1945.53,1934.1000000000001,1943.9,3221.0
2024-01-05 06:47:00,1943.3600000000001,1949.0,1941.92,1946.2,5969.0
2024-01-05 06:48:00,1946.9,1955.33,1946.15,1953.42,2128.0
2024-01-05 06:49:00,1952.14,1960.54,1950.96,1957.9,4960.0
2024-01-05 06:50:00,1957.3500000000001,1966.65,1956.15,1964.13,1508.0
2024-01-05 06:51:00,1964.47,1965.56,1953.0,1955.25,3574.0
2024-01-05 06:52:00,1955.58,1957.33,1948.33,1949.97,2774.0
2024-01-05 06:53:00,1950.01,1950.52,1948.21,1950.0,2223.0
2024-01-05 06:54:00,1950.6100000000001,1951.27,1937.42,1937.92,2940.0
2024-01-05 06:55:00,1938.06,1938.51,1932.1200000000001,1932.99,3757.0
2024-01-05 06:56:00,1932.92,1945.96,1931.38,1943.3400000000001,4412.0
2024-01-05 06:57:00,1943.55,1948.58,1942.9,1948.33,4348.0
2024-01-05 06:58:00,1947.48,1956.89,1946.82,1955.73,2538.0
2024-01-05 06:59:00,1955.3,1956.74,1952.24,1953.3400000000001,2128.0
2024-01-05 07:00:00,1953.92,1954.64,1949.06,1951.01,5891.0
2024-01-05 07:01:00,1950.93,1956.3500000000001,1949.76,1954.1100000000001,3506.0
2024-01-05 07:02:00,1954.03,1955.73,1939.1000000000001,1940.48,1686.0
2024-01-05 07:03:00,1941.44,1953.47,1940.6000000000001,1951.6100000000001,2908.0
2024-01-05 07:04:00,1951.92,1960.28,1950.75,1958.64,3907.0
2024-01-05 07:05:00,1959.43,1962.32,1958.49,1960.2,3624.0
2024-01-05 07:06:00,1960.3700000000001,1968.0900000000001,1959.21,1965.31,1199.0
2024-01-05 07:07:00,1966.0,1969.65,1964.89,1968.81,1148.0
2024-01-05 07:08:00,1969.17,1970.5900000000001,1966.8500000000001,1968.8,2559.0
2024-01-05 07:09:00,1968.67,1968.78,1963.55,1963.74,3164.0
2024-01-05 07:10:00,1963.5,1968.42,1963.44,1966.65,4010.0
2024-01-05 07:11:00,1966.74,1967.96,1958.04,1960.66,3145.0
2024-01-05 07:12:00,1960.28,1962.01,1956.96,1958.05,2174.0
2024-01-05 07:13:00,1957.78,1958.92,1944.29,1945.27,1387.0
2024-01-05 07:14:00,1945.65,1946.01,1940.52,1942.89,2386.0
2024-01-05 07:15:00,1942.25,1957.05,1942.16,1954.24,3949.0
2024-01-05 07:16:00,1954.97,1956.6100000000001,1951.07,1952.14,2124.0
2024-01-05 07:17:00,1952.3,1960.51,1951.08,1959.6200000000001,5699.0
2024-01-05 07:18:00,1958.95,1962.03,1957.97,1959.26,4395.0
2024-01-05 07:19:00,1958.8,1959.3400000000001,1951.1100000000001,1952.92,3315.0
2024-01-05 07:20:00,1953.32,1954.05,1949.19,1950.25,2339.0
2024-01-05 07:21:00,1950.43,1956.98,1949.25,1955.06,3403.0
2024-01-05 07:22:00,1954.79,1962.73,1954.24,1960.52,4593.0
2024-01-05 07:23:00,1959.3700000000001,1962.45,1959.03,1959.8400000000001,5056.0
2024-01-05 07:24:00,1959.41,1962.2,1958.68,1961.94,1696.0
2024-01-05 07:25:00,1962.04,1963.16,1953.89,1955.78,5760.0
2024-01-05 07:26:00,1956.25,1956.33,1950.82,1952.64,4613.0
2024-01-05 07:27:00,1952.21,1952.76,1949.79,1951.8700000000001,2095.0
2024-01-05 07:28:00,1951.67,1957.48,1950.98,1955.81,1934.0
2024-01-05 07:29:00,1955.64,1964.33,1954.78,1962.51,3728.0
2024-01-05 07:30:00,1963.49,1965.1100000000001,1961.8600000000001,1965.1000000000001,5728.0
2024-01-05 07:31:00,1964.41,1964.52,1959.42,1959.92,2902.0
2024-01-05 07:32:00,1960.6200000000001,1966.44,1959.9,1966.3600000000001,1770.0
2024-01-05 07:33:00,1965.52,1968.66,1965.13,1966.5,1039.0
2024-01-05 07:34:00,1967.1100000000001,1967.75,1956.93,1959.46,1272.0
2024-01-05 07:35:00,1959.55,1959.79,1957.52,1959.32,3796.0
2024-01-05 07:36:00,1959.25,1966.26,1958.23,1964.49,2489.0
2024-01-05 07:37:00,1964.83,1965.99,1963.53,1964.43,3909.0
2024-01-05 07:38:00,1965.27,1965.8600000000001,1964.21,1965.55,5710.0
2024-01-05 07:39:00,1965.68,1966.69,1965.4,1966.67,3660.0
2024-01-05 07:40:00,1967.29,1967.46,1960.88,1962.3400000000001,1455.0
2024-01-05 07:41:00,1962.74,1971.53,1961.83,1970.5800000000002,4884.0
2024-01-05 07:42:00,1970.05,1970.8400000000001,1965.45,1966.8600000000001,5441.0
2024-01-05 07:43:00,1967.65,1968.03,1965.55,1967.21,4389.0
2024-01-05 07:44:00,1966.68,1970.3400000000001,1966.0,1970.03,3987.0
2024-01-05 07:45:00,1969.3600000000001,1974.99,1969.3300000000002,1972.19,4362.0
2024-01-05 07:46:00,1972.0,1972.28,1965.54,1966.5900000000001,3666.0
2024-01-05 07:47:00,1966.65,1966.9,1960.69,1962.69,2402.0
2024-01-05 07:48:00,1963.8600000000001,1970.6100000000001,1963.8400000000001,1970.57,5525.0
2024-01-05 07:49:00,1970.89,1971.22,1963.78,1965.95,1589.0
2024-01-05 07:50:00,1965.8500000000001,1969.04,1964.18,1967.17,5174.0
2024-01-05 07:51:00,1966.16,1967.41,1957.53,1959.21,1597.0
2024-01-05 07:52:00,1959.39,1966.19,1958.82,1963.33,5416.0
2024-01-05 07:53:00,1963.51,1969.5900000000001,1963.25,1967.04,3959.0
2024-01-05 07:54:00,1967.54,1968.26,1964.79,1967.42,1918.0
2024-01-05 07:55:00,1966.45,1981.56,1966.39,1979.45,2716.0
2024-01-05 07:56:00,1979.03,1979.32,1973.54,1975.16,2263.0
2024-01-05 07:57:00,1975.26,1976.3700000000001,1968.93,1969.49,2121.0
2024-01-05 07:58:00,1968.99,1969.93,1959.41,1960.31,2983.0
2024-01-05 07:59:00,1960.77,1961.53,1957.08,1957.22,3140.0
2024-01-05 08:00:00,1956.6000000000001,1967.5,1956.2,1964.8,5010.0
2024-01-05 08:01:00,1965.28,1966.3,1951.1000000000001,1953.6100000000001,7940.0
2024-01-05 08:02:00,1954.45,1959.04,1952.72,1956.43,8112.0
2024-01-05 08:03:00,1955.82,1967.42,1955.3,1965.3700000000001,4000.0
2024-01-05 08:04:00,1965.24,1966.72,1956.1200000000001,1956.66,1796.0
2024-01-05 08:05:00,1956.64,1959.33,1955.32,1958.58,4116.0
2024-01-05 08:06:00,1958.68,1960.3500000000001,1951.29,1952.8700000000001,4467.0
2024-01-05 08:07:00,1952.3,1953.93,1941.81,1944.24,4796.0
2024-01-05 08:08:00,1944.52,1945.14,1932.28,1933.83,1805.0
2024-01-05 08:09:00,1933.76,1946.9,1932.33,1946.82,8281.0
2024-01-05 08:10:00,1946.98,1959.67,1946.51,1958.94,5880.0
2024-01-05 08:11:00,1960.14,1960.55,1957.29,1957.46,4073.0
2024-01-05 08:12:00,1958.07,1959.83,1957.64,1959.58,7726.0
2024-01-05 08:13:00,1959.92,1960.31,1956.53,1958.02,3494.0
2024-01-05 08:14:00,1957.89,1958.53,1951.39,1952.28,8369.0
2024-01-05 08:15:00,1952.69,1962.98,1951.4,1961.63,4196.0
2024-01-05 08:16:00,1961.92,1962.48,1948.0900000000001,1950.8600000000001,4878.0
2024-01-05 08:17:00,1951.0900000000001,1951.48,1945.27,1946.06,5258.0
2024-01-05 08:18:00,1946.65,1966.97,1946.53,1964.55,3540.0
2024-01-05 08:19:00,1965.81,1966.76,1960.49,1961.69,3642.0
2024-01-05 08:20:00,1961.05,1962.24,1944.6000000000001,1945.67,5967.0
2024-01-05 08:21:00,1945.1000000000001,1945.18,1915.47,1915.6200000000001,5584.0
2024-01-05 08:22:00,1915.55,1916.2,1911.1100000000001,1911.47,8700.0
2024-01-05 08:23:00,1911.89,1911.99,1896.24,1898.55,4319.0
2024-01-05 08:24:00,1898.08,1900.75,1896.8400000000001,1899.42,8775.0
2024-01-05 08:25:00,1898.95,1909.48,1897.55,1907.27,3887.0
2024-01-05 08:26:00,1907.38,1907.47,1903.63,1905.63,8806.0
2024-01-05 08:27:00,1906.01,1929.6200000000001,1904.82,1929.05,5041.0
2024-01-05 08:28:00,1929.69,1932.9,1929.52,1931.47,3613.0
2024-01-05 08:29:00,1931.13,1940.9,1930.71,1938.48,8692.0
2024-01-05 08:30:00,1937.77,1951.4,1937.67,1951.18,4311.0
2024-01-05 08:31:00,1951.28,1962.4,1950.07,1961.3500000000001,3604.0
2024-01-05 08:32:00,1961.21,1969.9,1960.4,1968.28,8006.0
2024-01-05 08:33:00,1968.52,1974.6000000000001,1968.25,1973.97,7660.0
2024-01-05 08:34:00,1974.0800000000002,1990.41,1973.81,1988.16,4826.0
2024-01-05 08:35:00,1987.89,1988.3500000000001,1980.5,1981.63,5938.0
2024-01-05 08:36:00,1982.8300000000002,1983.46,1956.3700000000001,1956.93,7141.0
2024-01-05 08:37:00,1957.17,1958.83,1947.03,1948.21,3522.0
2024-01-05 08:38:00,1948.52,1949.38,1937.83,1940.19,4832.0
2024-01-05 08:39:00,1940.1100000000001,1944.69,1939.98,1941.88,3173.0
2024-01-05 08:40:00,1942.58,1943.63,1931.73,1934.18,5152.0
2024-01-05 08:41:00,1934.0900000000001,1942.25,1933.31,1940.17,8706.0
2024-01-05 08:42:00,1940.3,1945.89,1939.6200000000001,1944.43,8096.0
2024-01-05 08:43:00,1943.27,1960.29,1943.22,1957.47,6652.0
2024-01-05 08:44:00,1957.64,1963.45,1957.38,1961.51,8147.0
2024-01-05 08:45:00,1961.5,1963.25,1935.05,1935.48,8870.0
2024-01-05 08:46:00,1935.6000000000001,1937.29,1935.18,1936.8,2334.0
2024-01-05 08:47:00,1935.8,1948.3,1934.42,1947.45,4474.0
2024-01-05 08:48:00,1947.5900000000001,1947.63,1939.69,1941.18,7278.0
2024-01-05 08:49:00,1941.02,1956.92,1939.74,1954.07,2690.0
2024-01-05 08:50:00,1954.4,1960.19,1953.94,1958.45,7387.0
2024-01-05 08:51:00,1959.02,1964.2,1958.46,1962.48,3890.0
2024-01-05 08:52:00,1962.08,1962.5900000000001,1948.22,1948.89,3602.0
2024-01-05 08:53:00,1948.89,1949.15,1946.5,1947.8500000000001,2668.0
2024-01-05 08:54:00,1948.29,1948.8700000000001,1945.73,1947.91,5137.0
2024-01-05 08:55:00,1948.16,1953.77,1947.75,1951.21,3394.0
2024-01-05 08:56:00,1950.3600000000001,1953.74,1948.89,1952.33,7303.0
2024-01-05 08:57:00,1952.2,1955.73,1951.28,1955.68,8023.0
2024-01-05 08:58:00,1955.83,1958.88,1954.75,1957.58,6913.0
2024-01-05 08:59:00,1957.24,1957.3,1951.51,1952.51,6933.0
2024-01-05 09:00:00,1953.56,1953.68,1944.78,1946.32,6966.0
2024-01-05 09:01:00,1947.08,1947.2,1939.51,1940.58,8177.0
2024-01-05 09:02:00,1940.89,1940.95,1921.14,1922.6200000000001,6206.0
2024-01-05 09:03:00,1922.5,1922.89,1915.93,1917.04,3951.0
2024-01-05 09:04:00,1917.3700000000001,1918.27,1913.99,1914.4,2282.0
2024-01-05 09:05:00,1914.75,1915.67,1913.79,1914.31,6636.0
2024-01-05 09:06:00,1912.49,1917.29,1912.25,1916.6100000000001,3459.0
2024-01-05 09:07:00,1916.65,1917.47,1903.3500000000001,1904.6100000000001,2883.0
2024-01-05 09:08:00,1905.33,1914.93,1904.99,1913.67,4049.0
2024-01-05 09:09:00,1914.6100000000001,1921.1100000000001,1913.3500000000001,1919.45,5705.0
2024-01-05 09:10:00,1920.04,1936.44,1920.0,1935.48,3564.0
2024-01-05 09:11:00,1935.97,1949.1200000000001,1934.44,1946.8400000000001,2840.0
2024-01-05 09:12:00,1948.14,1958.64,1946.6000000000001,1957.6200000000001,5899.0
2024-01-05 09:13:00,1957.26,1958.0,1946.8700000000001,1949.44,5011.0
2024-01-05 09:14:00,1949.27,1952.1000000000001,1948.06,1951.47,2349.0
2024-01-05 09:15:00,1951.28,1960.8500000000001,1950.0,1959.19,2784.0
2024-01-05 09:16:00,1959.53,1960.8500000000001,1951.52,1953.2,1982.0
2024-01-05 09:17:00,1951.91,1952.0900000000001,1941.23,1943.56,5530.0
2024-01-05 09:18:00,1942.96,1951.96,1942.82,1949.81,2765.0
2024-01-05 09:19:00,1950.67,1952.94,1948.94,1951.6000000000001,7605.0
2024-01-05 09:20:00,1951.77,1951.9,1945.23,1947.97,4114.0
2024-01-05 09:21:00,1947.71,1948.81,1936.46,1938.48,2122.0
2024-01-05 09:22:00,1938.5,1941.7,1938.17,1941.56,5429.0
2024-01-05 09:23:00,1941.38,1942.15,1932.98,1934.18,6829.0
2024-01-05 09:24:00,1934.92,1934.97,1927.1000000000001,1927.95,8173.0
2024-01-05 09:25:00,1928.15,1931.52,1928.08,1931.04,2567.0
2024-01-05 09:26:00,1930.63,1938.1000000000001,1929.74,1936.53,2632.0
2024-01-05 09:27:00,1936.78,1946.17,1936.76,1943.49,6043.0
2024-01-05 09:28:00,1942.91,1943.16,1932.99,1934.23,31941.081854269232
2024-01-05 09:29:00,1934.1200000000001,1942.48,1933.53,1940.53,7305.0
2024-01-05 09:30:00,1941.51,1953.24,1941.21,1953.04,6810.0
2024-01-05 09:31:00,1953.3,1956.8600000000001,1952.63,1955.94,6672.0
2024-01-05 09:32:00,1956.32,1957.9,1949.65,1949.81,1924.0
2024-01-05 09:33:00,1949.88,1950.31,1940.28,1941.25,8300.0
2024-01-05 09:34:00,1940.51,1947.92,1939.13,1945.43,8685.0
2024-01-05 09:35:00,1945.03,1945.14,1930.23,1931.47,7513.0
2024-01-05 09:36:00,1931.26,1931.5900000000001,1923.79,1925.3500000000001,6471.0
2024-01-05 09:37:00,1925.8600000000001,1926.41,1906.32,1907.23,3015.0
2024-01-05 09:38:00,1908.3400000000001,1911.72,1908.24,1910.13,4085.0
2024-01-05 09:39:00,1909.44,1910.24,1895.55,1896.94,7602.0
2024-01-05 09:40:00,1897.54,1898.1200000000001,1889.17,1891.48,2076.0
2024-01-05 09:41:00,1890.44,1898.8500000000001,1890.23,1897.67,4304.0
2024-01-05 09:42:00,1897.49,1898.98,1880.96,1882.5,5861.0
2024-01-05 09:43:00,1881.99,1899.75,1881.22,1898.0,5787.0
2024-01-05 09:44:00,1898.8,1899.05,1888.18,1890.1200000000001,6583.0
2024-01-05 09:45:00,1889.64,1890.52,1884.02,1886.1000000000001,2613.0
2024-01-05 09:46:00,1886.1100000000001,1888.9,1885.28,1886.16,3849.0
2024-01-05 09:47:00,1885.93,1887.1100000000001,1881.54,1884.08,2070.0
2024-01-05 09:48:00,1884.07,1906.3,1882.41,1904.82,8631.0
2024-01-05 09:49:00,1905.04,1906.39,1884.1200000000001,1884.27,5552.0
2024-01-05 09:50:00,1885.27,1894.46,1883.8500000000001,1892.3700000000001,7224.0
2024-01-05 09:51:00,1892.29,1893.66,1875.95,1877.2,3211.0
2024-01-05 09:52:00,1876.55,1884.38,1874.98,1883.39,7746.0
2024-01-05 09:53:00,1882.73,1883.42,1882.27,1883.15,8946.0
2024-01-05 09:54:00,1883.6100000000001,1893.72,1881.95,1891.41,6932.0
2024-01-05 09:55:00,1891.95,1892.74,1888.28,1890.0900000000001,6211.0
2024-01-05 09:56:00,1890.0,1891.46,1885.53,1886.1200000000001,1755.0
2024-01-05 09:57:00,1886.02,1887.24,1875.51,1876.74,5558.0
2024-01-05 09:58:00,1876.44,1877.27,1866.75,1868.75,8197.0
2024-01-05 09:59:00,1869.49,1870.57,1865.81,1867.53,2631.0
2024-01-05 10:00:00,1868.23,1876.49,1866.8400000000001,1874.41,5798.0
2024-01-05 10:01:00,1874.6100000000001,1898.68,1874.52,1896.65,8236.0
2024-01-05 10:02:00,1896.76,1900.16,1896.67,1897.42,1893.0
2024-01-05 10:03:00,1897.1200000000001,1898.45,1893.06,1893.07,7021.0
2024-01-05 10:04:00,1893.98,1894.3500000000001,1885.39,1886.54,8857.0
2024-01-05 10:05:00,1885.51,1897.65,1884.15,1897.27,5676.0
2024-01-05 10:06:00,1898.54,1899.27,1887.21,1889.54,3519.0
2024-01-05 10:07:00,1890.66,1890.76,1884.64,1885.15,4010.0
2024-01-05 10:08:00,1885.3600000000001,1889.43,1884.54,1887.31,2679.0
2024-01-05 10:09:00,1887.3400000000001,1890.91,1886.96,1888.52,5585.0
2024-01-05 10:10:00,1888.5900000000001,1889.13,1886.8400000000001,1887.77,7826.0
2024-01-05 10:11:00,1886.97,1895.28,1886.76,1893.03,6357.0
2024-01-05 10:12:00,1892.07,1905.0900000000001,1891.45,1903.77,7425.0
2024-01-05 10:13:00,1903.45,1904.81,1903.27,1904.28,3989.0
2024-01-05 10:14:00,1904.56,1905.6100000000001,1899.93,1901.1100000000001,8906.0
2024-01-05 10:15:00,1900.99,1901.68,1897.64,1899.04,4482.0
2024-01-05 10:16:00,1898.49,1898.53,1895.43,1895.6000000000001,2716.0
2024-01-05 10:17:00,1895.1100000000001,1895.3700000000001,1887.76,1888.63,6739.0
2024-01-05 10:18:00,1888.43,1900.83,1887.23,1899.3,8119.0
2024-01-05 10:19:00,1899.32,1899.8700000000001,1885.13,1886.74,5633.0
2024-01-05 10:20:00,1885.9,1886.49,1876.66,1878.48,53660.43377456046
2024-01-05 10:21:00,1878.24,1888.64,1877.41,1888.31,5382.0
2024-01-05 10:22:00,1887.56,1894.05,1886.1000000000001,1892.91,7282.0
2024-01-05 10:23:00,1893.75,1894.9,1886.75,1888.54,2864.0
2024-01-05 10:24:00,1887.6200000000001,1888.25,1870.5900000000001,1871.3500000000001,7640.0
2024-01-05 10:25:00,1871.01,1876.5900000000001,1870.6100000000001,1875.3400000000001,4246.0
2024-01-05 10:26:00,1875.41,1876.57,1864.54,1864.57,2321.0
2024-01-05 10:27:00,1865.31,1866.06,1863.22,1864.45,8964.0
2024-01-05 10:28:00,1864.3600000000001,1865.78,1859.33,1861.99,4017.0
2024-01-05 10:29:00,1861.97,1862.57,1858.39,1860.26,7594.0
2024-01-05 10:30:00,1859.16,1860.78,1849.45,1851.65,3234.0
2024-01-05 10:31:00,1851.02,1853.5900000000001,1850.88,1851.5,6072.0
2024-01-05 10:32:00,1851.33,1851.8500000000001,1833.75,1834.25,8676.0
2024-01-05 10:33:00,1834.41,1844.81,1833.1200000000001,1842.31,6678.0
2024-01-05 10:34:00,1841.8,1843.02,1835.41,1838.04,2082.0
2024-01-05 10:35:00,1837.66,1839.03,1831.99,1834.31,4767.0
2024-01-05 10:36:00,1834.9,1835.63,1824.98,1826.74,2915.0
2024-01-05 10:37:00,1826.53,1845.38,1825.1200000000001,1843.4,3568.0
2024-01-05 10:38:00,1843.38,1851.22,1843.3400000000001,1849.2,2738.0
2024-01-05 10:39:00,1848.99,1849.58,1848.98,1849.53,4346.0
2024-01-05 10:40:00,1849.51,1850.8500000000001,1844.55,1845.01,6799.0
2024-01-05 10:41:00,1845.57,1846.77,1837.14,1839.3500000000001,1963.0
2024-01-05 10:42:00,1838.19,1846.0,1836.8600000000001,1843.53,5140.0
2024-01-05 10:43:00,1842.33,1842.8700000000001,1835.28,1837.21,4415.0
2024-01-05 10:44:00,1836.8500000000001,1854.81,1835.46,1852.77,6388.0
2024-01-05 10:45:00,1852.92,1853.69,1844.81,1847.3500000000001,2776.0
2024-01-05 10:46:00,1847.6100000000001,1848.3400000000001,1841.94,1844.26,6969.0
2024-01-05 10:47:00,1843.94,1852.13,1843.23,1850.7,5829.0
2024-01-05 10:48:00,1850.81,1862.07,1849.26,1860.46,2103.0
2024-01-05 10:49:00,1860.74,1861.67,1853.43,1854.1200000000001,5866.0
2024-01-05 10:50:00,1853.44,1862.91,1852.6100000000001,1861.1000000000001,5352.0
2024-01-05 10:51:00,1861.51,1862.79,1855.0900000000001,1855.4,8546.0
2024-01-05 10:52:00,1854.03,1875.3400000000001,1853.3600000000001,1873.9,6292.0
2024-01-05 10:53:00,1873.71,1875.03,1863.6100000000001,1864.19,5195.0
2024-01-05 10:54:00,1865.07,1868.18,1864.8400000000001,1867.41,4625.0
2024-01-05 10:55:00,1868.14,1888.99,1866.5900000000001,1887.58,1794.0
2024-01-05 10:56:00,1888.31,1895.39,1886.82,1893.6200000000001,7620.0
2024-01-05 10:57:00,1892.97,1893.08,1887.1200000000001,1888.55,1766.0
2024-01-05 10:58:00,1888.95,1889.8700000000001,1883.42,1885.31,1744.0
2024-01-05 10:59:00,1885.05,1889.5,1884.71,1889.22,5008.0
2024-01-05 11:00:00,1889.23,1890.1100000000001,1881.66,1882.3400000000001,4632.0
2024-01-05 11:01:00,1881.8500000000001,1883.46,1875.16,1876.18,2582.0
2024-01-05 11:02:00,1876.04,1876.88,1871.79,1872.4,4500.0
2024-01-05 11:03:00,1872.21,1881.32,1871.13,1880.6100000000001,3210.0
2024-01-05 11:04:00,1880.76,1880.8600000000001,1877.14,1877.22,4672.0
2024-01-05 11:05:00,1876.38,1878.04,1862.92,1864.7,8672.0
2024-01-05 11:06:00,1865.3,1869.93,1864.1000000000001,1869.15,2757.0
2024-01-05 11:07:00,1869.03,1874.02,1868.8,1871.94,4860.0
2024-01-05 11:08:00,1871.25,1877.0,1870.16,1876.28,1876.0
2024-01-05 11:09:00,1875.83,1875.93,1874.1100000000001,1874.8400000000001,2242.0
2024-01-05 11:10:00,1873.95,1883.1200000000001,1873.55,1882.15,2443.0
2024-01-05 11:11:00,1882.13,1883.76,1877.8400000000001,1880.4,6128.0
2024-01-05 11:12:00,1880.94,1881.33,1876.23,1876.33,4398.0
2024-01-05 11:13:00,1875.1100000000001,1875.22,1867.39,1869.99,8645.0
2024-01-05 11:14:00,1869.8400000000001,1874.52,1869.05,1874.22,5776.0
2024-01-05 11:15:00,1874.1000000000001,1885.15,1872.91,1883.53,3409.0
2024-01-05 11:16:00,1885.14,1893.66,1884.7,1892.8500000000001,4403.0
2024-01-05 11:17:00,1892.6200000000001,1903.75,1891.33,1901.6100000000001,8816.0
2024-01-05 11:18:00,1901.46,1916.02,1901.39,1913.69,7158.0
2024-01-05 11:19:00,1914.51,1915.38,1912.05,1913.99,8379.0
2024-01-05 11:20:00,1913.33,1914.83,1904.18,1906.41,8778.0
2024-01-05 11:21:00,1907.44,1908.1100000000001,1904.44,1906.74,2916.0
2024-01-05 11:22:00,1906.53,1909.93,1905.97,1909.64,7784.0
2024-01-05 11:23:00,1910.1200000000001,1917.15,1908.71,1916.21,5677.0
2024-01-05 11:24:00,1916.82,1916.95,1911.82,1913.81,2659.0
2024-01-05 11:25:00,1913.45,1931.01,1912.25,1928.3700000000001,3907.0
2024-01-05 11:26:00,1927.91,1929.27,1925.93,1926.64,3563.0
2024-01-05 11:27:00,1927.94,1928.44,1914.75,1915.54,7424.0
2024-01-05 11:28:00,1914.99,1929.53,1914.38,1928.57,5038.0
2024-01-05 11:29:00,1928.3500000000001,1932.18,1926.77,1929.47,4646.0
2024-01-05 11:30:00,1930.23,1930.57,1922.32,1924.14,1512.0
2024-01-05 11:31:00,1922.93,1940.04,1922.31,1937.29,5432.0
2024-01-05 11:32:00,1936.79,1938.26,1934.29,1936.54,2570.0
2024-01-05 11:33:00,1937.26,1952.97,1936.44,1952.73,5326.0
2024-01-05 11:34:00,1951.67,1952.1100000000001,1949.88,1950.56,4724.0
2024-01-05 11:35:00,1950.06,1951.18,1938.83,1939.9,8491.0
2024-01-05 11:36:00,1940.1100000000001,1948.41,1939.6100000000001,1946.2,5761.0
2024-01-05 11:37:00,1946.27,1954.54,1945.4,1952.6000000000001,3955.0
2024-01-05 11:38:00,1951.18,1958.69,1950.54,1956.54,4040.0
2024-01-05 11:39:00,1956.08,1965.1200000000001,1954.7,1963.16,6163.0
2024-01-05 11:40:00,1963.44,1964.2,1961.72,1962.44,3606.0
2024-01-05 11:41:00,1962.66,1972.2,1961.9,1971.05,2888.0
2024-01-05 11:42:00,1972.23,1972.88,1953.89,1956.8,1592.0
2024-01-05 11:43:00,1957.15,1963.96,1955.97,1962.97,5090.0
2024-01-05 11:44:00,1962.95,1970.32,1962.89,1968.97,1521.0
2024-01-05 11:45:00,1969.31,1973.28,1969.01,1973.1100000000001,5275.0
2024-01-05 11:46:00,1973.3400000000001,1974.68,1969.49,1972.31,2112.0
2024-01-05 11:47:00,1971.8700000000001,1984.89,1971.42,1982.19,6954.0
2024-01-05 11:48:00,1982.26,1992.75,1980.5800000000002,1990.98,7544.0
2024-01-05 11:49:00,1990.9,1992.06,1968.47,1968.56,5113.0
2024-01-05 11:50:00,1969.1200000000001,1970.1100000000001,1968.0800000000002,1969.23,7558.0
2024-01-05 11:51:00,1968.1200000000001,1977.78,1966.3500000000001,1976.8500000000001,2477.0
2024-01-05 11:52:00,1977.3,1988.0900000000001,1975.57,1985.5900000000001,2534.0
2024-01-05 11:53:00,1985.3,2009.79,1984.49,2007.63,4480.0
2024-01-05 11:54:00,2008.31,2009.21,2000.05,2002.3300000000002,1733.0
2024-01-05 11:55:00,2002.07,2002.27,1997.95,1998.88,8343.0
2024-01-05 11:56:00,1998.51,2000.02,1997.65,1998.0,1835.0
2024-01-05 11:57:00,1998.78,1999.26,1984.95,1984.98,5911.0
2024-01-05 11:58:00,1985.18,1986.29,1984.15,1985.51,6044.0
2024-01-05 11:59:00,1985.49,1999.5800000000002,1983.81,1997.93,4083.0
2024-01-05 12:00:00,1998.0,2014.5900000000001,1996.89,2012.32,7890.0
2024-01-05 12:01:00,2011.64,2011.9,2010.0800000000002,2011.48,3341.0
2024-01-05 12:02:00,2010.22,2011.78,1996.65,1998.56,2220.0
2024-01-05 12:03:00,1998.73,2008.3600000000001,1997.81,2005.98,6378.0
2024-01-05 12:04:00,2006.18,2010.65,2006.06,2009.47,3121.0
2024-01-05 12:05:00,2009.43,2010.66,1986.95,1987.05,2532.0
2024-01-05 12:06:00,1987.3600000000001,1994.07,1986.6000000000001,1993.3300000000002,7618.0
2024-01-05 12:07:00,1993.43,1993.6200000000001,1984.13,1985.44,2598.0
2024-01-05 12:08:00,1985.14,1985.8500000000001,1981.81,1983.43,2704.0
2024-01-05 12:09:00,1982.6100000000001,1983.72,1979.0,1980.17,5448.0
2024-01-05 12:10:00,1979.25,1985.82,1978.53,1985.65,5354.0
2024-01-05 12:11:00,1985.9,1986.8700000000001,1985.27,1985.3,4611.0
2024-01-05 12:12:00,1984.54,1989.22,1983.5800000000002,1986.8700000000001,3631.0
2024-01-05 12:13:00,1986.7,2003.45,1985.8600000000001,2002.39,4961.0
2024-01-05 12:14:00,2002.94,2020.0800000000002,2002.19,2018.29,1556.0
2024-01-05 12:15:00,2017.01,2022.29,2016.43,2019.8400000000001,3987.0
2024-01-05 12:16:00,2020.52,2026.82,2018.79,2026.75,6420.0
2024-01-05 12:17:00,2026.06,2027.39,2015.39,2015.8600000000001,7920.0
2024-01-05 12:18:00,2014.53,2016.22,2006.6100000000001,2008.3600000000001,4656.0
2024-01-05 12:19:00,2007.65,2018.1000000000001,2006.88,2016.99,2725.0
2024-01-05 12:20:00,2016.4,2024.49,2014.6000000000001,2022.2,3740.0
2024-01-05 12:21:00,2022.72,2022.98,2017.22,2017.94,5502.0
2024-01-05 12:22:00,2018.48,2019.98,1997.43,1998.41,6727.0
2024-01-05 12:23:00,1998.66,1999.0800000000002,1989.3500000000001,1991.96,1809.0
2024-01-05 12:24:00,1992.45,1993.27,1992.41,1992.43,6146.0
2024-01-05 12:25:00,1991.98,1992.66,1985.8500000000001,1987.5,4730.0
2024-01-05 12:26:00,1988.1100000000001,1989.56,1978.29,1981.02,1952.0
2024-01-05 12:27:00,1982.02,1994.66,1981.03,1993.01,5991.0
2024-01-05 12:28:00,1992.44,1993.79,1990.27,1992.31,8181.0
2024-01-05 12:29:00,1992.21,1994.57,1990.54,1992.78,7790.0
2024-01-05 12:30:00,1993.27,1995.05,1989.47,1990.56,2113.0
2024-01-05 12:31:00,1991.01,1991.69,1979.0900000000001,1981.5900000000001,2559.0
2024-01-05 12:32:00,1982.01,1983.75,1953.22,1953.64,7263.0
2024-01-05 12:33:00,1953.3500000000001,1953.69,1948.1200000000001,1951.03,6213.0
2024-01-05 12:34:00,1952.76,1970.65,1951.29,1968.24,8282.0
2024-01-05 12:35:00,1969.55,1970.97,1959.4,1961.3600000000001,8924.0
2024-01-05 12:36:00,1960.21,1977.18,1959.63,1974.67,6170.0
2024-01-05 12:37:00,1974.3700000000001,1975.63,1962.2,1964.07,6376.0
2024-01-05 12:38:00,1965.32,1966.95,1964.94,1965.25,2700.0
2024-01-05 12:39:00,1964.5900000000001,1965.9,1961.3500000000001,1962.91,5731.0
2024-01-05 12:40:00,1962.99,1963.89,1960.94,1961.74,5759.0
2024-01-05 12:41:00,1962.51,1962.8400000000001,1955.05,1957.6200000000001,3961.0
2024-01-05 12:42:00,1957.96,1959.44,1938.54,1939.75,7713.0
2024-01-05 12:43:00,1939.05,1949.48,1938.91,1946.83,7259.0
2024-01-05 12:44:00,1947.21,1955.57,1946.1200000000001,1953.91,2451.0
2024-01-05 12:45:00,1953.1100000000001,1957.96,1952.02,1955.5900000000001,3197.0
2024-01-05 12:46:00,1956.07,1957.76,1951.39,1953.06,4162.0
2024-01-05 12:47:00,1952.44,1962.17,1951.27,1960.72,7910.0
2024-01-05 12:48:00,1961.07,1961.8500000000001,1938.31,1941.08,2640.0
2024-01-05 12:49:00,1940.41,1952.73,1939.98,1952.01,6749.0
2024-01-05 12:50:00,1952.42,1952.94,1947.9,1950.82,4521.0
2024-01-05 12:51:00,1950.8500000000001,1951.49,1939.03,1941.55,2189.0
2024-01-05 12:52:00,1941.63,1942.52,1924.53,1925.64,7686.0
2024-01-05 12:53:00,1926.1000000000001,1926.3600000000001,1917.48,1919.89,7395.0
2024-01-05 12:54:00,1920.51,1926.5,1919.68,1926.24,6391.0
2024-01-05 12:55:00,1927.1100000000001,1930.8600000000001,1926.8600000000001,1929.04,7091.0
2024-01-05 12:56:00,1929.74,1930.99,1922.98,1923.02,6834.0
2024-01-05 12:57:00,1923.51,1932.67,1922.6100000000001,1930.03,4090.0
2024-01-05 12:58:00,1930.31,1930.51,1929.01,1929.22,7461.0
2024-01-05 12:59:00,1929.53,1930.03,1925.8,1925.95,6885.0
2024-01-05 13:00:00,1925.74,1928.92,1925.24,1926.55,4551.0
2024-01-05 13:01:00,1927.24,1927.5,1913.54,1915.6200000000001,32342.801635936794
2024-01-05 13:02:00,1915.1100000000001,1915.19,1913.14,1913.17,8873.0
2024-01-05 13:03:00,1913.19,1913.6000000000001,1907.75,1910.21,6238.0
2024-01-05 13:04:00,1910.14,1910.52,1903.52,1905.65,2611.0
2024-01-05 13:05:00,1905.75,1906.8700000000001,1897.53,1900.24,2005.0
2024-01-05 13:06:00,1899.79,1919.44,1898.49,1918.6100000000001,5657.0
2024-01-05 13:07:00,1918.5,1922.24,1917.07,1919.8500000000001,52857.13489716054
2024-01-05 13:08:00,1919.47,1920.8,1918.54,1920.41,6125.0
2024-01-05 13:09:00,1921.1100000000001,1921.96,1905.5,1908.17,1744.0
2024-01-05 13:10:00,1908.3600000000001,1920.53,1908.02,1918.96,5529.0
2024-01-05 13:11:00,1919.23,1927.48,1917.55,1926.58,4713.0
2024-01-05 13:12:00,1927.16,1933.13,1927.1000000000001,1931.8600000000001,5352.0
2024-01-05 13:13:00,1931.56,1936.63,1931.49,1934.32,2642.0
2024-01-05 13:14:00,1933.78,1937.43,1933.76,1937.16,8541.0
2024-01-05 13:15:00,1937.3400000000001,1938.3500000000001,1930.83,1931.08,1682.0
2024-01-05 13:16:00,1931.01,1931.42,1920.3700000000001,1923.06,5018.0
2024-01-05 13:17:00,1923.66,1925.3700000000001,1916.92,1917.46,4703.0
2024-01-05 13:18:00,1917.6200000000001,1933.83,1916.05,1933.28,6784.0
2024-01-05 13:19:00,1934.38,1951.97,1934.13,1950.1200000000001,6026.0
2024-01-05 13:20:00,1949.1200000000001,1962.3,1948.8600000000001,1962.21,4495.0
2024-01-05 13:21:00,1962.41,1978.97,1961.08,1976.0800000000002,4267.0
2024-01-05 13:22:00,1976.22,1981.26,1974.63,1978.96,8248.0
2024-01-05 13:23:00,1980.75,2003.8500000000001,1980.6100000000001,2003.22,4540.0
2024-01-05 13:24:00,2002.67,2013.53,2001.8,2013.07,1993.0
2024-01-05 13:25:00,2012.95,2019.81,2011.99,2019.78,1841.0
2024-01-05 13:26:00,2019.63,2021.15,2014.68,2015.3600000000001,5355.0
2024-01-05 13:27:00,2014.81,2015.25,2001.47,2003.65,2826.0
2024-01-05 13:28:00,2003.5900000000001,2004.81,1992.38,1992.76,5569.0
2024-01-05 13:29:00,1992.68,2007.44,1991.68,2006.28,8863.0
2024-01-05 13:30:00,2006.49,2014.89,2005.6100000000001,2013.03,5202.0
2024-01-05 13:31:00,2013.25,2013.99,2007.3600000000001,2009.96,6974.0
2024-01-05 13:32:00,2008.63,2010.3700000000001,2007.48,2008.24,5277.0
2024-01-05 13:33:00,2008.3,2009.5800000000002,2000.89,2002.8400000000001,7388.0
2024-01-05 13:34:00,2002.54,2005.54,2001.0,2002.69,6672.0
2024-01-05 13:35:00,2000.8400000000001,2004.99,1999.2,2003.32,3555.0
2024-01-05 13:36:00,2003.25,2012.94,2002.6100000000001,2012.79,8325.0
2024-01-05 13:37:00,2013.29,2022.01,2012.21,2020.49,6391.0
2024-01-05 13:38:00,2020.77,2021.4,2013.29,2014.14,7362.0
2024-01-05 13:39:00,2014.27,2031.49,2013.2,2030.29,4272.0
2024-01-05 13:40:00,2030.14,2030.44,2006.7,2007.3600000000001,7083.0
2024-01-05 13:41:00,2006.66,2019.38,2005.24,2018.49,5831.0
2024-01-05 13:42:00,2018.8,2024.1100000000001,2018.24,2023.18,6140.0
2024-01-05 13:43:00,2024.39,2025.1100000000001,2011.26,2012.66,2583.0
2024-01-05 13:44:00,2013.1000000000001,2013.25,1994.8400000000001,1997.54,5086.0
2024-01-05 13:45:00,1997.55,2014.41,1996.8500000000001,2013.25,8794.0
2024-01-05 13:46:00,2013.38,2015.48,2012.56,2015.27,2151.0
2024-01-05 13:47:00,2015.3700000000001,2016.3400000000001,1997.81,2000.17,1730.0
2024-01-05 13:48:00,1999.63,2000.88,1984.74,1985.74,4690.0
2024-01-05 13:49:00,1985.8700000000001,1987.0800000000002,1983.27,1984.0800000000002,2435.0
2024-01-05 13:50:00,1984.14,1984.45,1975.74,1976.55,28205.392533038492
2024-01-05 13:51:00,1976.22,1980.0800000000002,1974.64,1979.38,8455.0
2024-01-05 13:52:00,1979.57,1979.8500000000001,1976.8,1977.3,3204.0
2024-01-05 13:53:00,1976.54,1978.02,1970.04,1972.8700000000001,7029.0
2024-01-05 13:54:00,1974.43,1980.69,1973.82,1978.02,3053.0
2024-01-05 13:55:00,1977.42,1987.22,1977.3700000000001,1984.51,1762.0
2024-01-05 13:56:00,1984.3,1985.8,1978.46,1979.6200000000001,1962.0
2024-01-05 13:57:00,1979.75,1981.1100000000001,1968.15,1968.6100000000001,8668.0
2024-01-05 13:58:00,1968.27,1979.19,1967.5900000000001,1978.02,1616.0
2024-01-05 13:59:00,1978.44,1984.66,1976.8300000000002,1984.0,1851.0
2024-01-05 14:00:00,1983.3,1984.38,1975.06,1977.63,2629.0
2024-01-05 14:01:00,1976.8500000000001,1990.19,1975.96,1987.72,7236.0
2024-01-05 14:02:00,1988.8700000000001,1988.98,1972.64,1975.51,7636.0
2024-01-05 14:03:00,1974.8700000000001,1977.18,1974.04,1976.22,1800.0
2024-01-05 14:04:00,1976.73,1981.1000000000001,1975.47,1979.99,5819.0
2024-01-05 14:05:00,1979.49,1982.47,1977.8,1982.02,6715.0
2024-01-05 14:06:00,1982.03,1982.51,1965.21,1966.48,4480.0
2024-01-05 14:07:00,1967.06,1979.53,1966.65,1977.23,8672.0
2024-01-05 14:08:00,1977.89,1984.95,1977.45,1982.2,8211.0
2024-01-05 14:09:00,1982.32,1989.19,1982.1000000000001,1988.07,8682.0
2024-01-05 14:10:00,1988.3500000000001,1994.93,1987.3300000000002,1994.55,6315.0
2024-01-05 14:11:00,1995.56,2007.8400000000001,1994.31,2006.47,2883.0
2024-01-05 14:12:00,2007.96,2009.67,2005.46,2007.18,5478.0
2024-01-05 14:13:00,2007.0800000000002,2014.29,2005.57,2012.24,5792.0
2024-01-05 14:14:00,2012.39,2024.71,2012.32,2022.79,5677.0
2024-01-05 14:15:00,2023.7,2025.1200000000001,2002.48,2004.75,7113.0
2024-01-05 14:16:00,2004.3300000000002,2005.28,2001.31,2003.0,4731.0
2024-01-05 14:17:00,2003.3600000000001,2005.81,2002.98,2003.43,8369.0
2024-01-05 14:18:00,2002.65,2021.4,2001.91,2018.55,8377.0
2024-01-05 14:19:00,2017.99,2018.3300000000002,2011.28,2013.67,6700.0
2024-01-05 14:20:00,2013.31,2013.41,2002.7,2003.49,8377.0
2024-01-05 14:21:00,2004.0,2005.65,1992.18,1992.51,6002.0
2024-01-05 14:22:00,1993.55,1995.22,1985.49,1986.29,3799.0
2024-01-05 14:23:00,1985.8700000000001,1985.94,1969.16,1972.03,8721.0
2024-01-05 14:24:00,1971.89,1977.8300000000002,1970.4,1975.0800000000002,8897.0
2024-01-05 14:25:00,1975.05,1975.25,1957.1000000000001,1957.31,6883.0
2024-01-05 14:26:00,1957.22,1957.8600000000001,1953.29,1955.28,5648.0
2024-01-05 14:27:00,1954.8700000000001,1954.99,1946.3400000000001,1946.47,3248.0
2024-01-05 14:28:00,1946.92,1947.33,1938.91,1939.56,8562.0
2024-01-05 14:29:00,1939.46,1940.52,1928.75,1930.72,1894.0
2024-01-05 14:30:00,1930.64,1943.55,1930.42,1941.04,4527.0
2024-01-05 14:31:00,1941.8700000000001,1942.3,1925.39,1926.06,8512.0
2024-01-05 14:32:00,1926.14,1926.97,1913.28,1914.68,3820.0
2024-01-05 14:33:00,1915.06,1916.03,1908.3,1910.47,4114.0
2024-01-05 14:34:00,1910.31,1912.0,1906.6000000000001,1909.07,3525.0
2024-01-05 14:35:00,1909.8400000000001,1910.72,1904.54,1904.95,4578.0
2024-01-05 14:36:00,1905.14,1911.24,1904.6000000000001,1910.06,5277.0
2024-01-05 14:37:00,1909.49,1918.63,1908.08,1915.88,4704.0
2024-01-05 14:38:00,1914.97,1915.82,1907.24,1908.6100000000001,7914.0
2024-01-05 14:39:00,1909.64,1911.08,1907.33,1909.18,1725.0
2024-01-05 14:40:00,1909.46,1910.1000000000001,1885.83,1888.18,8568.0
2024-01-05 14:41:00,1888.53,1889.1200000000001,1886.44,1888.3400000000001,5921.0
2024-01-05 14:42:00,1886.7,1897.29,1886.01,1896.95,4128.0
2024-01-05 14:43:00,1896.38,1911.64,1895.5900000000001,1911.15,1985.0
2024-01-05 14:44:00,1910.52,1911.33,1906.93,1907.3400000000001,3418.0
2024-01-05 14:45:00,1906.5900000000001,1907.96,1904.64,1905.98,5789.0
2024-01-05 14:46:00,1904.77,1905.4,1901.3500000000001,1903.57,3772.0
2024-01-05 14:47:00,1903.79,1904.08,1900.06,1901.6100000000001,7392.0
2024-01-05 14:48:00,1901.26,1914.3400000000001,1900.43,1912.06,2908.0
2024-01-05 14:49:00,1911.39,1933.51,1910.66,1930.79,7949.0
2024-01-05 14:50:00,1930.8700000000001,1931.2,1927.98,1928.0900000000001,6375.0
2024-01-05 14:51:00,1928.01,1929.3500000000001,1925.38,1926.41,7670.0
2024-01-05 14:52:00,1926.19,1932.05,1925.6000000000001,1931.73,3689.0
2024-01-05 14:53:00,1931.67,1932.97,1930.18,1930.83,2870.0
2024-01-05 14:54:00,1930.95,1935.75,1930.1000000000001,1933.81,6879.0
2024-01-05 14:55:00,1934.65,1942.24,1933.65,1941.66,7659.0
2024-01-05 14:56:00,1940.38,1948.3500000000001,1939.24,1945.99,6710.0
2024-01-05 14:57:00,1946.08,1948.5900000000001,1944.3400000000001,1948.44,5537.0
2024-01-05 14:58:00,1948.6000000000001,1951.1000000000001,1947.1100000000001,1950.88,7428.0
2024-01-05 14:59:00,1951.2,1960.95,1950.97,1959.1000000000001,3206.0
2024-01-05 15:00:00,1959.77,1960.95,1953.82,1955.39,3896.0
2024-01-05 15:01:00,1955.6200000000001,1960.0,1955.6100000000001,1958.95,3933.0
2024-01-05 15:02:00,1959.3400000000001,1969.18,1958.77,1968.21,8701.0
2024-01-05 15:03:00,1968.76,1970.43,1962.07,1964.3700000000001,4092.0
2024-01-05 15:04:00,1964.33,1971.5800000000002,1963.48,1970.92,4909.0
2024-01-05 15:05:00,1970.77,1987.76,1969.8500000000001,1987.19,4332.0
2024-01-05 15:06:00,1987.49,1988.42,1982.5800000000002,1984.3,7562.0
2024-01-05 15:07:00,1984.3600000000001,1984.74,1981.77,1983.13,4365.0
2024-01-05 15:08:00,1983.01,1987.3300000000002,1982.07,1985.81,6123.0
2024-01-05 15:09:00,1986.3500000000001,1987.0800000000002,1985.5900000000001,1985.76,2607.0
2024-01-05 15:10:00,1985.98,1987.74,1971.7,1974.3600000000001,2737.0
2024-01-05 15:11:00,1976.15,1977.25,1969.25,1970.0900000000001,5691.0
2024-01-05 15:12:00,1970.14,1972.54,1970.1200000000001,1971.26,8336.0
2024-01-05 15:13:00,1971.8,1976.6000000000001,1970.73,1975.48,5258.0
2024-01-05 15:14:00,1975.6200000000001,1975.98,1965.42,1966.53,2102.0
2024-01-05 15:15:00,1966.44,1971.45,1966.24,1970.04,2509.0
2024-01-05 15:16:00,1969.74,1970.8600000000001,1968.89,1969.7,8825.0
2024-01-05 15:17:00,1969.14,1970.51,1967.13,1967.54,8251.0
2024-01-05 15:18:00,1967.27,1968.47,1965.27,1966.9,4211.0
2024-01-05 15:19:00,1967.07,1969.19,1966.41,1969.0800000000002,2606.0
2024-01-05 15:20:00,1968.98,1970.38,1968.7,1970.24,3009.0
2024-01-05 15:21:00,1970.6100000000001,1971.47,1965.92,1968.74,3557.0
2024-01-05 15:22:00,1968.44,1969.68,1967.18,1968.72,2856.0
2024-01-05 15:23:00,1968.0,1969.13,1954.81,1956.2,7943.0
2024-01-05 15:24:00,1954.8600000000001,1963.5900000000001,1954.08,1962.43,4960.0
2024-01-05 15:25:00,1962.22,1969.19,1961.83,1967.72,1987.0
2024-01-05 15:26:00,1967.41,1980.14,1966.3500000000001,1977.66,3169.0
2024-01-05 15:27:00,1977.8400000000001,1979.14,1976.73,1976.76,5010.0
2024-01-05 15:28:00,1976.96,1986.8300000000002,1976.49,1986.03,5167.0
2024-01-05 15:29:00,1985.48,1986.95,1976.94,1978.92,8673.0
2024-01-05 15:30:00,1978.93,1979.76,1972.52,1975.49,2296.0
2024-01-05 15:31:00,1974.24,1974.75,1968.8700000000001,1971.28,3865.0
2024-01-05 15:32:00,1971.75,1976.43,1971.04,1973.78,7271.0
2024-01-05 15:33:00,1973.93,1974.88,1965.97,1966.68,1754.0
2024-01-05 15:34:00,1966.65,1969.28,1966.41,1968.22,5375.0
2024-01-05 15:35:00,1968.67,1970.3500000000001,1960.17,1962.8500000000001,7119.0
2024-01-05 15:36:00,1962.97,1963.48,1959.17,1960.46,7011.0
2024-01-05 15:37:00,1960.95,1964.49,1960.44,1963.96,4330.0
2024-01-05 15:38:00,1963.28,1967.3,1962.32,1966.28,3464.0
2024-01-05 15:39:00,1966.18,1973.6000000000001,1965.48,1971.3500000000001,2907.0
2024-01-05 15:40:00,1971.46,1999.19,1970.92,1998.6000000000001,4178.0
2024-01-05 15:41:00,1998.64,1999.46,1989.21,1991.42,2042.0
2024-01-05 15:42:00,1991.66,1996.8600000000001,1990.24,1996.63,8027.0
2024-01-05 15:43:00,1996.64,1997.89,1995.94,1997.16,3948.0
2024-01-05 15:44:00,1996.94,1997.32,1994.24,1996.6200000000001,8754.0
2024-01-05 15:45:00,1996.1100000000001,1996.31,1981.1000000000001,1982.3400000000001,7920.0
2024-01-05 15:46:00,1981.6200000000001,1982.51,1967.26,1968.5,7492.0
2024-01-05 15:47:00,1967.8600000000001,1970.06,1967.2,1968.54,5832.0
2024-01-05 15:48:00,1967.8500000000001,1969.39,1962.41,1963.48,7908.0
2024-01-05 15:49:00,1963.01,1965.78,1962.94,1963.93,7487.0
2024-01-05 15:50:00,1964.29,1965.88,1949.24,1949.6100000000001,1981.0
2024-01-05 15:51:00,1949.7,1951.26,1948.7,1951.26,7538.0
2024-01-05 15:52:00,1951.22,1951.8400000000001,1940.67,1942.83,4499.0
2024-01-05 15:53:00,1942.25,1957.3400000000001,1942.1000000000001,1956.18,3844.0
2024-01-05 15:54:00,1955.43,1965.51,1953.9,1963.57,4952.0
2024-01-05 15:55:00,1963.23,1963.98,1945.67,1946.89,6569.0
2024-01-05 15:56:00,1946.57,1948.24,1933.65,1935.49,3378.0
2024-01-05 15:57:00,1935.75,1937.2,1934.3400000000001,1935.14,5858.0
2024-01-05 15:58:00,1935.53,1948.42,1934.58,1947.79,4518.0
2024-01-05 15:59:00,1948.46,1956.53,1947.82,1955.91,5288.0
2024-01-05 16:00:00,1955.33,1961.3600000000001,1955.32,1960.16,6091.0
2024-01-05 16:01:00,1959.95,1972.43,1959.21,1971.68,3146.0
2024-01-05 16:02:00,1971.6200000000001,1980.44,1971.5900000000001,1977.66,2841.0
2024-01-05 16:03:00,1977.69,1981.68,1976.43,1981.44,4003.0
2024-01-05 16:04:00,1980.8700000000001,1993.27,1979.8400000000001,1990.3600000000001,8767.0
2024-01-05 16:05:00,1991.79,1992.98,1975.92,1976.81,3083.0
2024-01-05 16:06:00,1976.94,1978.02,1970.6100000000001,1973.01,6185.0
2024-01-05 16:07:00,1972.31,1975.56,1971.55,1972.68,6998.0
2024-01-05 16:08:00,1972.65,1974.3500000000001,1967.43,1969.16,6349.0
2024-01-05 16:09:00,1969.03,1978.89,1968.1100000000001,1978.32,5932.0
2024-01-05 16:10:00,1979.54,1981.21,1967.13,1969.01,8592.0
2024-01-05 16:11:00,1967.98,1968.88,1956.16,1958.88,1865.0
2024-01-05 16:12:00,1958.81,1960.2,1950.13,1950.5900000000001,8868.0
2024-01-05 16:13:00,1950.32,1959.68,1950.28,1957.72,5398.0
2024-01-05 16:14:00,1957.41,1958.0,1954.2,1955.92,8075.0
2024-01-05 16:15:00,1954.82,1963.76,1954.58,1961.32,8430.0
2024-01-05 16:16:00,1962.16,1968.3500000000001,1960.68,1965.64,2110.0
2024-01-05 16:17:00,1965.8,1966.57,1959.56,1961.27,5006.0
2024-01-05 16:18:00,1961.3500000000001,1965.94,1960.3400000000001,1965.6100000000001,8961.0
2024-01-05 16:19:00,1966.48,1973.2,1964.75,1971.27,3161.0
2024-01-05 16:20:00,1972.17,1972.69,1953.6100000000001,1955.89,3926.0
2024-01-05 16:21:00,1955.5,1955.88,1944.55,1944.6000000000001,1995.0
2024-01-05 16:22:00,1944.5900000000001,1960.53,1943.48,1958.5,5890.0
2024-01-05 16:23:00,1958.79,1960.1200000000001,1955.42,1956.02,2448.0
2024-01-05 16:24:00,1955.74,1968.13,1954.39,1966.5,8174.0
2024-01-05 16:25:00,1965.73,1987.02,1964.95,1984.2,8799.0
2024-01-05 16:26:00,1984.25,1985.46,1980.25,1981.05,2555.0
2024-01-05 16:27:00,1980.13,1988.69,1978.44,1987.1100000000001,6206.0
2024-01-05 16:28:00,1986.6000000000001,1987.42,1983.42,1985.49,6142.0
2024-01-05 16:29:00,1984.72,1984.81,1982.81,1983.1200000000001,8924.0
2024-01-05 16:30:00,1983.54,1988.29,1982.94,1986.92,7275.0
2024-01-05 16:31:00,1988.26,1994.8,1987.3700000000001,1992.02,6213.0
2024-01-05 16:32:00,1991.02,1991.5900000000001,1987.17,1989.0800000000002,8135.0
2024-01-05 16:33:00,1988.51,1989.3700000000001,1981.05,1982.78,5939.0
2024-01-05 16:34:00,1982.25,2000.67,1982.2,2000.31,2002.0
2024-01-05 16:35:00,2000.49,2000.79,1987.03,1989.4,6462.0
2024-01-05 16:36:00,1989.55,1993.53,1988.29,1991.81,6391.0
2024-01-05 16:37:00,1991.99,1993.64,1981.1000000000001,1982.73,4174.0
2024-01-05 16:38:00,1983.97,1987.73,1983.3700000000001,1985.2,4134.0
2024-01-05 16:39:00,1985.48,1993.8600000000001,1984.43,1993.27,3203.0
2024-01-05 16:40:00,1993.1100000000001,1994.95,1992.1200000000001,1994.39,8761.0
2024-01-05 16:41:00,1994.8600000000001,2006.66,1994.76,2005.88,2213.0
2024-01-05 16:42:00,2005.68,2005.73,1998.67,2000.38,5189.0
2024-01-05 16:43:00,2001.39,2003.07,1992.47,1992.91,6887.0
2024-01-05 16:44:00,1993.01,1994.15,1975.82,1976.63,3256.0
2024-01-05 16:45:00,1976.53,1976.98,1973.04,1974.1100000000001,3017.0
2024-01-05 16:46:00,1973.99,1974.49,1957.72,1960.01,6309.0
2024-01-05 16:47:00,1960.6000000000001,1963.06,1959.49,1960.77,7304.0
2024-01-05 16:48:00,1960.57,1961.25,1950.27,1952.17,8360.0
2024-01-05 16:49:00,1952.21,1955.8500000000001,1951.26,1954.8,4231.0
2024-01-05 16:50:00,1954.78,1955.78,1937.0900000000001,1938.21,3448.0
2024-01-05 16:51:00,1938.3500000000001,1939.18,1934.42,1937.03,4935.0
2024-01-05 16:52:00,1937.71,1943.46,1936.3400000000001,1940.78,3381.0
2024-01-05 16:53:00,1940.73,1941.4,1931.46,1931.8600000000001,2535.0
2024-01-05 16:54:00,1931.5,1939.55,1930.08,1937.91,3126.0
2024-01-05 16:55:00,1937.4,1937.42,1932.58,1933.77,5319.0
2024-01-05 16:56:00,1934.17,1937.89,1932.45,1936.2,2885.0
2024-01-05 16:57:00,1936.3700000000001,1942.3400000000001,1935.89,1941.78,47595.56158430025
2024-01-05 16:58:00,1942.26,1943.74,1924.26,1924.51,6510.0
2024-01-05 16:59:00,1924.6200000000001,1926.21,1913.51,1913.92,7094.0
2024-01-05 17:00:00,1913.71,1925.92,1913.44,1923.6200000000001,3474.0
2024-01-05 17:01:00,1923.99,1925.44,1916.8600000000001,1917.3700000000001,8848.0
2024-01-05 17:02:00,1917.03,1918.2,1916.28,1917.81,5862.0
2024-01-05 17:03:00,1917.19,1918.9,1912.44,1914.47,2299.0
2024-01-05 17:04:00,1914.07,1915.44,1907.98,1908.5900000000001,4731.0
2024-01-05 17:05:00,1908.51,1922.31,1906.81,1920.03,6832.0
2024-01-05 17:06:00,1920.1200000000001,1921.51,1912.72,1913.74,4616.0
2024-01-05 17:07:00,1913.71,1936.5,1913.42,1935.69,5726.0
2024-01-05 17:08:00,1935.68,1935.95,1930.03,1931.38,5329.0
2024-01-05 17:09:00,1931.44,1931.75,1911.64,1913.6200000000001,1675.0
2024-01-05 17:10:00,1913.8500000000001,1915.49,1902.75,1903.1100000000001,6586.0
2024-01-05 17:11:00,1903.4,1903.57,1897.6100000000001,1900.33,3236.0
2024-01-05 17:12:00,1900.64,1901.95,1899.27,1900.77,2628.0
2024-01-05 17:13:00,1901.15,1901.31,1880.47,1881.13,3671.0
2024-01-05 17:14:00,1880.74,1881.8700000000001,1875.04,1876.08,2286.0
2024-01-05 17:15:00,1876.7,1877.8400000000001,1864.69,1865.22,6847.0
2024-01-05 17:16:00,1864.8,1866.02,1851.67,1853.75,1797.0
2024-01-05 17:17:00,1854.14,1855.7,1849.79,1850.5,2838.0
2024-01-05 17:18:00,1849.3700000000001,1851.07,1848.51,1851.03,1661.0
2024-01-05 17:19:00,1850.96,1859.31,1850.78,1857.73,3215.0
2024-01-05 17:20:00,1857.15,1864.33,1856.27,1861.5900000000001,7909.0
2024-01-05 17:21:00,1862.23,1862.27,1855.01,1856.76,6378.0
2024-01-05 17:22:00,1857.39,1858.49,1847.79,1850.3400000000001,6437.0
2024-01-05 17:23:00,1849.38,1855.81,1847.73,1853.6200000000001,4256.0
2024-01-05 17:24:00,1853.15,1853.6000000000001,1844.8600000000001,1846.92,7133.0
2024-01-05 17:25:00,1846.8,1848.18,1838.97,1839.51,6936.0
2024-01-05 17:26:00,1839.3600000000001,1840.73,1834.8700000000001,1835.96,3293.0
2024-01-05 17:27:00,1835.9,1836.6000000000001,1831.3700000000001,1832.52,4165.0
2024-01-05 17:28:00,1832.45,1836.21,1832.27,1834.15,8864.0
2024-01-05 17:29:00,1834.52,1842.24,1834.3600000000001,1841.39,4864.0
2024-01-05 17:30:00,1841.95,1847.54,1840.78,1845.03,2500.0
2024-01-05 17:31:00,1845.16,1861.07,1844.0,1858.8600000000001,3400.0
2024-01-05 17:32:00,1860.21,1860.21,1858.8,1858.99,1873.0
2024-01-05 17:33:00,1859.01,1859.96,1856.15,1857.78,4843.0
2024-01-05 17:34:00,1858.31,1859.45,1844.8400000000001,1847.03,2251.0
2024-01-05 17:35:00,1847.13,1847.15,1836.67,1839.23,3611.0
2024-01-05 17:36:00,1838.97,1839.6100000000001,1828.8500000000001,1830.8,7227.0
2024-01-05 17:37:00,1830.27,1833.92,1829.72,1832.32,8443.0
2024-01-05 17:38:00,1832.72,1835.8700000000001,1831.27,1834.78,3314.0
2024-01-05 17:39:00,1834.69,1845.51,1833.78,1842.88,2154.0
2024-01-05 17:40:00,1842.81,1844.3500000000001,1841.8500000000001,1843.99,5387.0
2024-01-05 17:41:00,1843.23,1843.99,1837.68,1839.74,8689.0
2024-01-05 17:42:00,1840.49,1840.98,1829.22,1830.96,7652.0
2024-01-05 17:43:00,1830.38,1831.52,1824.92,1827.14,3856.0
2024-01-05 17:44:00,1827.3700000000001,1827.77,1823.44,1823.83,3185.0
2024-01-05 17:45:00,1823.66,1837.67,1823.0,1836.7,5261.0
2024-01-05 17:46:00,1836.49,1851.8400000000001,1835.69,1851.56,7472.0
2024-01-05 17:47:00,1850.92,1851.21,1838.51,1839.3400000000001,8326.0
2024-01-05 17:48:00,1839.31,1855.22,1837.75,1852.97,7175.0
2024-01-05 17:49:00,1852.69,1854.29,1843.23,1843.9,5554.0
2024-01-05 17:50:00,1844.57,1845.14,1839.02,1840.14,8966.0
2024-01-05 17:51:00,1840.08,1846.42,1839.01,1843.97,8904.0
2024-01-05 17:52:00,1843.39,1856.81,1843.03,1856.67,2280.0
2024-01-05 17:53:00,1855.8400000000001,1867.46,1854.8,1864.8400000000001,5582.0
2024-01-05 17:54:00,1865.45,1866.52,1865.13,1866.3,3114.0
2024-01-05 17:55:00,1866.75,1867.66,1852.22,1853.03,14260.550092246765
2024-01-05 17:56:00,1852.57,1852.65,1851.4,1851.46,4724.0
2024-01-05 17:57:00,1851.6200000000001,1853.66,1851.47,1852.97,8206.0
2024-01-05 17:58:00,1852.13,1853.43,1848.3600000000001,1850.77,7397.0
2024-01-05 17:59:00,1850.76,1851.55,1837.6200000000001,1838.38,8598.0
2024-01-05 18:00:00,1837.74,1846.02,1836.79,1843.74,3945.0
2024-01-05 18:01:00,1842.93,1844.21,1838.58,1838.95,6842.0
2024-01-05 18:02:00,1838.38,1849.4,1836.8400000000001,1847.44,5402.0
2024-01-05 18:03:00,1848.26,1863.03,1848.01,1861.03,7177.0
2024-01-05 18:04:00,1860.95,1862.47,1853.04,1853.69,4310.0
2024-01-05 18:05:00,1854.08,1860.14,1854.06,1858.1100000000001,8297.0
2024-01-05 18:06:00,1857.51,1866.17,1857.13,1865.27,2557.0
2024-01-05 18:07:00,1865.8400000000001,1866.98,1843.22,1844.46,6533.0
2024-01-05 18:08:00,1844.6000000000001,1846.19,1842.22,1843.23,4565.0
2024-01-05 18:09:00,1843.02,1844.5,1828.44,1828.94,7668.0
2024-01-05 18:10:00,1829.13,1830.58,1817.56,1817.9,8176.0
2024-01-05 18:11:00,1817.73,1819.3600000000001,1816.02,1817.71,5795.0
2024-01-05 18:12:00,1817.3500000000001,1817.66,1810.0,1811.55,3135.0
2024-01-05 18:13:00,1811.75,1819.2,1810.32,1816.95,1582.0
2024-01-05 18:14:00,1816.63,1818.27,1801.43,1803.69,7443.0
2024-01-05 18:15:00,1803.64,1805.1000000000001,1800.3700000000001,1802.68,7662.0
2024-01-05 18:16:00,1801.98,1811.8,1801.19,1811.3,4490.0
2024-01-05 18:17:00,1811.3400000000001,1820.14,1810.76,1817.48,7481.0
2024-01-05 18:18:00,1817.3400000000001,1830.79,1816.93,1830.1100000000001,6117.0
2024-01-05 18:19:00,1829.77,1831.26,1819.17,1820.94,6533.0
2024-01-05 18:20:00,1820.81,1837.01,1819.29,1835.05,8407.0
2024-01-05 18:21:00,1835.16,1835.98,1833.31,1833.8,4432.0
2024-01-05 18:22:00,1833.95,1835.06,1827.71,1830.0900000000001,3781.0
2024-01-05 18:23:00,1829.79,1830.49,1808.74,1810.21,5716.0
2024-01-05 18:24:00,1810.95,1812.08,1796.6000000000001,1799.22,8987.0
2024-01-05 18:25:00,1799.07,1801.46,1798.19,1799.3600000000001,3709.0
2024-01-05 18:26:00,1800.26,1800.8700000000001,1797.31,1798.26,8816.0
2024-01-05 18:27:00,1797.41,1813.91,1796.0,1812.68,4372.0
2024-01-05 18:28:00,1813.04,1819.73,1812.8700000000001,1818.55,3174.0
2024-01-05 18:29:00,1817.97,1819.4,1816.8500000000001,1819.0900000000001,6107.0
2024-01-05 18:30:00,1818.8500000000001,1832.1200000000001,1817.33,1831.25,6029.0
2024-01-05 18:31:00,1830.79,1832.42,1822.1100000000001,1824.39,5748.0
2024-01-05 18:32:00,1824.54,1837.55,1824.43,1835.9,4366.0
2024-01-05 18:33:00,1835.0,1839.78,1834.97,1838.58,2267.0
2024-01-05 18:34:00,1838.5,1846.5900000000001,1838.03,1844.03,8796.0
2024-01-05 18:35:00,1843.5900000000001,1846.8700000000001,1842.3,1846.28,1566.0
2024-01-05 18:36:00,1845.31,1846.45,1843.02,1843.94,7941.0
2024-01-05 18:37:00,1845.1000000000001,1860.8600000000001,1844.26,1858.73,3997.0
2024-01-05 18:38:00,1858.18,1878.3600000000001,1857.6100000000001,1878.1000000000001,8440.0
2024-01-05 18:39:00,1877.76,1879.26,1874.8,1876.89,5173.0
2024-01-05 18:40:00,1877.68,1885.71,1877.06,1883.48,3227.0
2024-01-05 18:41:00,1883.44,1884.18,1881.3,1882.29,6275.0
2024-01-05 18:42:00,1882.3600000000001,1909.28,1881.69,1906.46,8730.0
2024-01-05 18:43:00,1906.58,1906.6000000000001,1892.7,1892.98,6114.0
2024-01-05 18:44:00,1893.05,1893.58,1886.39,1887.01,8800.0
2024-01-05 18:45:00,1886.8600000000001,1888.04,1881.69,1883.29,8117.0
2024-01-05 18:46:00,1883.23,1884.43,1875.33,1876.8,5361.0
2024-01-05 18:47:00,1876.0900000000001,1876.8600000000001,1873.75,1875.55,1862.0
2024-01-05 18:48:00,1875.46,1876.33,1869.8,1870.49,1540.0
2024-01-05 18:49:00,1870.79,1880.22,1869.88,1878.02,2304.0
2024-01-05 18:50:00,1876.97,1878.0,1865.1100000000001,1867.33,2006.0
2024-01-05 18:51:00,1866.52,1871.75,1866.1100000000001,1870.06,5809.0
2024-01-05 18:52:00,1870.46,1874.8700000000001,1869.65,1873.8600000000001,3763.0
2024-01-05 18:53:00,1874.04,1875.69,1863.3400000000001,1864.51,5270.0
2024-01-05 18:54:00,1864.33,1870.33,1862.8,1867.6200000000001,5146.0
2024-01-05 18:55:00,1868.63,1869.67,1860.92,1861.8600000000001,3236.0
2024-01-05 18:56:00,1861.3700000000001,1862.25,1858.21,1860.63,5413.0
2024-01-05 18:57:00,1860.57,1865.33,1860.3500000000001,1862.54,8058.0
2024-01-05 18:58:00,1862.72,1869.46,1861.46,1867.8400000000001,2118.0
2024-01-05 18:59:00,1868.82,1869.82,1863.56,1865.1000000000001,6121.0
2024-01-05 19:00:00,1864.9,1866.94,1864.23,1865.41,7595.0
2024-01-05 19:01:00,1865.2,1866.6000000000001,1860.05,1861.06,8237.0
2024-01-05 19:02:00,1861.0900000000001,1863.06,1859.72,1862.82,5600.0
2024-01-05 19:03:00,1862.65,1871.58,1861.78,1870.94,3006.0
2024-01-05 19:04:00,1871.28,1881.44,1870.76,1880.3400000000001,8285.0
2024-01-05 19:05:00,1881.01,1892.08,1879.95,1890.98,4380.0
2024-01-05 19:06:00,1890.97,1892.33,1885.44,1886.02,4712.0
2024-01-05 19:07:00,1885.57,1887.1100000000001,1882.64,1883.0,8750.0
2024-01-05 19:08:00,1882.77,1889.56,1881.41,1887.93,6064.0
2024-01-05 19:09:00,1888.3400000000001,1888.8400000000001,1881.68,1881.94,8516.0
2024-01-05 19:10:00,1882.38,1885.38,1881.64,1882.6000000000001,3400.0
2024-01-05 19:11:00,1882.75,1885.15,1882.1100000000001,1884.8700000000001,5488.0
2024-01-05 19:12:00,1884.6000000000001,1885.7,1876.25,1877.96,1784.0
2024-01-05 19:13:00,1877.7,1877.83,1858.07,1859.95,13010.249062649853
2024-01-05 19:14:00,1859.73,1860.14,1854.3600000000001,1854.6100000000001,4923.0
2024-01-05 19:15:00,1854.6100000000001,1855.03,1847.15,1848.45,2114.0
2024-01-05 19:16:00,1847.56,1863.13,1846.58,1861.68,3357.0
2024-01-05 19:17:00,1861.1200000000001,1861.67,1847.3700000000001,1847.91,7906.0
2024-01-05 19:18:00,1848.2,1854.0900000000001,1846.93,1853.3700000000001,1817.0
2024-01-05 19:19:00,1852.24,1853.69,1848.06,1848.3500000000001,4648.0
2024-01-05 19:20:00,1848.42,1848.51,1843.51,1845.56,6667.0
2024-01-05 19:21:00,1845.44,1845.56,1841.7,1842.19,2462.0
2024-01-05 19:22:00,1842.63,1854.01,1841.27,1853.95,27626.257003585986
2024-01-05 19:23:00,1854.04,1854.32,1851.05,1853.32,3722.0
2024-01-05 19:24:00,1852.67,1864.66,1852.3,1863.21,1747.0
2024-01-05 19:25:00,1863.29,1870.78,1863.05,1869.9,8955.0
2024-01-05 19:26:00,1869.32,1869.38,1866.1100000000001,1868.5900000000001,3616.0
2024-01-05 19:27:00,1868.43,1888.41,1868.02,1887.45,8877.0
2024-01-05 19:28:00,1887.8600000000001,1898.3600000000001,1886.99,1896.19,3473.0
2024-01-05 19:29:00,1896.0,1896.47,1895.3,1895.74,5102.0
2024-01-05 19:30:00,1896.47,1900.73,1895.04,1897.94,7873.0
2024-01-05 19:31:00,1898.46,1899.92,1892.6000000000001,1893.2,3038.0
2024-01-05 19:32:00,1894.3700000000001,1894.98,1887.5900000000001,1889.78,6909.0
2024-01-05 19:33:00,1890.8500000000001,1904.51,1889.39,1901.77,6333.0
2024-01-05 19:34:00,1901.67,1903.43,1900.69,1903.19,3058.0
2024-01-05 19:35:00,1902.97,1907.76,1902.02,1905.44,1604.0
2024-01-05 19:36:00,1905.97,1907.07,1896.51,1897.33,4056.0
2024-01-05 19:37:00,1896.9,1897.1100000000001,1890.24,1892.8,2256.0
2024-01-05 19:38:00,1891.81,1893.21,1880.99,1882.65,1667.0
2024-01-05 19:39:00,1882.48,1882.89,1876.97,1878.54,4245.0
2024-01-05 19:40:00,1879.6000000000001,1881.31,1878.83,1880.39,8107.0
2024-01-05 19:41:00,1880.57,1885.43,1880.41,1884.74,4740.0
2024-01-05 19:42:00,1883.08,1883.16,1875.04,1875.75,7321.0
2024-01-05 19:43:00,1875.01,1882.1000000000001,1874.77,1880.1200000000001,4237.0
2024-01-05 19:44:00,1880.65,1887.17,1879.89,1885.72,5704.0
2024-01-05 19:45:00,1885.49,1886.91,1880.81,1883.27,8574.0
2024-01-05 19:46:00,1882.1200000000001,1898.6000000000001,1881.07,1897.68,4479.0
2024-01-05 19:47:00,1898.45,1921.96,1898.04,1920.78,6195.0
2024-01-05 19:48:00,1920.07,1920.69,1914.68,1917.15,6576.0
2024-01-05 19:49:00,1917.16,1918.33,1908.91,1911.2,6687.0
2024-01-05 19:50:00,1911.18,1914.46,1910.6200000000001,1913.73,4369.0
2024-01-05 19:51:00,1913.47,1914.04,1911.3700000000001,1911.63,7590.0
2024-01-05 19:52:00,1912.25,1913.6000000000001,1905.0900000000001,1906.02,6687.0
2024-01-05 19:53:00,1905.28,1911.95,1903.74,1909.1100000000001,2409.0
2024-01-05 19:54:00,1909.22,1909.6000000000001,1901.9,1902.3,6732.0
2024-01-05 19:55:00,1901.8500000000001,1910.02,1901.54,1908.25,6761.0
2024-01-05 19:56:00,1908.08,1909.28,1907.02,1909.0,3038.0
2024-01-05 19:57:00,1908.46,1912.23,1907.47,1911.01,8098.0
2024-01-05 19:58:00,1910.1000000000001,1910.5,1908.01,1909.41,7297.0
2024-01-05 19:59:00,1909.17,1909.57,1902.64,1903.53,5762.0
2024-01-05 20:00:00,1903.8,1905.3600000000001,1902.72,1903.02,8065.0
2024-01-05 20:01:00,1903.25,1906.19,1902.8600000000001,1904.69,3121.0
2024-01-05 20:02:00,1905.1100000000001,1908.9,1904.6100000000001,1906.3,2184.0
2024-01-05 20:03:00,1907.06,1910.83,1907.05,1909.42,2503.0
2024-01-05 20:04:00,1909.26,1911.22,1907.8700000000001,1910.46,4869.0
2024-01-05 20:05:00,1910.8500000000001,1915.23,1910.1100000000001,1914.88,8473.0
2024-01-05 20:06:00,1915.77,1917.32,1911.3400000000001,1913.0900000000001,1784.0
2024-01-05 20:07:00,1913.2,1919.3500000000001,1911.7,1918.46,8840.0
2024-01-05 20:08:00,1919.05,1920.51,1909.91,1912.23,5260.0
2024-01-05 20:09:00,1913.3400000000001,1915.66,1912.93,1913.91,6785.0
2024-01-05 20:10:00,1914.44,1915.1000000000001,1908.58,1909.78,7892.0
2024-01-05 20:11:00,1910.46,1910.82,1906.18,1908.8600000000001,7072.0
2024-01-05 20:12:00,1909.04,1909.55,1901.66,1902.32,6184.0
2024-01-05 20:13:00,1902.08,1902.74,1890.22,1892.63,2231.0
2024-01-05 20:14:00,1893.1000000000001,1894.42,1876.71,1876.72,4833.0
2024-01-05 20:15:00,1877.21,1878.27,1864.16,1866.42,5385.0
2024-01-05 20:16:00,1866.6100000000001,1870.48,1866.4,1867.78,4247.0
2024-01-05 20:17:00,1868.79,1869.67,1867.38,1868.2,4172.0
2024-01-05 20:18:00,1867.8400000000001,1879.25,1867.45,1878.52,3714.0
2024-01-05 20:19:00,1878.01,1880.1000000000001,1876.96,1880.04,7895.0
2024-01-05 20:20:00,1879.8500000000001,1880.5900000000001,1866.58,1869.1200000000001,8031.0
2024-01-05 20:21:00,1869.26,1879.42,1869.13,1878.6000000000001,4521.0
2024-01-05 20:22:00,1878.75,1884.06,1877.98,1882.75,2130.0
2024-01-05 20:23:00,1882.63,1890.14,1881.71,1889.89,3490.0
2024-01-05 20:24:00,1889.99,1895.1000000000001,1889.33,1894.5900000000001,5767.0
2024-01-05 20:25:00,1895.14,1912.89,1895.1100000000001,1911.29,6093.0
2024-01-05 20:26:00,1910.96,1921.77,1909.41,1919.4,3246.0
2024-01-05 20:27:00,1919.79,1923.5,1918.52,1922.16,1642.0
2024-01-05 20:28:00,1921.95,1928.8400000000001,1920.99,1926.83,5934.0
2024-01-05 20:29:00,1926.32,1933.72,1925.7,1931.48,6605.0
2024-01-05 20:30:00,1931.22,1931.5900000000001,1929.42,1930.73,3877.0
2024-01-05 20:31:00,1931.16,1932.23,1926.8400000000001,1927.88,5843.0
2024-01-05 20:32:00,1928.21,1928.8400000000001,1918.33,1918.82,6978.0
2024-01-05 20:33:00,1919.47,1927.3,1918.93,1925.17,4457.0
2024-01-05 20:34:00,1925.04,1934.83,1923.94,1932.02,3973.0
2024-01-05 20:35:00,1932.64,1933.58,1923.6000000000001,1925.74,5537.0
2024-01-05 20:36:00,1926.6200000000001,1944.56,1926.0900000000001,1942.32,6301.0
2024-01-05 20:37:00,1940.77,1953.46,1939.94,1950.79,2855.0
2024-01-05 20:38:00,1950.73,1950.89,1947.9,1950.13,1623.0
2024-01-05 20:39:00,1949.75,1975.3500000000001,1949.3,1972.78,3532.0
2024-01-05 20:40:00,1972.73,1984.77,1971.0900000000001,1982.1200000000001,2654.0
2024-01-05 20:41:00,1981.93,1993.99,1980.81,1993.48,7672.0
2024-01-05 20:42:00,1994.39,1995.45,1993.53,1994.99,3240.0
2024-01-05 20:43:00,1994.8700000000001,1996.2,1990.18,1992.8400000000001,6697.0
2024-01-05 20:44:00,1992.7,2001.8600000000001,1992.45,2000.47,2422.0
2024-01-05 20:45:00,2000.88,2008.74,2000.67,2006.15,2599.0
2024-01-05 20:46:00,2006.28,2023.94,2006.28,2023.78,5517.0
2024-01-05 20:47:00,2023.71,2024.18,2004.92,2006.92,1618.0
2024-01-05 20:48:00,2007.4,2017.8700000000001,2007.3500000000001,2017.5900000000001,6851.0
2024-01-05 20:49:00,2017.79,2017.98,2011.02,2011.76,2122.0
2024-01-05 20:50:00,2011.89,2013.91,2010.2,2012.82,2627.0
2024-01-05 20:51:00,2013.04,2030.92,2011.81,2029.94,5333.0
2024-01-05 20:52:00,2029.8,2031.23,2013.8600000000001,2016.8,1514.0
2024-01-05 20:53:00,2016.2,2017.72,2013.45,2014.06,3299.0
2024-01-05 20:54:00,2014.21,2014.68,1988.2,1989.92,4491.0
2024-01-05 20:55:00,1989.66,2002.3500000000001,1989.65,1999.66,5576.0
2024-01-05 20:56:00,1999.01,1999.74,1992.22,1995.19,8529.0
2024-01-05 20:57:00,1994.24,1994.89,1983.5800000000002,1984.5900000000001,7730.0
2024-01-05 20:58:00,1984.71,1990.76,1984.38,1989.78,7132.0
2024-01-05 20:59:00,1988.92,1998.24,1988.8,1996.05,8806.0
2024-01-05 21:00:00,1996.04,1997.05,1980.67,1983.5,6463.0
2024-01-05 21:01:00,1983.91,1985.48,1976.22,1978.27,7947.0
2024-01-05 21:02:00,1977.99,1985.45,1976.89,1985.3500000000001,2434.0
2024-01-05 21:03:00,1984.92,1994.9,1984.6200000000001,1993.31,3901.0
2024-01-05 21:04:00,1993.6200000000001,1995.32,1992.6200000000001,1993.26,1653.0
2024-01-05 21:05:00,1993.27,1995.48,1992.82,1994.95,5694.0
2024-01-05 21:06:00,1995.21,1995.24,1989.4,1991.57,8210.0
2024-01-05 21:07:00,1991.88,1992.99,1972.73,1975.5800000000002,7285.0
2024-01-05 21:08:00,1975.75,1977.44,1960.42,1962.64,4112.0
2024-01-05 21:09:00,1962.8400000000001,1963.75,1953.47,1955.73,3216.0
2024-01-05 21:10:00,1956.39,1968.3600000000001,1955.03,1965.68,5105.0
2024-01-05 21:11:00,1965.55,1967.6100000000001,1965.3400000000001,1966.55,1620.0
2024-01-05 21:12:00,1967.0800000000002,1967.76,1961.47,1964.39,7569.0
2024-01-05 21:13:00,1965.39,1967.49,1963.82,1966.9,3487.0
2024-01-05 21:14:00,1967.3500000000001,1967.43,1954.54,1955.81,7745.0
2024-01-05 21:15:00,1956.0,1956.03,1950.42,1952.32,8780.0
2024-01-05 21:16:00,1952.14,1953.3600000000001,1949.17,1951.88,4240.0
2024-01-05 21:17:00,1951.6200000000001,1953.91,1950.49,1953.81,4140.0
2024-01-05 21:18:00,1953.48,1971.52,1952.55,1971.18,4692.0
2024-01-05 21:19:00,1971.02,1983.75,1970.42,1981.8500000000001,2500.0
2024-01-05 21:20:00,1981.6100000000001,1982.28,1972.5,1974.02,3228.0
2024-01-05 21:21:00,1973.3,1981.9,1973.19,1979.51,5513.0
2024-01-05 21:22:00,1980.79,1982.1000000000001,1960.66,1962.71,8192.0
2024-01-05 21:23:00,1963.23,1963.88,1934.06,1934.71,1945.0
2024-01-05 21:24:00,1935.53,1937.04,1930.26,1932.15,8565.0
2024-01-05 21:25:00,1932.26,1932.49,1908.69,1910.71,1505.0
2024-01-05 21:26:00,1910.73,1917.32,1910.07,1915.43,8273.0
2024-01-05 21:27:00,1915.79,1924.95,1915.27,1923.49,6250.0
2024-01-05 21:28:00,1923.5,1923.57,1919.58,1921.58,3741.0
2024-01-05 21:29:00,1921.82,1922.94,1905.78,1908.22,2090.0
2024-01-05 21:30:00,1908.66,1908.8,1891.49,1893.39,2069.0
2024-01-05 21:31:00,1893.29,1900.38,1892.6200000000001,1898.52,2867.0
2024-01-05 21:32:00,1899.95,1900.23,1890.15,1892.81,6051.0
2024-01-05 21:33:00,1893.3500000000001,1902.68,1892.26,1900.48,4078.0
2024-01-05 21:34:00,1899.97,1902.94,1898.3,1902.8,3112.0
2024-01-05 21:35:00,1902.8500000000001,1902.95,1895.64,1895.98,1635.0
2024-01-05 21:36:00,1895.66,1896.82,1886.66,1886.8400000000001,2658.0
2024-01-05 21:37:00,1885.99,1886.25,1882.45,1883.26,6822.0
2024-01-05 21:38:00,1883.05,1884.39,1857.04,1858.8400000000001,5059.0
2024-01-05 21:39:00,1859.22,1862.6200000000001,1858.06,1860.33,7332.0
2024-01-05 21:40:00,1861.24,1865.19,1860.74,1864.31,4706.0
2024-01-05 21:41:00,1864.63,1882.3400000000001,1864.21,1880.73,5291.0
2024-01-05 21:42:00,1880.27,1880.63,1871.1100000000001,1871.51,7575.0
2024-01-05 21:43:00,1871.18,1872.52,1869.71,1872.42,7628.0
2024-01-05 21:44:00,1871.7,1872.54,1867.02,1868.95,7565.0
2024-01-05 21:45:00,1868.83,1882.5900000000001,1867.32,1880.33,4495.0
2024-01-05 21:46:00,1881.0900000000001,1892.04,1880.54,1891.63,7354.0
2024-01-05 21:47:00,1892.75,1909.6200000000001,1891.22,1907.05,6995.0
2024-01-05 21:48:00,1907.49,1917.45,1905.8500000000001,1916.05,6199.0
2024-01-05 21:49:00,1916.08,1916.5900000000001,1913.72,1915.88,2559.0
2024-01-05 21:50:00,1916.65,1918.29,1913.01,1915.6100000000001,1975.0
2024-01-05 21:51:00,1915.22,1921.05,1913.8700000000001,1918.68,5966.0
2024-01-05 21:52:00,1919.57,1921.16,1908.6100000000001,1910.82,7033.0
2024-01-05 21:53:00,1910.39,1918.6200000000001,1909.68,1917.89,4138.0
2024-01-05 21:54:00,1918.02,1927.75,1917.89,1925.76,7113.0
2024-01-05 21:55:00,1925.43,1925.97,1918.0,1920.03,2021.0
2024-01-05 21:56:00,1918.6200000000001,1929.77,1917.98,1927.3600000000001,5697.0
2024-01-05 21:57:00,1928.0,1929.15,1920.98,1923.5,5616.0
2024-01-05 21:58:00,1923.78,1927.8,1922.96,1926.01,3608.0
2024-01-05 21:59:00,1926.18,1926.24,1924.46,1924.6200000000001,1827.0
2024-01-05 22:00:00,1924.52,1925.52,1923.49,1925.29,2305.0
2024-01-05 22:01:00,1925.04,1933.73,1923.67,1931.05,5548.0
2024-01-05 22:02:00,1930.9,1930.97,1925.4,1925.63,5054.0
2024-01-05 22:03:00,1925.52,1928.3,1924.23,1926.31,3681.0
2024-01-05 22:04:00,1925.8600000000001,1926.75,1925.49,1926.08,5411.0
2024-01-05 22:05:00,1926.22,1928.76,1924.9,1928.45,3035.0
2024-01-05 22:06:00,1928.57,1929.68,1928.03,1929.3700000000001,2735.0
2024-01-05 22:07:00,1929.6100000000001,1930.0900000000001,1920.32,1920.92,5647.0
2024-01-05 22:08:00,1921.04,1928.41,1920.5,1927.15,2183.0
2024-01-05 22:09:00,1926.78,1927.03,1925.04,1925.23,5886.0
2024-01-05 22:10:00,1924.91,1925.41,1915.93,1918.5900000000001,2295.0
2024-01-05 22:11:00,1917.99,1918.38,1917.19,1918.06,4496.0
2024-01-05 22:12:00,1917.95,1922.5900000000001,1917.47,1921.22,5273.0
2024-01-05 22:13:00,1920.29,1926.27,1918.91,1925.79,1387.0
2024-01-05 22:14:00,1925.3500000000001,1929.03,1925.33,1928.75,1039.0
2024-01-05 22:15:00,1928.14,1935.81,1927.99,1934.33,1604.0
2024-01-05 22:16:00,1933.8500000000001,1943.51,1932.96,1942.63,3146.0
2024-01-05 22:17:00,1942.3500000000001,1942.68,1934.77,1936.54,4082.0
2024-01-05 22:18:00,1935.98,1944.41,1935.79,1943.75,2453.0
2024-01-05 22:19:00,1944.1200000000001,1945.6100000000001,1938.3700000000001,1939.98,4659.0
2024-01-05 22:20:00,1940.96,1944.8600000000001,1940.76,1943.8400000000001,3957.0
2024-01-05 22:21:00,1943.3600000000001,1945.01,1937.48,1939.23,4653.0
2024-01-05 22:22:00,1938.8,1939.8700000000001,1934.2,1935.22,2447.0
2024-01-05 22:23:00,1935.3500000000001,1941.07,1934.8600000000001,1940.28,4202.0
2024-01-05 22:24:00,1939.28,1941.5900000000001,1938.27,1940.41,1932.0
2024-01-05 22:25:00,1941.31,1942.92,1938.94,1940.07,2277.0
2024-01-05 22:26:00,1940.8,1946.18,1940.46,1945.42,4281.0
2024-01-05 22:27:00,1945.3700000000001,1956.03,1943.94,1954.5,3923.0
2024-01-05 22:28:00,1954.0900000000001,1956.2,1952.8,1954.24,3513.0
2024-01-05 22:29:00,1953.79,1955.25,1947.9,1949.95,5640.0
2024-01-05 22:30:00,1949.75,1952.23,1948.06,1950.99,3799.0
2024-01-05 22:31:00,1951.48,1952.45,1949.99,1951.0,3470.0
2024-01-05 22:32:00,1951.33,1957.04,1951.27,1954.38,4796.0
2024-01-05 22:33:00,1953.76,1960.53,1953.6100000000001,1959.27,5960.0
2024-01-05 22:34:00,1958.8,1960.44,1957.54,1960.02,5317.0
2024-01-05 22:35:00,1959.94,1959.99,1951.57,1954.2,3047.0
2024-01-05 22:36:00,1953.67,1953.7,1951.6000000000001,1953.07,3232.0
2024-01-05 22:37:00,1952.89,1953.77,1947.88,1948.3700000000001,1606.0
2024-01-05 22:38:00,1948.03,1954.81,1946.3,1951.94,2270.0
2024-01-05 22:39:00,1952.44,1953.51,1951.24,1952.95,3896.0
2024-01-05 22:40:00,1953.03,1953.27,1945.73,1945.95,3421.0
2024-01-05 22:41:00,1944.8500000000001,1947.22,1943.5,1946.26,4644.0
2024-01-05 22:42:00,1945.8500000000001,1951.57,1944.14,1949.53,2227.0
2024-01-05 22:43:00,1950.53,1954.38,1950.51,1952.0900000000001,5453.0
2024-01-05 22:44:00,1952.73,1957.92,1951.16,1957.27,3484.0
2024-01-05 22:45:00,1957.67,1958.04,1951.97,1952.91,1084.0
2024-01-05 22:46:00,1952.44,1952.92,1944.38,1946.25,3841.0
2024-01-05 22:47:00,1945.72,1946.9,1924.91,1925.98,1375.0
2024-01-05 22:48:00,1925.52,1939.25,1924.22,1937.46,4254.0
2024-01-05 22:49:00,1936.49,1936.66,1927.8600000000001,1928.44,2075.0
2024-01-05 22:50:00,1928.79,1932.14,1928.54,1930.3,1582.0
2024-01-05 22:51:00,1930.77,1933.4,1929.56,1933.1100000000001,3280.0
2024-01-05 22:52:00,1933.72,1934.8400000000001,1922.16,1924.23,3593.0
2024-01-05 22:53:00,1924.18,1932.21,1923.72,1929.71,5048.0
2024-01-05 22:54:00,1929.96,1931.28,1920.8600000000001,1922.98,3223.0
2024-01-05 22:55:00,1923.13,1934.81,1922.82,1933.1000000000001,2139.0
2024-01-05 22:56:00,1933.97,1936.16,1933.24,1935.94,4042.0
2024-01-05 22:57:00,1936.31,1941.66,1935.5,1939.13,1921.0
2024-01-05 22:58:00,1939.04,1940.0900000000001,1938.79,1939.18,5354.0
2024-01-05 22:59:00,1938.88,1949.68,1937.53,1948.6200000000001,4381.0
2024-01-05 23:00:00,1949.68,1955.68,1949.14,1955.56,5575.0
2024-01-05 23:01:00,1954.74,1956.1200000000001,1950.05,1951.96,4727.0
2024-01-05 23:02:00,1952.71,1953.03,1946.6100000000001,1947.95,1561.0
2024-01-05 23:03:00,1948.32,1959.8500000000001,1947.21,1958.79,1512.0
2024-01-05 23:04:00,1958.04,1959.3600000000001,1951.2,1954.1000000000001,2070.0
2024-01-05 23:05:00,1955.49,1959.78,1955.17,1959.55,4280.0
2024-01-05 23:06:00,1960.65,1965.79,1958.89,1962.92,5129.0
2024-01-05 23:07:00,1962.43,1969.07,1961.26,1968.22,1943.0
2024-01-05 23:08:00,1968.3400000000001,1976.6200000000001,1966.78,1974.17,5506.0
2024-01-05 23:09:00,1973.98,1977.6200000000001,1972.24,1974.72,2522.0
2024-01-05 23:10:00,1975.0900000000001,1977.3300000000002,1973.95,1977.2,1519.0
2024-01-05 23:11:00,1976.21,1977.94,1968.5,1968.78,3867.0
2024-01-05 23:12:00,1968.66,1969.51,1966.26,1967.8,5497.0
2024-01-05 23:13:00,1966.6100000000001,1966.88,1963.15,1965.78,5344.0
2024-01-05 23:14:00,1965.23,1966.1100000000001,1950.89,1951.55,5295.0
2024-01-05 23:15:00,1951.3600000000001,1957.07,1949.94,1956.03,1269.0
2024-01-05 23:16:00,1956.41,1956.6000000000001,1951.82,1953.45,5715.0
2024-01-05 23:17:00,1952.8400000000001,1953.97,1950.5,1952.48,4959.0
2024-01-05 23:18:00,1951.54,1953.24,1941.2,1943.7,3288.0
2024-01-05 23:19:00,1943.65,1945.06,1934.16,1935.04,5419.0
2024-01-05 23:20:00,1934.47,1935.6000000000001,1929.28,1929.71,1473.0
2024-01-05 23:21:00,1929.44,1930.28,1923.3500000000001,1926.01,2650.0
2024-01-05 23:22:00,1926.71,1928.2,1923.45,1925.9,5023.0
2024-01-05 23:23:00,1925.48,1933.17,1924.0,1932.27,1793.0
2024-01-05 23:24:00,1932.77,1941.88,1932.41,1939.25,5264.0
2024-01-05 23:25:00,1939.07,1944.55,1938.6100000000001,1941.8700000000001,2859.0
2024-01-05 23:26:00,1942.19,1953.94,1942.1000000000001,1951.7,3741.0
2024-01-05 23:27:00,1952.93,1953.97,1949.01,1951.17,3626.0
2024-01-05 23:28:00,1951.0900000000001,1955.93,1950.32,1954.94,2615.0
2024-01-05 23:29:00,1955.1200000000001,1955.8500000000001,1952.56,1953.05,1223.0
2024-01-05 23:30:00,1952.6000000000001,1956.6200000000001,1951.58,1954.9,1457.0
2024-01-05 23:31:00,1953.8400000000001,1954.56,1945.83,1946.39,35168.0996924201
2024-01-05 23:32:00,1946.02,1946.8400000000001,1940.91,1941.81,2045.0
2024-01-05 23:33:00,1942.17,1946.64,1941.6200000000001,1945.25,4613.0
2024-01-05 23:34:00,1945.2,1955.67,1945.01,1954.64,4403.0
2024-01-05 23:35:00,1954.55,1955.6200000000001,1950.08,1951.42,1138.0
2024-01-05 23:36:00,1951.57,1953.3,1946.68,1948.82,3504.0
2024-01-05 23:37:00,1948.1000000000001,1948.17,1943.3500000000001,1944.01,2819.0
2024-01-05 23:38:00,1943.93,1945.51,1940.14,1942.47,5974.0
2024-01-05 23:39:00,1941.52,1948.89,1941.2,1946.27,5297.0
2024-01-05 23:40:00,1946.3500000000001,1947.1200000000001,1936.53,1938.48,5306.0
2024-01-05 23:41:00,1939.01,1939.3600000000001,1933.03,1934.31,5589.0
2024-01-05 23:42:00,1935.0,1941.04,1934.99,1939.89,5201.0
2024-01-05 23:43:00,1940.27,1945.0900000000001,1939.58,1942.49,5016.0
2024-01-05 23:44:00,1941.65,1941.67,1934.53,1936.3700000000001,5311.0
2024-01-05 23:45:00,1937.2,1945.71,1936.28,1943.74,2276.0
2024-01-05 23:46:00,1944.03,1944.82,1939.17,1941.27,1251.0
2024-01-05 23:47:00,1942.8,1944.3400000000001,1941.24,1943.52,4766.0
2024-01-05 23:48:00,1943.6000000000001,1944.45,1940.8500000000001,1943.1000000000001,1001.0
2024-01-05 23:49:00,1943.1200000000001,1949.9,1942.6100000000001,1948.0,5055.0
2024-01-05 23:50:00,1948.78,1959.13,1948.29,1957.95,2229.0
2024-01-05 23:51:00,1957.65,1965.44,1956.8400000000001,1962.98,1226.0
2024-01-05 23:52:00,1960.79,1963.97,1960.75,1962.7,1240.0
2024-01-05 23:53:00,1961.25,1964.03,1961.0,1962.79,3479.0
2024-01-05 23:54:00,1963.2,1974.69,1962.83,1974.67,5776.0
2024-01-05 23:55:00,1974.21,1975.3700000000001,1973.69,1974.2,1735.0
2024-01-05 23:56:00,1974.98,1979.8500000000001,1973.53,1977.65,1429.0
2024-01-05 23:57:00,1978.55,1988.28,1978.3300000000002,1987.18,4179.0
2024-01-05 23:58:00,1987.67,1989.56,1987.24,1988.16,4672.0
2024-01-05 23:59:00,1988.1000000000001,1989.51,1981.22,1982.03,5707.0
